generic_name,dosage_form_raw,dosage_form_normalized,strength,route_of_administration,administration_instructions,device_category,exact_device_name,exact_device_verified,video_relevant,source_file,source_page,active
Amikacin,"Vial 100mg, 250mg, 500mg, 1000mg",injection,"100mg, 250mg, 500mg, 1000mg","IV, IM","IV, IM 
Pharmacologic 
category 
Antibiotic, Aminoglycoside 
ATC: J01GB06 
Indications 
Serious infections: Treatment of serious infections (eg, bone infections, respiratory tract",injection,,False,needs_review,egypt_antimicrobial_formulary_2023.pdf,13,True
Gentamicin,"Ampoule 20mg, 40mg, 80mg",injection,"20mg, 40mg, 80mg","IV, IM, Topical, Opthalmic","IV, IM, Topical, Opthalmic 
Pharmacologic 
category 
Antibiotic, Aminoglycoside 
Systemic ATC: J01GB03 
Ophthalmic ATC: S01AA11 
Topical: D06AX07",injection,,False,needs_review,egypt_antimicrobial_formulary_2023.pdf,17,True
Gentamicin,"Topical cream or ointment 0.1%, 0.3%",cream,"0.1%, 0.3%","IV, IM, Topical, Opthalmic","IV, IM, Topical, Opthalmic 
Pharmacologic 
category 
Antibiotic, Aminoglycoside 
Systemic ATC: J01GB03 
Ophthalmic ATC: S01AA11 
Topical: D06AX07",injection,,False,needs_review,egypt_antimicrobial_formulary_2023.pdf,17,True
Gentamicin,"Eye/ear Drops 0.3%, 5mg/ml",ear_drops,"0.3%, 5mg/ml","IV, IM, Topical, Opthalmic","IV, IM, Topical, Opthalmic 
Pharmacologic 
category 
Antibiotic, Aminoglycoside 
Systemic ATC: J01GB03 
Ophthalmic ATC: S01AA11 
Topical: D06AX07",otic,,False,needs_review,egypt_antimicrobial_formulary_2023.pdf,17,True
Gentamicin,"Eye/ Ear Ointment: 3mg/gm, 5mg/gm",ointment,"3mg/gm, 5mg/gm","IV, IM, Topical, Opthalmic","IV, IM, Topical, Opthalmic 
Pharmacologic 
category 
Antibiotic, Aminoglycoside 
Systemic ATC: J01GB03 
Ophthalmic ATC: S01AA11 
Topical: D06AX07",injection,,False,needs_review,egypt_antimicrobial_formulary_2023.pdf,17,True
Neomycin,"Tablets 350.000 I. U, 500 mg",tablet,500 mg,Oral,"Oral 
Pharmacologic 
category 
Ammonium Detoxicant; Antibiotic, Aminoglycoside 
ATC: A07AA01 
Indications 
Hepatic coma (portal-systemic encephalopathy): Adjunctive therapy in hepatic coma.",solid_oral,,False,false,egypt_antimicrobial_formulary_2023.pdf,23,True
Neomycin,Ophthalmic and topical preparations in combinations,ophthalmic_and_topical_preparations_in_combinations,,Oral,"Oral 
Pharmacologic 
category 
Ammonium Detoxicant; Antibiotic, Aminoglycoside 
ATC: A07AA01 
Indications 
Hepatic coma (portal-systemic encephalopathy): Adjunctive therapy in hepatic coma.",ophthalmic,,False,needs_review,egypt_antimicrobial_formulary_2023.pdf,23,True
Streptomycin,Vial (or Powder for injection): 1gm,injection,1gm,"IM 
Or oral in combinations","IM 
Or oral in combinations 
Pharmacologic 
category 
Antibiotic, Aminoglycoside; Antitubercular Agent 
ATC: Parentral: J01GA01  
 Oral: A07AA04",injection,,False,needs_review,egypt_antimicrobial_formulary_2023.pdf,26,True
Tobramycin,Ophthalmic ointment 0.3% (3 mg/gm) Ophthalmic solution 0.3%,eye_ointment,0.3% (3 mg/gm) Ophthalmic solution 0.3%,"Ophthalmic, Inhalation","Ophthalmic, Inhalation 
Pharmacologic 
category 
Antibiotic, Aminoglycoside 
Ophthalmic ATC: S01AA12 
Inhalation ATC: J01GB01 
Indications",inhaler,,False,needs_review,egypt_antimicrobial_formulary_2023.pdf,30,True
Tobramycin,Inhalation Solution  300 mg/5ml,nebulizer_solution,300 mg/5ml,"Ophthalmic, Inhalation","Ophthalmic, Inhalation 
Pharmacologic 
category 
Antibiotic, Aminoglycoside 
Ophthalmic ATC: S01AA12 
Inhalation ATC: J01GB01 
Indications",inhaler,,False,needs_review,egypt_antimicrobial_formulary_2023.pdf,30,True
Albendazole,"Suspension 200mg/5ml, 2 gm/100ml",oral_suspension,"200mg/5ml, 2 gm/100ml",Oral,"Oral 
Pharmacologic 
category 
Anthelmintic 
ATC: P02CA03 
Indications 
Treatment of cystic hydatid disease of the liver, lung, and peritoneum caused by the larval form of",oral_liquid,,False,needs_review,egypt_antimicrobial_formulary_2023.pdf,33,True
Albendazole,Tablets 400mg,tablet,400mg,Oral,"Oral 
Pharmacologic 
category 
Anthelmintic 
ATC: P02CA03 
Indications 
Treatment of cystic hydatid disease of the liver, lung, and peritoneum caused by the larval form of",solid_oral,,False,false,egypt_antimicrobial_formulary_2023.pdf,33,True
Diethylcarbamazine,"Tablets: 50mg, 100 mg",tablet,"50mg, 100 mg",Oral,"Oral 
Pharmacologic 
category 
Anthelmintic 
ATC: P02CB02 
Indications 
Loiasis: Treatment and prophylaxis of loiasis",solid_oral,,False,false,egypt_antimicrobial_formulary_2023.pdf,35,True
Ivermectin,"Tablet 3mg, 6mg",tablet,"3mg, 6mg","Oral, Topical","Oral, Topical 
Pharmacologic 
category 
Anthelmintic 
ATC:  
D11AX22 (Dermatologic) 
P02CF01 (Oral)",solid_oral,,False,false,egypt_antimicrobial_formulary_2023.pdf,37,True
Ivermectin,"Topical Lotion 5mg/gm, 10mg/1gm",lotion,"5mg/gm, 10mg/1gm","Oral, Topical","Oral, Topical 
Pharmacologic 
category 
Anthelmintic 
ATC:  
D11AX22 (Dermatologic) 
P02CF01 (Oral)",other,,False,false,egypt_antimicrobial_formulary_2023.pdf,37,True
Ivermectin,Topical cream 10mg/1gm,cream,10mg/1gm,"Oral, Topical","Oral, Topical 
Pharmacologic 
category 
Anthelmintic 
ATC:  
D11AX22 (Dermatologic) 
P02CF01 (Oral)",other,,False,false,egypt_antimicrobial_formulary_2023.pdf,37,True
Levamisole,Syrup: 0.8% (40mg/5ml),oral_syrup,0.8% (40mg/5ml),Oral,"Oral 
Pharmacologic 
category 
Anthelmintic 
ATC: P02CE01 
 
Indications",oral_liquid,,False,needs_review,egypt_antimicrobial_formulary_2023.pdf,40,True
Levamisole,Tablet: 40mg,tablet,40mg,Oral,"Oral 
Pharmacologic 
category 
Anthelmintic 
ATC: P02CE01 
 
Indications",solid_oral,,False,false,egypt_antimicrobial_formulary_2023.pdf,40,True
Mebendazole,Oral suspension: 100mg/5ml,oral_suspension,100mg/5ml,Oral,"Oral 
Pharmacologic 
category 
Anthelmintic 
ATC: P02CA01 
Indications 
Intestinal nematode infection: Treatment of patients ≥2 years of age with GI infections.",oral_liquid,,False,needs_review,egypt_antimicrobial_formulary_2023.pdf,42,True
Mebendazole,"Tablets: 100mg, 500mg",tablet,"100mg, 500mg",Oral,"Oral 
Pharmacologic 
category 
Anthelmintic 
ATC: P02CA01 
Indications 
Intestinal nematode infection: Treatment of patients ≥2 years of age with GI infections.",solid_oral,,False,false,egypt_antimicrobial_formulary_2023.pdf,42,True
Niclosamide,Chewable Tablets 500mg,chewable_tablet,500mg,Oral,"Oral 
Pharmacologic
category 
Anthelmintic 
ATC: P02DA01 
Indications 
Tapeworm infections: Treatment of intestinal tapeworm infections caused by Taenia saginata",solid_oral,,False,false,egypt_antimicrobial_formulary_2023.pdf,43,True
Praziquantel,Tablet 600mg,tablet,600mg,Oral,"Oral 
Pharmacologic 
category 
Anthelmintic 
ATC: P02BA01 
Indications 
Helminths: Treatment of infections in patients ≥1 year caused by the following: All species",solid_oral,,False,false,egypt_antimicrobial_formulary_2023.pdf,45,True
Praziquantel,Suspension 1.8gm/15ml,oral_suspension,1.8gm/15ml,Oral,"Oral 
Pharmacologic 
category 
Anthelmintic 
ATC: P02BA01 
Indications 
Helminths: Treatment of infections in patients ≥1 year caused by the following: All species",oral_liquid,,False,needs_review,egypt_antimicrobial_formulary_2023.pdf,45,True
Pyrantel,Oral Suspension: 250 mg/5ml,oral_suspension,250 mg/5ml,Oral,"Oral 
Pharmacologic 
category 
Anthelmintic 
ATC: P02CC01 
Indications 
Enterobiasis (pinworm): Treatment of pinworms caused by Enterobius vermicularis",oral_liquid,,False,needs_review,egypt_antimicrobial_formulary_2023.pdf,47,True
Triclabendazole,Scored Tablets 250mg,tablet,250mg,Oral,"Oral 
Pharmacologic 
category  
Anthelmintic 
ATC: P02BX04 
Indications 
Fascioliasis: Treatment of fascioliasis in patients ≥6 years of age",solid_oral,,False,false,egypt_antimicrobial_formulary_2023.pdf,48,True
Amphotericin B,Vial 50 mg/15ml,injection,50 mg/15ml,IV,"IV 
Pharmacologic 
category  
Antifungal Agent, Parenteral 
ATC:  J02AA01 
Indications 
Fungal infection, invasive: Treatment of patients with progressive, potentially life-threatening",injection,,False,needs_review,egypt_antimicrobial_formulary_2023.pdf,49,True
Anidulafungin,Vial 100mg,injection,100mg,IV,"IV 
Pharmacologic 
category 
Antifungal Agent, Parenteral; Echinocandin 
ATC: J02AX06 
Indications 
Candidemia, intra-abdominal or peritoneal candidiasis: Treatment of candidemia and other",injection,,False,needs_review,egypt_antimicrobial_formulary_2023.pdf,52,True
Caspofungin,"Vial 50mg, 70mg",injection,"50mg, 70mg",IV,"IV 
Pharmacological 
category 
Antifungal Agent, Parenteral; Echinocandin 
ATC: J02AX04 
Indications 
Aspergillosis, invasive: Treatment of invasive aspergillosis in patients ≥3 months of age who are",injection,,False,needs_review,egypt_antimicrobial_formulary_2023.pdf,54,True
Flubendazole,Tablets 100mg,tablet,100mg,Oral,"Oral 
Pharmacologic 
category 
Anthelmintics 
ATC: P02CA05 
Indications 
For treatment of enterobiasis",solid_oral,,False,false,egypt_antimicrobial_formulary_2023.pdf,57,True
Flubendazole,Oral suspension: 100mg/5ml,oral_suspension,100mg/5ml,Oral,"Oral 
Pharmacologic 
category 
Anthelmintics 
ATC: P02CA05 
Indications 
For treatment of enterobiasis",oral_liquid,,False,needs_review,egypt_antimicrobial_formulary_2023.pdf,57,True
Fluconazole,"Capsule 50mg, 150mg, 200mg",capsule,"50mg, 150mg, 200mg","IV, Oral","IV, Oral 
Pharmacologic 
category 
Antifungal Agent, Azole Derivative 
ATC : J02AC01 
Indications 
Treatment of candidiasis (esophageal, oropharyngeal, peritoneal, urinary tract, vaginal);",injection,,False,needs_review,egypt_antimicrobial_formulary_2023.pdf,58,True
Fluconazole,"Oral Syrup (or powder for oral suspension) 25mg/5ml, 50mg/5ml, 200mg/5ml",oral_suspension,"25mg/5ml, 50mg/5ml, 200mg/5ml","IV, Oral","IV, Oral 
Pharmacologic 
category 
Antifungal Agent, Azole Derivative 
ATC : J02AC01 
Indications 
Treatment of candidiasis (esophageal, oropharyngeal, peritoneal, urinary tract, vaginal);",oral_liquid,,False,needs_review,egypt_antimicrobial_formulary_2023.pdf,58,True
Fluconazole,"Vial (2mg/ml) 50mg, 100mg, 200mg",injection,"2mg/ml) 50mg, 100mg, 200mg","IV, Oral","IV, Oral 
Pharmacologic 
category 
Antifungal Agent, Azole Derivative 
ATC : J02AC01 
Indications 
Treatment of candidiasis (esophageal, oropharyngeal, peritoneal, urinary tract, vaginal);",injection,,False,needs_review,egypt_antimicrobial_formulary_2023.pdf,58,True
Griseofulvin,Oral Suspension 125mg/5ml,oral_suspension,125mg/5ml,"Oral, Topical","Oral, Topical 
Pharmacologic 
category 
Antifungal Agent 
ATC (oral): D01BA01 
ATC (Systemic): D01AA08 
Indications",oral_liquid,,False,needs_review,egypt_antimicrobial_formulary_2023.pdf,62,True
Griseofulvin,Tablets 125mg,tablet,125mg,"Oral, Topical","Oral, Topical 
Pharmacologic 
category 
Antifungal Agent 
ATC (oral): D01BA01 
ATC (Systemic): D01AA08 
Indications",solid_oral,,False,false,egypt_antimicrobial_formulary_2023.pdf,62,True
Griseofulvin,Topical Suspension 2.5gm/100ml,oral_suspension,2.5gm/100ml,"Oral, Topical","Oral, Topical 
Pharmacologic 
category 
Antifungal Agent 
ATC (oral): D01BA01 
ATC (Systemic): D01AA08 
Indications",oral_liquid,,False,needs_review,egypt_antimicrobial_formulary_2023.pdf,62,True
Itraconazole,Capsules 100mg,capsule,100mg,Oral,"Oral 
Pharmacologic 
category 
Antifungal Agent, Azole Derivative 
ATC: J02AC02 
Indications 
Aspergillosis (100 mg capsules): Treatment of pulmonary and extrapulmonary aspergillosis in",solid_oral,,False,false,egypt_antimicrobial_formulary_2023.pdf,64,True
Itraconazole,Syrup 10mg/ml,oral_syrup,10mg/ml,Oral,"Oral 
Pharmacologic 
category 
Antifungal Agent, Azole Derivative 
ATC: J02AC02 
Indications 
Aspergillosis (100 mg capsules): Treatment of pulmonary and extrapulmonary aspergillosis in",oral_liquid,,False,needs_review,egypt_antimicrobial_formulary_2023.pdf,64,True
Ketoconazole,Oral tablets 200 mg,tablet,200 mg,Oral,"Oral  
Pharmacologic 
category 
Antifungal Agent, Imidazole Derivative  
ATC (topical): D01AC08 
ATC (systemic): J02AB02 
Indications",solid_oral,,False,false,egypt_antimicrobial_formulary_2023.pdf,68,True
Ketoconazole,Topical Cream/ointment: 2 gm/100g,cream,2 gm/100g,Oral,"Oral  
Pharmacologic 
category 
Antifungal Agent, Imidazole Derivative  
ATC (topical): D01AC08 
ATC (systemic): J02AB02 
Indications",other,,False,false,egypt_antimicrobial_formulary_2023.pdf,68,True
Micafungin,Powder for Solution for I.V Infusion: 50mg,iv_infusion,50mg,I.V infusion,"I.V infusion  
Pharmacologic 
category
 
Antifungal Agent, Parenteral; Echinocandin 
ATC: J02AX05 
Indications",injection,,False,needs_review,egypt_antimicrobial_formulary_2023.pdf,72,True
Nystatin,Oral drops (suspension): 100000IU/ml,oral_suspension,100000IU/ml,Oral Topical,"Oral Topical 
Pharmacologic 
action 
Antifungal Agent, Oral Nonabsorbed/Partially Absorbed 
ATC (oral): A07AA02 
ATC (Topical): D01AA01 
ATC (Vaginal): G01AA01",oral_liquid,,False,needs_review,egypt_antimicrobial_formulary_2023.pdf,75,True
Nystatin,Cream 10MIU,cream,,Oral Topical,"Oral Topical 
Pharmacologic 
action 
Antifungal Agent, Oral Nonabsorbed/Partially Absorbed 
ATC (oral): A07AA02 
ATC (Topical): D01AA01 
ATC (Vaginal): G01AA01",other,,False,false,egypt_antimicrobial_formulary_2023.pdf,75,True
Nystatin,Vaginal suppository 100000IU,suppository,100000IU,Oral Topical,"Oral Topical 
Pharmacologic 
action 
Antifungal Agent, Oral Nonabsorbed/Partially Absorbed 
ATC (oral): A07AA02 
ATC (Topical): D01AA01 
ATC (Vaginal): G01AA01",rectal,,False,needs_review,egypt_antimicrobial_formulary_2023.pdf,75,True
Voriconazole,"Tablets 50mg, 200mg",tablet,"50mg, 200mg","Oral, IV","Oral, IV 
Pharmacologic 
category 
Antifungal Agent, Azole Derivative; 
ATC: J02AC03 
Indications 
Treatment of fungal infections in patients ≥2 years of age: Treatment of invasive aspergillosis;",injection,,False,needs_review,egypt_antimicrobial_formulary_2023.pdf,77,True
Voriconazole,Vial 200mg,injection,200mg,"Oral, IV","Oral, IV 
Pharmacologic 
category 
Antifungal Agent, Azole Derivative; 
ATC: J02AC03 
Indications 
Treatment of fungal infections in patients ≥2 years of age: Treatment of invasive aspergillosis;",injection,,False,needs_review,egypt_antimicrobial_formulary_2023.pdf,77,True
Voriconazole,Oral suspension 40mg,oral_suspension,40mg,"Oral, IV","Oral, IV 
Pharmacologic 
category 
Antifungal Agent, Azole Derivative; 
ATC: J02AC03 
Indications 
Treatment of fungal infections in patients ≥2 years of age: Treatment of invasive aspergillosis;",oral_liquid,,False,needs_review,egypt_antimicrobial_formulary_2023.pdf,77,True
Posaconazole,Oral Suspension: 200 mg/5ml,oral_suspension,200 mg/5ml,"Oral, IV","Oral, IV 
Pharmacologic
al category 
Antifungal Agent, Azole Derivative 
ATC: J02AC04 
Indications 
Aspergillosis, invasive: injection (patients ≥13 years of age): Treatment of invasive aspergillosis.",oral_liquid,,False,needs_review,egypt_antimicrobial_formulary_2023.pdf,83,True
Posaconazole,Solution for slow I.V. Infusion: 300 mg/16.7ml,iv_infusion,300 mg/16.7ml,"Oral, IV","Oral, IV 
Pharmacologic
al category 
Antifungal Agent, Azole Derivative 
ATC: J02AC04 
Indications 
Aspergillosis, invasive: injection (patients ≥13 years of age): Treatment of invasive aspergillosis.",injection,,False,needs_review,egypt_antimicrobial_formulary_2023.pdf,83,True
Artemether and lumefantrine,Tablet: 20 mg + 120 mg,tablet,20 mg + 120 mg,Oral,"Oral 
Pharmacological 
category 
Antimalarial Agent 
ATC: P01BF01 
Indications 
Malaria, treatment: Treatment of acute, uncomplicated malaria infections due to",solid_oral,,False,false,egypt_antimicrobial_formulary_2023.pdf,88,True
Artesunate,Tablet: 50 mg,tablet,50 mg,Oral,"Oral 
Pharmacologic 
category 
 -Antimalarial Agent 
 -Artemisinin Derivative 
ATC: P01BE03 
Indications",solid_oral,,False,false,egypt_antimicrobial_formulary_2023.pdf,91,True
Artesunate and amodiaquine,Tablets 50mg/200mg,tablet,50mg/200mg,Oral,"Oral 
Pharmacologic 
category 
Aminoquinoline (Antimalarial); Antimalarial Agent; Artemisinin Derivative 
ATC: P01BF03 
Indications 
Malaria: Treatment of uncomplicated malaria due to susceptible strains of Plasmodium",solid_oral,,False,false,egypt_antimicrobial_formulary_2023.pdf,93,True
Chloroquine,Suspension: 80 mg/5 ml,oral_suspension,80 mg/5 ml,Oral,"Oral 
Pharmacologic 
category 
Antimalarial Agent, Aminoquinoline (Antimalarial)  
ATC: P01BA01 
Indications 
-Malaria Treatment: treatment of uncomplicated malaria due to susceptible strains of",oral_liquid,,False,needs_review,egypt_antimicrobial_formulary_2023.pdf,95,True
Chloroquine,Tablet: 250 mg,tablet,250 mg,Oral,"Oral 
Pharmacologic 
category 
Antimalarial Agent, Aminoquinoline (Antimalarial)  
ATC: P01BA01 
Indications 
-Malaria Treatment: treatment of uncomplicated malaria due to susceptible strains of",solid_oral,,False,false,egypt_antimicrobial_formulary_2023.pdf,95,True
Chloroquine,Injection: 200 mg/5ml,injection,200 mg/5ml,Oral,"Oral 
Pharmacologic 
category 
Antimalarial Agent, Aminoquinoline (Antimalarial)  
ATC: P01BA01 
Indications 
-Malaria Treatment: treatment of uncomplicated malaria due to susceptible strains of",injection,,False,needs_review,egypt_antimicrobial_formulary_2023.pdf,95,True
Hydroxychloroquine,Tablets 200mg,tablet,200mg,Oral,"Oral 
Pharmacologic 
category 
Aminoquinoline (Antimalarial); Antimalarial Agent 
ATC: P01BA02  
Indications 
Lupus erythematosus: Treatment of chronic discoid erythematosus and systemic lupus",solid_oral,,False,false,egypt_antimicrobial_formulary_2023.pdf,99,True
Mefloquine,Tablet: 250 mg,tablet,250 mg,Oral,"Oral 
Pharmacologic 
category 
Antimalarial Agent 
ATC: P01BC02 
Indications 
-Malaria prophylaxis: Prophylaxis of Plasmodium falciparum and Plasmodium vivax malaria",solid_oral,,False,false,egypt_antimicrobial_formulary_2023.pdf,102,True
Pyrimethamine,Pyrimethamine 25 mg tablets,pyrimethamine,25 mg tablets,Oral,"Oral 
Pharmacologic 
category 
Antimalarial Agent 
ATC: P01BD01 
Indications 
Toxoplasmosis (in combination with a sulfonamide).",other,,False,false,egypt_antimicrobial_formulary_2023.pdf,105,True
Sulfadoxine and Pyrimethamine,Tablet: Sulfadoxine 500 mg; Pyrimethamine 25 mg,tablet,Sulfadoxine 500 mg; Pyrimethamine 25 mg,Oral,"Oral 
Pharmacologic 
category 
Antimalarial Agent 
ATC: P01BD51 
Indications 
Short-term prophylaxis and treatment of uncomplicated Plasmodium falciparum malaria,",solid_oral,,False,false,egypt_antimicrobial_formulary_2023.pdf,107,True
Abacavir,Tablet: 300 mg,tablet,300 mg,oral,"oral 
Pharmacologic 
category 
Nucleoside reverse transcriptase inhibitor(NRTI) 
ATC: J05AF06 
 
Indications",solid_oral,,False,false,egypt_antimicrobial_formulary_2023.pdf,110,True
Lamivudine,"Tablets 100mg, 150mg",tablet,"100mg, 150mg",oral,"oral 
Pharmacologic 
category 
Antihepadnaviral, Reverse Transcriptase Inhibitor, Nucleoside (Anti-HBV); Antiretroviral, 
Reverse Transcriptase Inhibitor, Nucleoside (Anti-HIV) 
ATC: J05AF05 
Indications",solid_oral,,False,false,egypt_antimicrobial_formulary_2023.pdf,113,True
Tenofovir Disoproxil fumarate,Tablets 245 mg,tablet,245 mg,Oral,"Oral  
Pharmacologic
al category 
Reverse Transcriptase Inhibitor; Antihepadnaviral, Nucleotide (Anti-HBV); Antiretroviral, 
Nucleotide (Anti-HIV) 
ATC: J05AF07 
Indications",solid_oral,,False,false,egypt_antimicrobial_formulary_2023.pdf,117,True
Zidovudine,"Capsule 100 mg,250mg",capsule,"100 mg,250mg",Oral,"Oral 
Pharmacologic 
category 
Antiretroviral, Reverse Transcriptase Inhibitor, Nucleoside (Anti-HIV) 
ATC: J05AF01 
Indications 
Treatment of HIV-1 infection in combination with other antiretroviral agents",solid_oral,,False,false,egypt_antimicrobial_formulary_2023.pdf,120,True
Zidovudine,Tablet: 300 mg,tablet,300 mg,Oral,"Oral 
Pharmacologic 
category 
Antiretroviral, Reverse Transcriptase Inhibitor, Nucleoside (Anti-HIV) 
ATC: J05AF01 
Indications 
Treatment of HIV-1 infection in combination with other antiretroviral agents",solid_oral,,False,false,egypt_antimicrobial_formulary_2023.pdf,120,True
Nevirapine,Tablet:200 mg,tablet,200 mg,Oral,"Oral 
Pharmacologic 
category 
Antiretroviral, Reverse Transcriptase Inhibitor, Non-nucleoside (Anti-HIV) 
ATC: J05AG01 
Indications 
Treatment of HIV-1, in combination therapy with other antiretroviral agents, in adults and",solid_oral,,False,false,egypt_antimicrobial_formulary_2023.pdf,122,True
Efavirenz,"Tablets , capsules : 200mg , 600 mg",tablet,"200mg , 600 mg",Oral,"Oral 
Pharmacologic 
category 
Antiretroviral, Reverse Transcriptase Inhibitor, Non-nucleoside (Anti-HIV) 
ATC: J05AG03 
Indications 
HIV-1 infection: Treatment of HIV-1 infection in combination with other antiretroviral agents",solid_oral,,False,false,egypt_antimicrobial_formulary_2023.pdf,124,True
Atazanavir,"Capsules: 100 mg, 150 mg, 200 mg",capsule,"100 mg, 150 mg, 200 mg",Oral,"Oral 
Pharmacologic 
category 
Antiretroviral, Protease Inhibitor (Anti-HIV) 
ATC: J05AE08 
Indications 
Treatment of HIV-1 infections in combination with other antiviral drugs in patients ≥3 months",solid_oral,,False,false,egypt_antimicrobial_formulary_2023.pdf,127,True
Lopinavir/Ritonavir,"Solution, oral: Lopinavir 80 mg and ritonavir 20 mg per 1 mL",solution_oral,Lopinavir 80 mg and ritonavir 20 mg per 1 mL,Oral,"Oral 
Pharmacologic 
category 
Antiretroviral, Protease Inhibitor (Anti-HIV) 
 
Indications 
Treatment of HIV-1 infection in adults and pediatric patients 14 days and older in combination",other,,False,false,egypt_antimicrobial_formulary_2023.pdf,129,True
Lopinavir/Ritonavir,Tablet: Lopinavir 200 mg and ritonavir 50 mg,tablet,Lopinavir 200 mg and ritonavir 50 mg,Oral,"Oral 
Pharmacologic 
category 
Antiretroviral, Protease Inhibitor (Anti-HIV) 
 
Indications 
Treatment of HIV-1 infection in adults and pediatric patients 14 days and older in combination",solid_oral,,False,false,egypt_antimicrobial_formulary_2023.pdf,129,True
Darunavir/ritonavir,"Suspension, Oral: 100 mg/mL (200 mL)",oral_suspension,100 mg/mL (200 mL),Oral,"Oral 
Pharmacologic 
category 
Antiretroviral, Protease Inhibitor (Anti-HIV). Binds to the site of HIV-1 protease activity. This 
results in the formation of immature, noninfectious viral particles. 
ATC: J05AR26 
Indications",oral_liquid,,False,needs_review,egypt_antimicrobial_formulary_2023.pdf,132,True
Darunavir/ritonavir,"Tablet, Oral: 75 mg, 150 mg ,600 mg, 800 mg",tablet,"75 mg, 150 mg ,600 mg, 800 mg",Oral,"Oral 
Pharmacologic 
category 
Antiretroviral, Protease Inhibitor (Anti-HIV). Binds to the site of HIV-1 protease activity. This 
results in the formation of immature, noninfectious viral particles. 
ATC: J05AR26 
Indications",solid_oral,,False,false,egypt_antimicrobial_formulary_2023.pdf,132,True
Dolutegravir,Film Coated Tablets: 50 mg,tablet,50 mg,Oral,"Oral 
Pharmacologic 
category 
Antiretroviral, Integrase Inhibitor (Anti-HIV) 
ATC: J05AX12 
Indications 
Treatment of HIV-1 infection in combination with other antiretroviral agents for treatment",solid_oral,,False,false,egypt_antimicrobial_formulary_2023.pdf,135,True
Raltegravir,"Tablet, Oral:100 mg ,400mg, 600 mg",tablet,"100 mg ,400mg, 600 mg",Oral,"Oral 
Pharmacologic 
category 
Antiretroviral, Integrase Inhibitor (Anti-HIV) 
ATC: J05AX08 
 
Indications",solid_oral,,False,false,egypt_antimicrobial_formulary_2023.pdf,137,True
Raltegravir,"Sachets, chewable tablets : 25 mg",chewable_tablet,25 mg,Oral,"Oral 
Pharmacologic 
category 
Antiretroviral, Integrase Inhibitor (Anti-HIV) 
ATC: J05AX08 
 
Indications",solid_oral,,False,false,egypt_antimicrobial_formulary_2023.pdf,137,True
Ethambutol,Tablets 500mg,tablet,500mg,Oral,"Oral 
Pharmacologic
al action 
Antitubercular Agent 
ATC: J04AK02 
Indications 
Tuberculosis: Treatment of pulmonary tuberculosis in conjunction with other antituberculosis",solid_oral,,False,false,egypt_antimicrobial_formulary_2023.pdf,139,True
"Ethambutol , Isoniazid, Rifampicin and Pyrazinamide",Tablets: Ethambutol 275 mg ; Rifampicin 150mg ; Isoniazid 75 mg ; Pyrazinamide 400,tablet,Ethambutol 275 mg ; Rifampicin 150mg ; Isoniazid 75 mg ; Pyrazinamide 400,Oral,"Oral 
Pharmacologic 
action 
Antibacterial (antimycobacterial) 
ATC: J04AM06 
Indications 
used to treat tuberculosis (TB) in adults and children at least 15 years old.",solid_oral,,False,false,egypt_antimicrobial_formulary_2023.pdf,142,True
"Ethambutol , Isoniazid, Rifampicin and Pyrazinamide",mg,mg,,Oral,"Oral 
Pharmacologic 
action 
Antibacterial (antimycobacterial) 
ATC: J04AM06 
Indications 
used to treat tuberculosis (TB) in adults and children at least 15 years old.",other,,False,false,egypt_antimicrobial_formulary_2023.pdf,142,True
Isoniazid,"Tablets: 50mg, 100mg, 200mg, 300mg",tablet,"50mg, 100mg, 200mg, 300mg",Oral,"Oral 
Pharmacologic
al action 
Antitubercular Agent 
ATC: J04AC01 
Indications 
Active tuberculosis infections: Treatment of susceptible active tuberculosis",solid_oral,,False,false,egypt_antimicrobial_formulary_2023.pdf,144,True
Pyrazinamide,Tablets 500mg,tablet,500mg,Oral,"Oral 
Pharmacologic 
category  
Antitubercular Agent 
ATC: J04AK01 
 
Indications",solid_oral,,False,false,egypt_antimicrobial_formulary_2023.pdf,147,True
Rifampicin,"Capsule 150mg, 300mg",capsule,"150mg, 300mg","Oral, IV","Oral, IV 
Pharmacologic 
category 
Antitubercular Agent; Rifamycin 
ATC: J04AB02 
Indications 
Meningococcal prophylaxis: Treatment of asymptomatic carriers of Neisseria meningitidis to",injection,,False,needs_review,egypt_antimicrobial_formulary_2023.pdf,149,True
Rifampicin,Oral Suspension 2% (100mg/5ml),oral_suspension,2% (100mg/5ml),"Oral, IV","Oral, IV 
Pharmacologic 
category 
Antitubercular Agent; Rifamycin 
ATC: J04AB02 
Indications 
Meningococcal prophylaxis: Treatment of asymptomatic carriers of Neisseria meningitidis to",oral_liquid,,False,needs_review,egypt_antimicrobial_formulary_2023.pdf,149,True
Rifampicin,Ampoule Lyophilized Powder 250mg,injection,250mg,"Oral, IV","Oral, IV 
Pharmacologic 
category 
Antitubercular Agent; Rifamycin 
ATC: J04AB02 
Indications 
Meningococcal prophylaxis: Treatment of asymptomatic carriers of Neisseria meningitidis to",injection,,False,needs_review,egypt_antimicrobial_formulary_2023.pdf,149,True
Rifampicin+ Isoniazid,Capsule/Tablets: 300 Rifampicin + 150 Isoniazid,tablet,300 Rifampicin + 150 Isoniazid,Oral,"Oral 
Pharmacologic 
category 
Antibiotic, Miscellaneous 
ATC: J04AM02 
Indications 
Management of active tuberculosis, see individual agents for additional information",solid_oral,,False,false,egypt_antimicrobial_formulary_2023.pdf,153,True
Acyclovir,"Tablet 400mg, 800mg",tablet,"400mg, 800mg","Oral, Topical, IV, ophthalmic","Oral, Topical, IV, ophthalmic 
 
Pharmacologic 
action 
Antiviral 
ATC (Topical): D06BB03 
ATC (systemic): J05AB01",ophthalmic,,False,needs_review,egypt_antimicrobial_formulary_2023.pdf,156,True
Acyclovir,Capsule 200mg,capsule,200mg,"Oral, Topical, IV, ophthalmic","Oral, Topical, IV, ophthalmic 
 
Pharmacologic 
action 
Antiviral 
ATC (Topical): D06BB03 
ATC (systemic): J05AB01",ophthalmic,,False,needs_review,egypt_antimicrobial_formulary_2023.pdf,156,True
Acyclovir,"Suspension 200mg/5ml, 400mg/5ml",oral_suspension,"200mg/5ml, 400mg/5ml","Oral, Topical, IV, ophthalmic","Oral, Topical, IV, ophthalmic 
 
Pharmacologic 
action 
Antiviral 
ATC (Topical): D06BB03 
ATC (systemic): J05AB01",ophthalmic,,False,needs_review,egypt_antimicrobial_formulary_2023.pdf,156,True
Acyclovir,Cream 5%,cream,5%,"Oral, Topical, IV, ophthalmic","Oral, Topical, IV, ophthalmic 
 
Pharmacologic 
action 
Antiviral 
ATC (Topical): D06BB03 
ATC (systemic): J05AB01",ophthalmic,,False,needs_review,egypt_antimicrobial_formulary_2023.pdf,156,True
Acyclovir,"Vial 250mg, 500mg eye ointment 3%",injection,"250mg, 500mg eye ointment 3%","Oral, Topical, IV, ophthalmic","Oral, Topical, IV, ophthalmic 
 
Pharmacologic 
action 
Antiviral 
ATC (Topical): D06BB03 
ATC (systemic): J05AB01",ophthalmic,,False,needs_review,egypt_antimicrobial_formulary_2023.pdf,156,True
Adefovir Dipivoxil,Tablet 10 mg,tablet,10 mg,Oral,"Oral 
Pharmacologic 
category 
Antihepadnaviral, Reverse Transcriptase Inhibitor, Nucleotide (Anti-HBV) 
ATC: J05AF08 
Indications 
Treatment of chronic hepatitis B with evidence of active viral replication (based on persistent",solid_oral,,False,false,egypt_antimicrobial_formulary_2023.pdf,163,True
Daclatasvir,"Tablets 30mg, 60mg",tablet,"30mg, 60mg",Oral,"Oral 
Pharmacologic 
action 
Antihepaciviral, NS5A Inhibitor 
ATC: J05AP07 
Indications 
Chronic hepatitis C: Treatment of chronic hepatitis C virus (HCV) genotype 1 or",solid_oral,,False,false,egypt_antimicrobial_formulary_2023.pdf,166,True
Entecavir,"Tablets/capsules 0.5mg, 1mg",tablet,"0.5mg, 1mg",Oral,"Oral 
Pharmacologic 
action 
Antihepadnaviral, Reverse Transcriptase Inhibitor, Nucleoside (Anti-HBV) 
ATC: J05AF10 
Indications 
Chronic hepatitis B: Treatment of chronic hepatitis B virus (HBV) infection in adults and",solid_oral,,False,false,egypt_antimicrobial_formulary_2023.pdf,169,True
Entecavir,Oral solution 0.25mg/5ml (0.5mg/10ml),oral_solution,0.25mg/5ml (0.5mg/10ml),Oral,"Oral 
Pharmacologic 
action 
Antihepadnaviral, Reverse Transcriptase Inhibitor, Nucleoside (Anti-HBV) 
ATC: J05AF10 
Indications 
Chronic hepatitis B: Treatment of chronic hepatitis B virus (HBV) infection in adults and",other,,False,false,egypt_antimicrobial_formulary_2023.pdf,169,True
Famciclovir,"Tablets 125,250,500 mg",tablet,500 mg,Oral,"Oral  
Pharmacologic 
category 
Antiviral  
ATC: J05AB09 
Indications 
Treatment of acute herpes zoster (shingles) in immunocompetent patients",solid_oral,,False,false,egypt_antimicrobial_formulary_2023.pdf,172,True
Favipiravir,Tablets  200 mg,tablet,200 mg,Oral,"Oral  
Pharmacologic 
category 
Antiviral  
ATC: J05AX27 
Indications 
Coronavirus disease 2019 (COVID-19)",solid_oral,,False,false,egypt_antimicrobial_formulary_2023.pdf,175,True
Ganciclovir,Powder for injection:  500mg,injection,500mg,"IV,  IM, ophthalmic","IV,  IM, ophthalmic 
Pharmacologic 
action 
Antiviral Agent 
ATC (Systemic): J05AB06 
ATC (Ophthamic): S01AD09 
Indications",ophthalmic,,False,needs_review,egypt_antimicrobial_formulary_2023.pdf,176,True
Ganciclovir,Ophthalmic gel 1.5 mg/gm,gel,1.5 mg/gm,"IV,  IM, ophthalmic","IV,  IM, ophthalmic 
Pharmacologic 
action 
Antiviral Agent 
ATC (Systemic): J05AB06 
ATC (Ophthamic): S01AD09 
Indications",ophthalmic,,False,needs_review,egypt_antimicrobial_formulary_2023.pdf,176,True
Ganciclovir,Ophthalmic drops  0.150 gm/100g,eye_drops,0.150 gm/100g,"IV,  IM, ophthalmic","IV,  IM, ophthalmic 
Pharmacologic 
action 
Antiviral Agent 
ATC (Systemic): J05AB06 
ATC (Ophthamic): S01AD09 
Indications",ophthalmic,,False,needs_review,egypt_antimicrobial_formulary_2023.pdf,176,True
Lamivudine and Zidovudine,Tablets Lamivudine 150 mg ; Zidovudine 300 mg,tablet,150 mg ; Zidovudine 300 mg,Oral,"Oral 
Pharmacologic 
category 
Antiretroviral, Reverse Transcriptase Inhibitor, Nucleoside (Anti-HIV) 
ATC: J05AR01 
Indications 
HIV-1 infection, treatment: Treatment of HIV-1 infection in combination with other",solid_oral,,False,false,egypt_antimicrobial_formulary_2023.pdf,179,True
Ledipasvir and Sofosbuvir,"Tablets: Sofosbuvir 400 mg; Ledipasvir 90 mg, Sofosbuvir 400 mg; Ledipasvir 180 mg",tablet,"Sofosbuvir 400 mg; Ledipasvir 90 mg, Sofosbuvir 400 mg; Ledipasvir 180 mg",Oral,"Oral 
Pharmacologic 
action 
Antihepaciviral, Polymerase Inhibitor (Anti-HCV); NS5A Inhibitor  
ATC:  J05AP51 
Indications 
Chronic hepatitis C: Treatment of chronic hepatitis C virus genotype 1, 4, 5, or 6 infection in",solid_oral,,False,false,egypt_antimicrobial_formulary_2023.pdf,181,True
Ombitsavir + Papritaprevir + Ritonavir,Ritonavir 50 mg ; Ombitasvir 12.5 mg ; Papritaprevir 75 mg tablets,ritonavir,50 mg ; Ombitasvir 12.5 mg ; Papritaprevir 75 mg tablets,Oral,"Oral  
Pharmacologic 
category
 
Antiviral  
ATC: J05AP53 
Indications",other,,False,false,egypt_antimicrobial_formulary_2023.pdf,185,True
Oseltamivir,Capsule 75mg,capsule,75mg,Oral,"Oral 
Pharmacologic 
category 
Antiviral Agent; Neuraminidase Inhibitor 
ATC: J05AH02 
Indications 
Influenza, seasonal, prophylaxis: Prophylaxis of influenza (A or B) infection in patients ≥1",solid_oral,,False,false,egypt_antimicrobial_formulary_2023.pdf,188,True
Oseltamivir,Powder (or Granules) for Oral Suspension 12mg/ml,oral_suspension,12mg/ml,Oral,"Oral 
Pharmacologic 
category 
Antiviral Agent; Neuraminidase Inhibitor 
ATC: J05AH02 
Indications 
Influenza, seasonal, prophylaxis: Prophylaxis of influenza (A or B) infection in patients ≥1",oral_liquid,,False,needs_review,egypt_antimicrobial_formulary_2023.pdf,188,True
Ribavirin,"Capsule 200mg, 400mg",capsule,"200mg, 400mg",Oral,"Oral 
Pharmacologic 
category 
Antihepaciviral, Nucleoside (Anti-HCV) 
ATC: J05AP01 
Indications 
Hepatitis C virus infection, chronic: Ribavirin, in combination with direct-acting antivirals, is",solid_oral,,False,false,egypt_antimicrobial_formulary_2023.pdf,192,True
Ribavirin,"Tablets 200mg, 400mg, 500mg, 600mg",tablet,"200mg, 400mg, 500mg, 600mg",Oral,"Oral 
Pharmacologic 
category 
Antihepaciviral, Nucleoside (Anti-HCV) 
ATC: J05AP01 
Indications 
Hepatitis C virus infection, chronic: Ribavirin, in combination with direct-acting antivirals, is",solid_oral,,False,false,egypt_antimicrobial_formulary_2023.pdf,192,True
Ribavirin,Oral Syrup 100mg/5ml,oral_syrup,100mg/5ml,Oral,"Oral 
Pharmacologic 
category 
Antihepaciviral, Nucleoside (Anti-HCV) 
ATC: J05AP01 
Indications 
Hepatitis C virus infection, chronic: Ribavirin, in combination with direct-acting antivirals, is",oral_liquid,,False,needs_review,egypt_antimicrobial_formulary_2023.pdf,192,True
Simeprevir,Capsule 150 mg,capsule,150 mg,Oral,"Oral 
Pharmacologic 
category 
Antihepaciviral, NS3/4A Protease Inhibitor (Anti-HCV)  
ATC:  J05AP05 
Indications 
Chronic hepatitis C: Treatment of genotype 1 chronic hepatitis C in combination with",solid_oral,,False,false,egypt_antimicrobial_formulary_2023.pdf,198,True
Sofosbuvir,Tablets 400 mg,tablet,400 mg,Oral,"Oral 
Pharmacologic 
category 
Antihepaciviral, Polymerase Inhibitor (Anti-HCV); NS5B RNA Polymerase Inhibitor 
ATC:  J05AP08 
Indications 
Chronic hepatitis C: Treatment of genotype 1, 2, 3, or 4 chronic hepatitis C virus",solid_oral,,False,false,egypt_antimicrobial_formulary_2023.pdf,201,True
Sofosbuvir and Velpatasvir,Tablets: Sofosbuvir 400 mg ; velpatasvir 100 mg,tablet,Sofosbuvir 400 mg ; velpatasvir 100 mg,Oral,"Oral 
Pharmacologic 
category 
Antihepaciviral, NS5A Inhibitor; Antihepaciviral, Polymerase Inhibitor (Anti-HCV); NS5B RNA 
Polymerase Inhibitor 
ATC: J05AP55 
Indications",solid_oral,,False,false,egypt_antimicrobial_formulary_2023.pdf,204,True
"Sofosbuvir, Velpatasvir and Voxilaprevir",Tablet: Sofosbuvir 400 mg ; velpatasvir 100 mg ; Voxilaprevir 100 mg,tablet,Sofosbuvir 400 mg ; velpatasvir 100 mg ; Voxilaprevir 100 mg,Oral,"Oral 
Pharmacologic 
category
 
Antihepaciviral, Polymerase Inhibitor (Anti-HCV); NS3/4A Inhibitor; NS5A Inhibitor; NS5B RNA 
Polymerase Inhibitor 
ATC: J05AP56",solid_oral,,False,false,egypt_antimicrobial_formulary_2023.pdf,207,True
Tenofovir Alafenamide,Tablets: 25 mg,tablet,25 mg,Oral,"Oral 
Pharmacologic 
category
 
Antihepadnaviral, Reverse Transcriptase Inhibitor, Nucleotide (Anti-HBV) 
ATC: J05AF13 
Indications",solid_oral,,False,false,egypt_antimicrobial_formulary_2023.pdf,210,True
Valacyclovir,"Tablets 500mg, 1gm",tablet,"500mg, 1gm",Oral,"Oral 
Pharmacologic 
category 
Antiviral Agent, Oral 
ATC: J05AB11 
Indications 
Treatment of herpes zoster (shingles) in immunocompetent patients; treatment of first-",solid_oral,,False,false,egypt_antimicrobial_formulary_2023.pdf,212,True
Valganciclovir,Tablets 450mg,tablet,450mg,Oral,"Oral 
Pharmacologic 
category 
Antiviral Agent 
ATC: J05AB14 
Indications 
Cytomegalovirus, prophylaxis (solid organ transplant recipients):",solid_oral,,False,false,egypt_antimicrobial_formulary_2023.pdf,216,True
Ertapenem,Powder for injection: 1g,injection,1g,"IV, IM","IV, IM 
Pharmacologic 
category 
Antibiotic, Carbapenem 
ATC:  J01DH03 
Indications 
Intra-abdominal infection, complicated: For the treatment of complicated intra-abdominal",injection,,False,needs_review,egypt_antimicrobial_formulary_2023.pdf,220,True
Imipenem and Cilastatin,Powder for injection: 500/500mg,injection,500/500mg,IV,"IV 
Pharmacologic 
category 
Antibiotic, Carbapenem 
ATC: J01DH51 
Indications 
For treatment of:",injection,,False,needs_review,egypt_antimicrobial_formulary_2023.pdf,225,True
Meropenem,"Powder for injection: 500mg, 1gm",injection,"500mg, 1gm",IV,"IV 
Pharmacologic 
category 
Antibiotic, Carbapenem 
ATC: J01DH02 
Indications 
Intra-abdominal infections: Treatment of complicated appendicitis and peritonitis in adult and",injection,,False,needs_review,egypt_antimicrobial_formulary_2023.pdf,229,True
Cefadroxil,Tablets 1g,tablet,1g,Oral,"Oral 
Pharmacologic 
category 
Antibiotic, Cephalosporin (First Generation) 
ATC: J01DB05 
Indications 
Pharyngitis and/or tonsillitis: Treatment of pharyngitis and/or tonsillitis caused",solid_oral,,False,false,egypt_antimicrobial_formulary_2023.pdf,232,True
Cefadroxil,"Capsule 250mg, 500mg",capsule,"250mg, 500mg",Oral,"Oral 
Pharmacologic 
category 
Antibiotic, Cephalosporin (First Generation) 
ATC: J01DB05 
Indications 
Pharyngitis and/or tonsillitis: Treatment of pharyngitis and/or tonsillitis caused",solid_oral,,False,false,egypt_antimicrobial_formulary_2023.pdf,232,True
Cefadroxil,"Oral suspension 125mg/5ml, 250mg/5ml, 500mg/5ml",oral_suspension,"125mg/5ml, 250mg/5ml, 500mg/5ml",Oral,"Oral 
Pharmacologic 
category 
Antibiotic, Cephalosporin (First Generation) 
ATC: J01DB05 
Indications 
Pharyngitis and/or tonsillitis: Treatment of pharyngitis and/or tonsillitis caused",oral_liquid,,False,needs_review,egypt_antimicrobial_formulary_2023.pdf,232,True
Cefadroxil,Oral drops 100mg/ml,oral_drops,100mg/ml,Oral,"Oral 
Pharmacologic 
category 
Antibiotic, Cephalosporin (First Generation) 
ATC: J01DB05 
Indications 
Pharyngitis and/or tonsillitis: Treatment of pharyngitis and/or tonsillitis caused",oral_liquid,,False,needs_review,egypt_antimicrobial_formulary_2023.pdf,232,True
Cefazolin,"Vial 500mg, 1g",injection,"500mg, 1g","IV, IM","IV, IM 
Pharmacologic 
category 
First-generation cephalosporin antibacterial 
ATC:  J01DB04 
Indications 
Treatment of",injection,,False,needs_review,egypt_antimicrobial_formulary_2023.pdf,234,True
Cephalexin,"Oral suspension: 125mg/5ml, 250mg/5ml",oral_suspension,"125mg/5ml, 250mg/5ml","Oral , parentral","Oral , parentral 
Pharmacologic 
action 
Antibiotic, Cephalosporin (First Generation) 
ATC: J01DB01 
Indications 
Bone infections: Treatment of bone infections caused by Staphylococcus",oral_liquid,,False,needs_review,egypt_antimicrobial_formulary_2023.pdf,238,True
Cephalexin,"Tablets 250mg, 500mg, 1000mg",tablet,"250mg, 500mg, 1000mg","Oral , parentral","Oral , parentral 
Pharmacologic 
action 
Antibiotic, Cephalosporin (First Generation) 
ATC: J01DB01 
Indications 
Bone infections: Treatment of bone infections caused by Staphylococcus",solid_oral,,False,false,egypt_antimicrobial_formulary_2023.pdf,238,True
Cephalexin,"Capsule 250mg, 500mg",capsule,"250mg, 500mg","Oral , parentral","Oral , parentral 
Pharmacologic 
action 
Antibiotic, Cephalosporin (First Generation) 
ATC: J01DB01 
Indications 
Bone infections: Treatment of bone infections caused by Staphylococcus",solid_oral,,False,false,egypt_antimicrobial_formulary_2023.pdf,238,True
Cephalexin,"Vial 500mg, 1g",injection,"500mg, 1g","Oral , parentral","Oral , parentral 
Pharmacologic 
action 
Antibiotic, Cephalosporin (First Generation) 
ATC: J01DB01 
Indications 
Bone infections: Treatment of bone infections caused by Staphylococcus",injection,,False,needs_review,egypt_antimicrobial_formulary_2023.pdf,238,True
Cephradine,"Capsule 250mg, 500mg, 1g",capsule,"250mg, 500mg, 1g","Oral, IV, IM","Oral, IV, IM 
Pharmacologic 
action 
a first-generation cephalosporin antibacterial 
ATC:  J01DB09 
Indications 
Treatment of infections caused by susceptible Gram-positive and Gram-negative",injection,,False,needs_review,egypt_antimicrobial_formulary_2023.pdf,241,True
Cephradine,Tablets 1g,tablet,1g,"Oral, IV, IM","Oral, IV, IM 
Pharmacologic 
action 
a first-generation cephalosporin antibacterial 
ATC:  J01DB09 
Indications 
Treatment of infections caused by susceptible Gram-positive and Gram-negative",injection,,False,needs_review,egypt_antimicrobial_formulary_2023.pdf,241,True
Cephradine,"Oral suspension 125mg/5ml, 250mg/5ml",oral_suspension,"125mg/5ml, 250mg/5ml","Oral, IV, IM","Oral, IV, IM 
Pharmacologic 
action 
a first-generation cephalosporin antibacterial 
ATC:  J01DB09 
Indications 
Treatment of infections caused by susceptible Gram-positive and Gram-negative",oral_liquid,,False,needs_review,egypt_antimicrobial_formulary_2023.pdf,241,True
Cephradine,"Vial 250 mg, 500mg, 1g",injection,"250 mg, 500mg, 1g","Oral, IV, IM","Oral, IV, IM 
Pharmacologic 
action 
a first-generation cephalosporin antibacterial 
ATC:  J01DB09 
Indications 
Treatment of infections caused by susceptible Gram-positive and Gram-negative",injection,,False,needs_review,egypt_antimicrobial_formulary_2023.pdf,241,True
Cefaclor,"Oral suspension 125mg/5ml, 250mg/5ml, 375mg/5ml",oral_suspension,"125mg/5ml, 250mg/5ml, 375mg/5ml",Oral,"Oral 
Pharmacologic 
action 
Antibiotic, Cephalosporin (Second Generation) 
ATC: J01DC04 
Indications 
Treatment of",oral_liquid,,False,needs_review,egypt_antimicrobial_formulary_2023.pdf,243,True
Cefaclor,"Modified Release Tablet: 375mg, 500mg, 750mg",tablet,"375mg, 500mg, 750mg",Oral,"Oral 
Pharmacologic 
action 
Antibiotic, Cephalosporin (Second Generation) 
ATC: J01DC04 
Indications 
Treatment of",solid_oral,,False,false,egypt_antimicrobial_formulary_2023.pdf,243,True
Cefaclor,"Capsule 250mg, 500mg",capsule,"250mg, 500mg",Oral,"Oral 
Pharmacologic 
action 
Antibiotic, Cephalosporin (Second Generation) 
ATC: J01DC04 
Indications 
Treatment of",solid_oral,,False,false,egypt_antimicrobial_formulary_2023.pdf,243,True
Cefoxitin,"Powder for Solution for Injection: 1gm, 2gm",injection,"1gm, 2gm","IV, IM","IV, IM 
Pharmacologic 
category 
Antibiotic, Cephalosporin (Second Generation) 
ATC: J01DC01 
Indications 
Bacteremia/sepsis",injection,,False,needs_review,egypt_antimicrobial_formulary_2023.pdf,246,True
Cefprozil,"Tablets 250mg, 500mg",tablet,"250mg, 500mg",Oral,"Oral 
Pharmacologic 
action 
Second Generation Cephalosporin Antibiotic 
ATC: J01DC10 
Indications 
Acute bacterial exacerbation of chronic bronchitis: Treatment of mild to moderate acute",solid_oral,,False,false,egypt_antimicrobial_formulary_2023.pdf,249,True
Cefprozil,Powder for Oral Suspension 125 mg/5ml 250 mg/5ml,oral_suspension,125 mg/5ml 250 mg/5ml,Oral,"Oral 
Pharmacologic 
action 
Second Generation Cephalosporin Antibiotic 
ATC: J01DC10 
Indications 
Acute bacterial exacerbation of chronic bronchitis: Treatment of mild to moderate acute",oral_liquid,,False,needs_review,egypt_antimicrobial_formulary_2023.pdf,249,True
Cefuroxime,"Oral suspension 125mg/5ml, 250mg/5ml",oral_suspension,"125mg/5ml, 250mg/5ml","Oral, IV, IM","Oral, IV, IM 
Pharmacologic 
action 
Antibiotic, Cephalosporin (Second Generation) 
ATC:  J01DC02 
Indications 
Bone and joint infections (injection only)",oral_liquid,,False,needs_review,egypt_antimicrobial_formulary_2023.pdf,251,True
Cefuroxime,"Tablets 125mg, 250mg, 500mg, 1g",tablet,"125mg, 250mg, 500mg, 1g","Oral, IV, IM","Oral, IV, IM 
Pharmacologic 
action 
Antibiotic, Cephalosporin (Second Generation) 
ATC:  J01DC02 
Indications 
Bone and joint infections (injection only)",injection,,False,needs_review,egypt_antimicrobial_formulary_2023.pdf,251,True
Cefuroxime,"Powder for injection 250mg, 750mg, 1500mg",injection,"250mg, 750mg, 1500mg","Oral, IV, IM","Oral, IV, IM 
Pharmacologic 
action 
Antibiotic, Cephalosporin (Second Generation) 
ATC:  J01DC02 
Indications 
Bone and joint infections (injection only)",injection,,False,needs_review,egypt_antimicrobial_formulary_2023.pdf,251,True
Cefdinir,"Oral suspension: 125mg/5ml, 250mg/5ml",oral_suspension,"125mg/5ml, 250mg/5ml",Oral,"Oral  
Pharmacologic 
action 
Antibiotic, Cephalosporin (Third Generation) 
ATC: J01DD15 
Indications 
Chronic obstructive pulmonary disease, acute exacerbation: Treatment of acute",oral_liquid,,False,needs_review,egypt_antimicrobial_formulary_2023.pdf,254,True
Cefdinir,Capsule 300mg,capsule,300mg,Oral,"Oral  
Pharmacologic 
action 
Antibiotic, Cephalosporin (Third Generation) 
ATC: J01DD15 
Indications 
Chronic obstructive pulmonary disease, acute exacerbation: Treatment of acute",solid_oral,,False,false,egypt_antimicrobial_formulary_2023.pdf,254,True
Cefixime,"Oral suspension 100mg/5ml, 200mg/5ml",oral_suspension,"100mg/5ml, 200mg/5ml",Oral,"Oral 
Pharmacologic 
category 
Antibiotic, Cephalosporin (Third Generation) 
ATC: J01DD08 
Indications 
Acute Otitis Media (AOM)",oral_liquid,,False,needs_review,egypt_antimicrobial_formulary_2023.pdf,256,True
Cefixime,Tablets 200mg,tablet,200mg,Oral,"Oral 
Pharmacologic 
category 
Antibiotic, Cephalosporin (Third Generation) 
ATC: J01DD08 
Indications 
Acute Otitis Media (AOM)",solid_oral,,False,false,egypt_antimicrobial_formulary_2023.pdf,256,True
Cefixime,"Capsules 200mg, 400mg",capsule,"200mg, 400mg",Oral,"Oral 
Pharmacologic 
category 
Antibiotic, Cephalosporin (Third Generation) 
ATC: J01DD08 
Indications 
Acute Otitis Media (AOM)",solid_oral,,False,false,egypt_antimicrobial_formulary_2023.pdf,256,True
Cefpodoxime,"Oral Suspension: 50,100 mg/5 mL",oral_suspension,"50,100 mg/5 mL",Oral,"Oral 
Pharmacologic 
category 
Antibiotic, Cephalosporin (Third Generation) 
ATC: J01DD13 
Indications 
−",oral_liquid,,False,needs_review,egypt_antimicrobial_formulary_2023.pdf,258,True
Cefpodoxime,"Oral tablets 100, 200 mg",tablet,200 mg,Oral,"Oral 
Pharmacologic 
category 
Antibiotic, Cephalosporin (Third Generation) 
ATC: J01DD13 
Indications 
−",solid_oral,,False,false,egypt_antimicrobial_formulary_2023.pdf,258,True
Cefoperazone,"500 mg vial, 1 gm vial, 2gm",injection,,"Parenteral IV, IM","Parenteral IV, IM 
Pharmacologic 
category 
Third-generation cephalosporin antibacterial 
ATC: J01DD12 
Indications 
Respiratory Tract Infections",injection,,False,needs_review,egypt_antimicrobial_formulary_2023.pdf,262,True
Cefoperazone and Sulbactam,"Injection, powder for reconstitution: Cefoperazone 1000 mg ; Sulbactam 500 mg",injection,Cefoperazone 1000 mg ; Sulbactam 500 mg,"IV, IM","IV, IM 
Pharmacologic 
category 
Antibiotic, Cephalosporin 
ATC: J01DD62 
Indications 
Upper and lower respiratory tract infections",injection,,False,needs_review,egypt_antimicrobial_formulary_2023.pdf,265,True
Cefotaxime,"Vial 250 mg, 500 mg, 1 gm, 2gm",injection,"250 mg, 500 mg, 1 gm, 2gm","IV, IM","IV, IM 
Pharmacologic
al category 
Antibiotic, Cephalosporin (Third Generation) 
ATC: J01DD01 
Indications 
Treatment of:",injection,,False,needs_review,egypt_antimicrobial_formulary_2023.pdf,267,True
Ceftazidime,"Vial 250 mg , 500 mg, 1 gm, 2gm",injection,"250 mg , 500 mg, 1 gm, 2gm","IV, IM","IV, IM 
Pharmacologic 
category 
Antibiotic, Cephalosporin (Third Generation) 
ATC: J01DD02 
Indications 
Treatment of:",injection,,False,needs_review,egypt_antimicrobial_formulary_2023.pdf,270,True
Ceftazidime and Avibactam,Powder for injection:  2 g/0.5 g,injection,2 g/0.5 g,IV,"IV 
Pharmacologic 
action 
Cephalosporin Combination, Third Generation Cephalosporins 
ATC: J01DD52 
Indications 
Intra-abdominal infections, complicated: Treatment of complicated intra-abdominal infections",injection,,False,needs_review,egypt_antimicrobial_formulary_2023.pdf,273,True
Ceftriaxone,"Vial 250mg, 500 mg, 1 gm, 2gm",injection,"250mg, 500 mg, 1 gm, 2gm","IM, IV","IM, IV 
Pharmacologic 
category 
Antibiotic, Cephalosporin (Third Generation) 
ATC: J01DD04 
Indications 
Blood stream infection",injection,,False,needs_review,egypt_antimicrobial_formulary_2023.pdf,276,True
Cefepime,"Vial 500mg, 1g, 2g",injection,"500mg, 1g, 2g","Parentral (IM, IV)","Parentral (IM, IV) 
Pharmacologic 
action 
Antibiotic, Cephalosporin (Fourth Generation) 
ATC: J01DE01 
Indications 
Intra-abdominal infection: Treatment, in combination with metronidazole, of complicated intra-",injection,,False,needs_review,egypt_antimicrobial_formulary_2023.pdf,280,True
Ceftaroline fosamil,"Powder for Reconstitution for I.V. infusion: 400mg, 600mg",iv_infusion,"400mg, 600mg",IV,"IV 
Pharmacologic 
category 
Antibiotic, Cephalosporin (Fifth Generation) 
ATC: JO1DI02 
Indications 
effective in treating complicated skin and soft tissue infections and community-acquired",injection,,False,needs_review,egypt_antimicrobial_formulary_2023.pdf,283,True
Ceftolozane and Tazobactam,powder for solution Tazobactam 0.5 gm; Ceftolozane 1 gm,powder,0.5 gm; Ceftolozane 1 gm,IV,"IV 
Pharmacologic 
category 
Cephalosporin’s Combination  
ATC: J01DI54 
Indications 
** Not recommended for routine empiric use. Reserve use for patients with or at risk for certain",injection,,False,needs_review,egypt_antimicrobial_formulary_2023.pdf,287,True
Azithromycin,500 mg vial,injection,,"Parenteral, Oral, ophthalmic","Parenteral, Oral, ophthalmic 
Pharmacologic 
action 
Antibiotic, Macrolide 
Systemic ATC: J01FA10 
Opthalmic ATC: S01AA26 
Indications",ophthalmic,,False,needs_review,egypt_antimicrobial_formulary_2023.pdf,290,True
Azithromycin,"Tablets 500mg, 600mg, 1000mg",tablet,"500mg, 600mg, 1000mg","Parenteral, Oral, ophthalmic","Parenteral, Oral, ophthalmic 
Pharmacologic 
action 
Antibiotic, Macrolide 
Systemic ATC: J01FA10 
Opthalmic ATC: S01AA26 
Indications",ophthalmic,,False,needs_review,egypt_antimicrobial_formulary_2023.pdf,290,True
Azithromycin,"Capsules 250mg, 500mg",capsule,"250mg, 500mg","Parenteral, Oral, ophthalmic","Parenteral, Oral, ophthalmic 
Pharmacologic 
action 
Antibiotic, Macrolide 
Systemic ATC: J01FA10 
Opthalmic ATC: S01AA26 
Indications",ophthalmic,,False,needs_review,egypt_antimicrobial_formulary_2023.pdf,290,True
Azithromycin,"Suspension 100mg/5ml, 200mg/5ml, 2000mg/60ml, 2gm ER",oral_suspension,"100mg/5ml, 200mg/5ml, 2000mg/60ml, 2gm ER","Parenteral, Oral, ophthalmic","Parenteral, Oral, ophthalmic 
Pharmacologic 
action 
Antibiotic, Macrolide 
Systemic ATC: J01FA10 
Opthalmic ATC: S01AA26 
Indications",ophthalmic,,False,needs_review,egypt_antimicrobial_formulary_2023.pdf,290,True
Azithromycin,Eye drops 1%,eye_drops,1%,"Parenteral, Oral, ophthalmic","Parenteral, Oral, ophthalmic 
Pharmacologic 
action 
Antibiotic, Macrolide 
Systemic ATC: J01FA10 
Opthalmic ATC: S01AA26 
Indications",ophthalmic,,False,needs_review,egypt_antimicrobial_formulary_2023.pdf,290,True
Clarithromycin,"Tablets 250mg, 500mg, 500mg SR",tablet,"250mg, 500mg, 500mg SR","Oral, IV","Oral, IV 
Pharmacologic 
action 
Antibiotic, Macrolide 
ATC: J01FA09 
Indications 
Chronic obstructive pulmonary disease, acute exacerbation: Treatment of acute",injection,,False,needs_review,egypt_antimicrobial_formulary_2023.pdf,293,True
Clarithromycin,"Granules or powder for Oral Suspension 125mg/5ml, 250mg/5ml",oral_suspension,"125mg/5ml, 250mg/5ml","Oral, IV","Oral, IV 
Pharmacologic 
action 
Antibiotic, Macrolide 
ATC: J01FA09 
Indications 
Chronic obstructive pulmonary disease, acute exacerbation: Treatment of acute",oral_liquid,,False,needs_review,egypt_antimicrobial_formulary_2023.pdf,293,True
Clarithromycin,Powder for injection 500mg,injection,500mg,"Oral, IV","Oral, IV 
Pharmacologic 
action 
Antibiotic, Macrolide 
ATC: J01FA09 
Indications 
Chronic obstructive pulmonary disease, acute exacerbation: Treatment of acute",injection,,False,needs_review,egypt_antimicrobial_formulary_2023.pdf,293,True
Erythromycin,Topical gel/ointment/solution/lotion 2%,ointment,2%,"Oral, topical","Oral, topical 
Pharmacologic 
action 
Antibiotic, Macrolide 
Systemic ATC: J01FA01 
Topical ATC: D10AF02 
Indications",other,,False,false,egypt_antimicrobial_formulary_2023.pdf,297,True
Erythromycin,"Tablets 250mg, 500mg",tablet,"250mg, 500mg","Oral, topical","Oral, topical 
Pharmacologic 
action 
Antibiotic, Macrolide 
Systemic ATC: J01FA01 
Topical ATC: D10AF02 
Indications",solid_oral,,False,false,egypt_antimicrobial_formulary_2023.pdf,297,True
Erythromycin,"powder for orl Suspension 125mg/5ml, 200mg/5ml, 250mg/5ml, 400mg/5ml",oral_suspension,"125mg/5ml, 200mg/5ml, 250mg/5ml, 400mg/5ml","Oral, topical","Oral, topical 
Pharmacologic 
action 
Antibiotic, Macrolide 
Systemic ATC: J01FA01 
Topical ATC: D10AF02 
Indications",oral_liquid,,False,needs_review,egypt_antimicrobial_formulary_2023.pdf,297,True
Roxithromycin,"Tablets: 100mg, 150 mg, 300mg",tablet,"100mg, 150 mg, 300mg",Oral,"Oral 
Pharmacologic 
category 
 a semi-synthethic macrolide antibiotic 
ATC: J01FA06 
Indications 
used to treat various infections caused by bacteria such as:",solid_oral,,False,false,egypt_antimicrobial_formulary_2023.pdf,300,True
Spiramycin,"Tablets 1.5 MIU, 3MIU",tablet,,Oral,"Oral 
Pharmacologic 
category 
Antibiotic, Macrolide 
ATC: J01FA02 
Indications 
Treatment of infections of the respiratory tract, buccal cavity, skin and soft tissues due to",solid_oral,,False,false,egypt_antimicrobial_formulary_2023.pdf,302,True
Aztreonam,Powder for injection :1gm,injection,1gm,"IV, IM","IV, IM 
Pharmacologic 
category 
Antibiotic, Monobactam 
ATC: J01DF01 
 
Indications",injection,,False,needs_review,egypt_antimicrobial_formulary_2023.pdf,304,True
Chloramphenicol,Eye ointmint 1%,eye_ointmint,1%,Oral IV Topical Ophthalmic,"Oral IV Topical Ophthalmic 
Pharmacologic 
category 
Antibiotic, Miscellaneous 
ATC (Topical, dermatological): D06AX02  
ATC (Systemic): J01BA01  
ATC (Ophthalmic): S01AA01, S03AA08",ophthalmic,,False,needs_review,egypt_antimicrobial_formulary_2023.pdf,307,True
Chloramphenicol,Eye drops 0.5%,eye_drops,0.5%,Oral IV Topical Ophthalmic,"Oral IV Topical Ophthalmic 
Pharmacologic 
category 
Antibiotic, Miscellaneous 
ATC (Topical, dermatological): D06AX02  
ATC (Systemic): J01BA01  
ATC (Ophthalmic): S01AA01, S03AA08",ophthalmic,,False,needs_review,egypt_antimicrobial_formulary_2023.pdf,307,True
Chloramphenicol,Capsule 250mg,capsule,250mg,Oral IV Topical Ophthalmic,"Oral IV Topical Ophthalmic 
Pharmacologic 
category 
Antibiotic, Miscellaneous 
ATC (Topical, dermatological): D06AX02  
ATC (Systemic): J01BA01  
ATC (Ophthalmic): S01AA01, S03AA08",ophthalmic,,False,needs_review,egypt_antimicrobial_formulary_2023.pdf,307,True
Chloramphenicol,Ears drops 5%,ears_drops,5%,Oral IV Topical Ophthalmic,"Oral IV Topical Ophthalmic 
Pharmacologic 
category 
Antibiotic, Miscellaneous 
ATC (Topical, dermatological): D06AX02  
ATC (Systemic): J01BA01  
ATC (Ophthalmic): S01AA01, S03AA08",ophthalmic,,False,needs_review,egypt_antimicrobial_formulary_2023.pdf,307,True
Chloramphenicol,Oral Suspension 125 mg/5ml,oral_suspension,125 mg/5ml,Oral IV Topical Ophthalmic,"Oral IV Topical Ophthalmic 
Pharmacologic 
category 
Antibiotic, Miscellaneous 
ATC (Topical, dermatological): D06AX02  
ATC (Systemic): J01BA01  
ATC (Ophthalmic): S01AA01, S03AA08",ophthalmic,,False,needs_review,egypt_antimicrobial_formulary_2023.pdf,307,True
Chloramphenicol,Suppository 500mg,suppository,500mg,Oral IV Topical Ophthalmic,"Oral IV Topical Ophthalmic 
Pharmacologic 
category 
Antibiotic, Miscellaneous 
ATC (Topical, dermatological): D06AX02  
ATC (Systemic): J01BA01  
ATC (Ophthalmic): S01AA01, S03AA08",ophthalmic,,False,needs_review,egypt_antimicrobial_formulary_2023.pdf,307,True
Chloramphenicol,powder for injection 1g,injection,1g,Oral IV Topical Ophthalmic,"Oral IV Topical Ophthalmic 
Pharmacologic 
category 
Antibiotic, Miscellaneous 
ATC (Topical, dermatological): D06AX02  
ATC (Systemic): J01BA01  
ATC (Ophthalmic): S01AA01, S03AA08",ophthalmic,,False,needs_review,egypt_antimicrobial_formulary_2023.pdf,307,True
Clindamycin,"Capsules 150mg, 300mg, 600mg",capsule,"150mg, 300mg, 600mg",Oral IV IM intravaginal,"Oral IV IM intravaginal 
Pharmacologic 
category 
Antibiotic, Lincosamide 
ATC (Topical): D10AF01  
ATC (Gynecological): G01AA10  
ATC (systemic): J01FF01",injection,,False,needs_review,egypt_antimicrobial_formulary_2023.pdf,310,True
Clindamycin,"Topical solution 1%, 10mg/30ml",topical_solution,"1%, 10mg/30ml",Oral IV IM intravaginal,"Oral IV IM intravaginal 
Pharmacologic 
category 
Antibiotic, Lincosamide 
ATC (Topical): D10AF01  
ATC (Gynecological): G01AA10  
ATC (systemic): J01FF01",injection,,False,needs_review,egypt_antimicrobial_formulary_2023.pdf,310,True
Clindamycin,Topical jel or cream 1%,cream,1%,Oral IV IM intravaginal,"Oral IV IM intravaginal 
Pharmacologic 
category 
Antibiotic, Lincosamide 
ATC (Topical): D10AF01  
ATC (Gynecological): G01AA10  
ATC (systemic): J01FF01",injection,,False,needs_review,egypt_antimicrobial_formulary_2023.pdf,310,True
Clindamycin,Solution for injection 300mg 600mg,injection,300mg 600mg,Oral IV IM intravaginal,"Oral IV IM intravaginal 
Pharmacologic 
category 
Antibiotic, Lincosamide 
ATC (Topical): D10AF01  
ATC (Gynecological): G01AA10  
ATC (systemic): J01FF01",injection,,False,needs_review,egypt_antimicrobial_formulary_2023.pdf,310,True
Clindamycin,Vaginal ovules 100mg,vaginal_suppository,100mg,Oral IV IM intravaginal,"Oral IV IM intravaginal 
Pharmacologic 
category 
Antibiotic, Lincosamide 
ATC (Topical): D10AF01  
ATC (Gynecological): G01AA10  
ATC (systemic): J01FF01",rectal,,False,needs_review,egypt_antimicrobial_formulary_2023.pdf,310,True
Clindamycin,Vaginal cream2%,cream,2%,Oral IV IM intravaginal,"Oral IV IM intravaginal 
Pharmacologic 
category 
Antibiotic, Lincosamide 
ATC (Topical): D10AF01  
ATC (Gynecological): G01AA10  
ATC (systemic): J01FF01",injection,,False,needs_review,egypt_antimicrobial_formulary_2023.pdf,310,True
Colistimethate,Powder for solution for injection or for nebulizer solution 1MIU,nebulizer_solution,,"Parentral, Oral","Parentral, Oral 
Pharmacologic 
category 
Antibiotic, Miscellaneous 
ATC: J01XB01  
Indications 
Treatment of acute or chronic infections due to sensitive strains of certain gram-negative bacilli",inhaler,,False,needs_review,egypt_antimicrobial_formulary_2023.pdf,314,True
Colistimethate,"Powder for oral solution 50000IU/ml, 750000 I.U./15ml",oral_solution,"50000IU/ml, 750000 I.U./15ml","Parentral, Oral","Parentral, Oral 
Pharmacologic 
category 
Antibiotic, Miscellaneous 
ATC: J01XB01  
Indications 
Treatment of acute or chronic infections due to sensitive strains of certain gram-negative bacilli",other,,False,false,egypt_antimicrobial_formulary_2023.pdf,314,True
Colistimethate,Tablets 1.5 MIU,tablet,,"Parentral, Oral","Parentral, Oral 
Pharmacologic 
category 
Antibiotic, Miscellaneous 
ATC: J01XB01  
Indications 
Treatment of acute or chronic infections due to sensitive strains of certain gram-negative bacilli",solid_oral,,False,false,egypt_antimicrobial_formulary_2023.pdf,314,True
Dapsone,"Tablets 50mg, 100mg Topical Gel 5%",tablet,"50mg, 100mg Topical Gel 5%","Oral, Topical","Oral, Topical 
Pharmacologic 
category 
Antibiotic, Miscellaneous 
ATC (Topical): D10AX05  
Atc (Systemic): J04BA02  
Indications",solid_oral,,False,false,egypt_antimicrobial_formulary_2023.pdf,317,True
Diloxanide,Tablets 500mg,tablet,500mg,oral,"oral 
Pharmacologic 
category 
Antiprotozoal (systemic) 
ATC: P01AC01 
Indications 
Treatment of intestinal amoebiasis. It is given alone in the treatment of asymptomatic cyst",solid_oral,,False,false,egypt_antimicrobial_formulary_2023.pdf,320,True
Doxycycline,Capsules 100mg,capsule,100mg,Oral,"Oral 
Pharmacologic 
category 
Antibiotic, Tetracycline Derivative 
ATC: J01AA02  
Indications 
Acne: Adjunctive therapy in severe acne.",solid_oral,,False,false,egypt_antimicrobial_formulary_2023.pdf,321,True
Doxycycline,"Tablets 50mg, 100mg, 200mg",tablet,"50mg, 100mg, 200mg",Oral,"Oral 
Pharmacologic 
category 
Antibiotic, Tetracycline Derivative 
ATC: J01AA02  
Indications 
Acne: Adjunctive therapy in severe acne.",solid_oral,,False,false,egypt_antimicrobial_formulary_2023.pdf,321,True
Fosfomycin,Granules for Oral Solution: 3gm,oral_solution,3gm,oral,"oral 
Pharmacologic 
category 
Antibiotic, Miscellaneous 
ATC: J01XX01 
Indications 
Cystitis, acute uncomplicated: Treatment of uncomplicated urinary tract infections (acute",other,,False,false,egypt_antimicrobial_formulary_2023.pdf,325,True
Lincomycin,Lincomycin 300 mg / ml ampoules,lincomycin,300 mg / ml ampoules,"I.V ,I.M","I.V ,I.M 
Pharmacologic 
category
 
Antibiotic, Lincosamide 
ATC: J01FF02 
Indications",other,,False,false,egypt_antimicrobial_formulary_2023.pdf,327,True
Linezolid,Oral suspension 100mg/5ml,oral_suspension,100mg/5ml,"IV, oral","IV, oral 
Pharmacologic 
category 
Antibiotic, Oxazolidinone 
ATC: J01XX08 
Indications 
Enterococcal infections (vancomycin-resistant): Treatment of vancomycin-",oral_liquid,,False,needs_review,egypt_antimicrobial_formulary_2023.pdf,329,True
Linezolid,"Tablets 200mg, 600mg",tablet,"200mg, 600mg","IV, oral","IV, oral 
Pharmacologic 
category 
Antibiotic, Oxazolidinone 
ATC: J01XX08 
Indications 
Enterococcal infections (vancomycin-resistant): Treatment of vancomycin-",injection,,False,needs_review,egypt_antimicrobial_formulary_2023.pdf,329,True
Linezolid,Vial 600mg,injection,600mg,"IV, oral","IV, oral 
Pharmacologic 
category 
Antibiotic, Oxazolidinone 
ATC: J01XX08 
Indications 
Enterococcal infections (vancomycin-resistant): Treatment of vancomycin-",injection,,False,needs_review,egypt_antimicrobial_formulary_2023.pdf,329,True
Metronidazole,Suppository 1gm,suppository,1gm,"IV, Oral, rectal, intravaginal","IV, Oral, rectal, intravaginal 
Pharmacologic 
category 
Amebicide; Antiprotozoal, Nitroimidazole 
Indications 
Amebiasis, Anaerobic bacterial infections (caused by Bacteroides spp., including the B. 
fragilis group), Surgical prophylaxis (colorectal surgery), Trichomoniasis",rectal,,False,needs_review,egypt_antimicrobial_formulary_2023.pdf,333,True
Metronidazole,Vaginal suppository 500mg Vaginal gel 0.75%,suppository,500mg Vaginal gel 0.75%,"IV, Oral, rectal, intravaginal","IV, Oral, rectal, intravaginal 
Pharmacologic 
category 
Amebicide; Antiprotozoal, Nitroimidazole 
Indications 
Amebiasis, Anaerobic bacterial infections (caused by Bacteroides spp., including the B. 
fragilis group), Surgical prophylaxis (colorectal surgery), Trichomoniasis",rectal,,False,needs_review,egypt_antimicrobial_formulary_2023.pdf,333,True
Metronidazole,"Oral suspension 125mg/5ml, 200mg/5ml",oral_suspension,"125mg/5ml, 200mg/5ml","IV, Oral, rectal, intravaginal","IV, Oral, rectal, intravaginal 
Pharmacologic 
category 
Amebicide; Antiprotozoal, Nitroimidazole 
Indications 
Amebiasis, Anaerobic bacterial infections (caused by Bacteroides spp., including the B. 
fragilis group), Surgical prophylaxis (colorectal surgery), Trichomoniasis",rectal,,False,needs_review,egypt_antimicrobial_formulary_2023.pdf,333,True
Metronidazole,"Tablets 250mg, 500mg",tablet,"250mg, 500mg","IV, Oral, rectal, intravaginal","IV, Oral, rectal, intravaginal 
Pharmacologic 
category 
Amebicide; Antiprotozoal, Nitroimidazole 
Indications 
Amebiasis, Anaerobic bacterial infections (caused by Bacteroides spp., including the B. 
fragilis group), Surgical prophylaxis (colorectal surgery), Trichomoniasis",rectal,,False,needs_review,egypt_antimicrobial_formulary_2023.pdf,333,True
Metronidazole,Vial 500mg,injection,500mg,"IV, Oral, rectal, intravaginal","IV, Oral, rectal, intravaginal 
Pharmacologic 
category 
Amebicide; Antiprotozoal, Nitroimidazole 
Indications 
Amebiasis, Anaerobic bacterial infections (caused by Bacteroides spp., including the B. 
fragilis group), Surgical prophylaxis (colorectal surgery), Trichomoniasis",rectal,,False,needs_review,egypt_antimicrobial_formulary_2023.pdf,333,True
Nitrofurantoin,Tablets 100mg,tablet,100mg,Oral,"Oral 
Pharmacologic 
category 
Antibiotic, Miscellaneous 
ATC: J01XE01 
Indications 
Urinary Tract Infections (UTIs)",solid_oral,,False,false,egypt_antimicrobial_formulary_2023.pdf,336,True
Nitrofurantoin,"Capsules 50mg, 100mg, 100mg retard",capsule,"50mg, 100mg, 100mg retard",Oral,"Oral 
Pharmacologic 
category 
Antibiotic, Miscellaneous 
ATC: J01XE01 
Indications 
Urinary Tract Infections (UTIs)",solid_oral,,False,false,egypt_antimicrobial_formulary_2023.pdf,336,True
Oxytetracycline,Capsules 250 mg Topical ointment 3.330 gm/100g,capsule,250 mg Topical ointment 3.330 gm/100g,"Oral ,Topical","Oral ,Topical  
Pharmacologic 
category
 
Tetracycline antibiotic 
ATC (Topical): D06AA03  
ATC (Systemic): J01AA06",solid_oral,,False,false,egypt_antimicrobial_formulary_2023.pdf,339,True
Rifaximin,"Tablets 200mg, 550mg",tablet,"200mg, 550mg",Oral,"Oral 
Pharmacologic 
category 
Rifamycin  
ATC: A07AA11  
Indications 
Hepatic encephalopathy: Reduction in the risk of overt hepatic encephalopathy recurrence in",solid_oral,,False,false,egypt_antimicrobial_formulary_2023.pdf,341,True
Secnidazole,"Tablets: 500 mg, 1gm",tablet,"500 mg, 1gm",Oral,"Oral 
Pharmacologic 
category 
Antiprotozoal, Nitroimidazole 
ATC: P01AB07 
Indications 
Bacterial vaginosis: Treatment of bacterial vaginosis in adult females.",solid_oral,,False,false,egypt_antimicrobial_formulary_2023.pdf,344,True
Sulfamethoxazole and Trimethoprim,"Oral suspension Sulfamethoxazole 200 mg/5m, Trimethoprim 40 mg/5ml",oral_suspension,"200 mg/5m, Trimethoprim 40 mg/5ml",Oral,"Oral 
Pharmacologic 
category 
Antibiotic, Miscellaneous; Antibiotic, Sulfonamide Derivative 
ATC: J01EE01 
Indications 
Oral:",oral_liquid,,False,needs_review,egypt_antimicrobial_formulary_2023.pdf,346,True
Sulfamethoxazole and Trimethoprim,"Tablets 400/80mg, 800/160mg",tablet,"80mg, 800/160mg",Oral,"Oral 
Pharmacologic 
category 
Antibiotic, Miscellaneous; Antibiotic, Sulfonamide Derivative 
ATC: J01EE01 
Indications 
Oral:",solid_oral,,False,false,egypt_antimicrobial_formulary_2023.pdf,346,True
Tedizolid,Tablets: 200mg,tablet,200mg,Oral,"Oral 
Pharmacologic 
category
 
Antibiotic, Oxazolidinone 
ATC: J01XX11 
Indications",solid_oral,,False,false,egypt_antimicrobial_formulary_2023.pdf,349,True
Teicoplanin,"Powder for solution for I.M or I.V Injection 200mg, 400mg",injection,"200mg, 400mg",IV IM,"IV IM 
Pharmacologic 
category 
A glycopeptide antibacterial 
ATC: J01XA02 
Indications 
Indicated for use in serious gram+ve infections; serious staphylococcal infections in patients",injection,,False,needs_review,egypt_antimicrobial_formulary_2023.pdf,351,True
Tetracycline,Topical ointment 3%,ointment,3%,Oral topical,"Oral topical 
Pharmacologic 
category 
Antibiotic, Tetracycline Derivative 
ATC (Topical): D06AA04 
ATC (systemic): J01AA07  
ATC (Ophthalmic): S01AA09, S03AA02",other,,False,false,egypt_antimicrobial_formulary_2023.pdf,353,True
Tetracycline,Capsule 250mg Eye Ointment 1%,capsule,250mg Eye Ointment 1%,Oral topical,"Oral topical 
Pharmacologic 
category 
Antibiotic, Tetracycline Derivative 
ATC (Topical): D06AA04 
ATC (systemic): J01AA07  
ATC (Ophthalmic): S01AA09, S03AA02",solid_oral,,False,false,egypt_antimicrobial_formulary_2023.pdf,353,True
Thiamphenicol,Capsule 250mg,capsule,250mg,"IV, IM, Oral","IV, IM, Oral 
Pharmacologic 
category 
Antibacterial: Chloramphenicol 
ATC: J01BA02 
Indications 
Treatment of susceptible infections, including sexually transmitted diseases,  gonorrhoea",injection,,False,needs_review,egypt_antimicrobial_formulary_2023.pdf,357,True
Thiamphenicol,Tablets 250mg,tablet,250mg,"IV, IM, Oral","IV, IM, Oral 
Pharmacologic 
category 
Antibacterial: Chloramphenicol 
ATC: J01BA02 
Indications 
Treatment of susceptible infections, including sexually transmitted diseases,  gonorrhoea",injection,,False,needs_review,egypt_antimicrobial_formulary_2023.pdf,357,True
Thiamphenicol,Powder for Solution for Injection 750mg,injection,750mg,"IV, IM, Oral","IV, IM, Oral 
Pharmacologic 
category 
Antibacterial: Chloramphenicol 
ATC: J01BA02 
Indications 
Treatment of susceptible infections, including sexually transmitted diseases,  gonorrhoea",injection,,False,needs_review,egypt_antimicrobial_formulary_2023.pdf,357,True
Thiamphenicol,Oral Solution 250mg,oral_solution,250mg,"IV, IM, Oral","IV, IM, Oral 
Pharmacologic 
category 
Antibacterial: Chloramphenicol 
ATC: J01BA02 
Indications 
Treatment of susceptible infections, including sexually transmitted diseases,  gonorrhoea",injection,,False,needs_review,egypt_antimicrobial_formulary_2023.pdf,357,True
Tigecycline,Lyophilized Powder for Reconstitution for I.V Infusion: 50mg,iv_infusion,50mg,IV,"IV 
Pharmacologic 
category
 
Antibiotic, Glycylcycline 
ATC: J01AA12 
Indications",injection,,False,needs_review,egypt_antimicrobial_formulary_2023.pdf,359,True
Vancomycin,"Powder for Solution for I.V Infusion 100mg, 500mg, 1gm, 10gm",iv_infusion,"100mg, 500mg, 1gm, 10gm","Oral, IV","Oral, IV 
Pharmacologic 
category 
A glycopeptide antibacterial 
ATC (Oral): S01AA28 
ATC (systemic): J01XA01 
Indications",injection,,False,needs_review,egypt_antimicrobial_formulary_2023.pdf,363,True
Vancomycin,Hard Gelatin Capsules 250 mg,capsule,250 mg,"Oral, IV","Oral, IV 
Pharmacologic 
category 
A glycopeptide antibacterial 
ATC (Oral): S01AA28 
ATC (systemic): J01XA01 
Indications",injection,,False,needs_review,egypt_antimicrobial_formulary_2023.pdf,363,True
Amoxicillin,"Powder for Oral suspension 125mg/5ml, 200mg/5ml, 250mg/5ml, 400mg/5ml",oral_suspension,"125mg/5ml, 200mg/5ml, 250mg/5ml, 400mg/5ml","Oral, IV","Oral, IV 
Pharmacologic 
category 
Antibiotic, Penicillin 
J01CA04 
Indications 
Ear, nose, and throat infections (pharyngitis/tonsillitis, otitis media)",oral_liquid,,False,needs_review,egypt_antimicrobial_formulary_2023.pdf,369,True
Amoxicillin,"Capsule 250mg, 500mg",capsule,"250mg, 500mg","Oral, IV","Oral, IV 
Pharmacologic 
category 
Antibiotic, Penicillin 
J01CA04 
Indications 
Ear, nose, and throat infections (pharyngitis/tonsillitis, otitis media)",injection,,False,needs_review,egypt_antimicrobial_formulary_2023.pdf,369,True
Amoxicillin,"Tablet 125mg, 875mg, 1g",tablet,"125mg, 875mg, 1g","Oral, IV","Oral, IV 
Pharmacologic 
category 
Antibiotic, Penicillin 
J01CA04 
Indications 
Ear, nose, and throat infections (pharyngitis/tonsillitis, otitis media)",injection,,False,needs_review,egypt_antimicrobial_formulary_2023.pdf,369,True
Amoxicillin,Extended Release Tablets: 775 mg,tablet,775 mg,"Oral, IV","Oral, IV 
Pharmacologic 
category 
Antibiotic, Penicillin 
J01CA04 
Indications 
Ear, nose, and throat infections (pharyngitis/tonsillitis, otitis media)",injection,,False,needs_review,egypt_antimicrobial_formulary_2023.pdf,369,True
Amoxicillin,"Powder for injection 250mg, 500mg, 1g",injection,"250mg, 500mg, 1g","Oral, IV","Oral, IV 
Pharmacologic 
category 
Antibiotic, Penicillin 
J01CA04 
Indications 
Ear, nose, and throat infections (pharyngitis/tonsillitis, otitis media)",injection,,False,needs_review,egypt_antimicrobial_formulary_2023.pdf,369,True
Amoxicillin,Oral drops 100mg/ml,oral_drops,100mg/ml,"Oral, IV","Oral, IV 
Pharmacologic 
category 
Antibiotic, Penicillin 
J01CA04 
Indications 
Ear, nose, and throat infections (pharyngitis/tonsillitis, otitis media)",oral_liquid,,False,needs_review,egypt_antimicrobial_formulary_2023.pdf,369,True
Amoxicillin and Clavulanate,"Tablet (film coated, dispersible or chewable): 125/31.25 mg, 200/28.5 mg, 250/62.5 mg",chewable_tablet,"125/31.25 mg, 200/28.5 mg, 250/62.5 mg","Oral, IV","Oral, IV 
Pharmacologic 
category 
Antibiotic, Penicillin 
ATC: J01CR02 
Indications 
Oral:",injection,,False,needs_review,egypt_antimicrobial_formulary_2023.pdf,373,True
Amoxicillin and Clavulanate,"250/125mg, 500/125 mg, 652.78/50.4 mg, 875/125 mg, 875/148.9 mg",250,"125mg, 500/125 mg, 652.78/50.4 mg, 875/125 mg, 875/148.9 mg","Oral, IV","Oral, IV 
Pharmacologic 
category 
Antibiotic, Penicillin 
ATC: J01CR02 
Indications 
Oral:",injection,,False,needs_review,egypt_antimicrobial_formulary_2023.pdf,373,True
Amoxicillin and Clavulanate,"Powder for Oral Suspension: 50/12.5 mg, 125/31.25 mg, 200/28.5 mg, 200/30 mg, 250/62.5",oral_suspension,"50/12.5 mg, 125/31.25 mg, 200/28.5 mg, 200/30 mg, 250/62.5","Oral, IV","Oral, IV 
Pharmacologic 
category 
Antibiotic, Penicillin 
ATC: J01CR02 
Indications 
Oral:",oral_liquid,,False,needs_review,egypt_antimicrobial_formulary_2023.pdf,373,True
Amoxicillin and Clavulanate,"mg, 400/57 mg, 400/60 mg, 600/42.9 mg, 1000/125 mg",mg_400,"57 mg, 400/60 mg, 600/42.9 mg, 1000/125 mg","Oral, IV","Oral, IV 
Pharmacologic 
category 
Antibiotic, Penicillin 
ATC: J01CR02 
Indications 
Oral:",injection,,False,needs_review,egypt_antimicrobial_formulary_2023.pdf,373,True
Amoxicillin and Clavulanate,"Powder for injection:  500/100 mg, 1000/200 mg",injection,"500/100 mg, 1000/200 mg","Oral, IV","Oral, IV 
Pharmacologic 
category 
Antibiotic, Penicillin 
ATC: J01CR02 
Indications 
Oral:",injection,,False,needs_review,egypt_antimicrobial_formulary_2023.pdf,373,True
Ampicillin,"Capsules: 250mg, 500mg",capsule,"250mg, 500mg","Oral, IV, IM","Oral, IV, IM 
Pharmacologic 
category 
Antibiotic, Penicillin 
ATC: J01CA01 
Indications 
Oral:",injection,,False,needs_review,egypt_antimicrobial_formulary_2023.pdf,378,True
Ampicillin,"Oral suspension: 125mg/5ml, 250mg/5ml",oral_suspension,"125mg/5ml, 250mg/5ml","Oral, IV, IM","Oral, IV, IM 
Pharmacologic 
category 
Antibiotic, Penicillin 
ATC: J01CA01 
Indications 
Oral:",oral_liquid,,False,needs_review,egypt_antimicrobial_formulary_2023.pdf,378,True
Ampicillin,"Vial: 250 mg, 500 mg, 1g",injection,"250 mg, 500 mg, 1g","Oral, IV, IM","Oral, IV, IM 
Pharmacologic 
category 
Antibiotic, Penicillin 
ATC: J01CA01 
Indications 
Oral:",injection,,False,needs_review,egypt_antimicrobial_formulary_2023.pdf,378,True
Ampicillin and Sulbactam,"Powder for Injection: 2000/1000mg, 1000/500mg, 500/250mg, 250/125 mg",injection,"2000/1000mg, 1000/500mg, 500/250mg, 250/125 mg","IM, IV","IM, IV 
Pharmacologic 
category 
Antibiotic, Penicillin  
ATC: J01CR01 
Indications 
Treatment of skin and skin structure, intra-abdominal, and gynecological infections caused by",injection,,False,needs_review,egypt_antimicrobial_formulary_2023.pdf,382,True
Benzylpenicillin [Penicillin G],Vial 1 M.I.U,injection,,"IV, IM","IV, IM 
Pharmacologic 
category 
Antibiotic, Penicillin 
ATC: J01CE01 
Indications 
Anthrax: Treatment of anthrax caused by Bacillus anthracis.",injection,,False,needs_review,egypt_antimicrobial_formulary_2023.pdf,385,True
Cloxacillin,"In combinations: capsule, suspension",in_combinations,"capsule, suspension",Oral,"Oral 
Pharmacologic 
category 
Antibiotic, Penicillin 
ATC: J01CF02 
Indications 
Bacterial infections: Treatment of bacterial infections including endocarditis, pneumonia,",other,,False,false,egypt_antimicrobial_formulary_2023.pdf,390,True
Flucloxacillin,"In cominations: Capsule, tablet, oral suspension & vial",in_cominations,"Capsule, tablet, oral suspension & vial","IV, IM & oral","IV, IM & oral  
Pharmacologic 
category 
Antibiotic, Penicillin 
ATC: J01CF05 
Indications 
Flucloxacillin is an isoxazolyl penicillin used primarily for the treatment of infections due to",injection,,False,needs_review,egypt_antimicrobial_formulary_2023.pdf,392,True
Penicillin G Benzathine,Vial 1.2M IU,injection,,IM,"IM 
Pharmacologic 
category 
Antibiotic, Penicillin 
ATC: J01CE08  
Indications 
Acute glomerulonephritis: Prophylaxis (secondary) in patients with a history of acute",injection,,False,needs_review,egypt_antimicrobial_formulary_2023.pdf,394,True
Phenoxymethylpenicillin,"Tablets 1MU, 1.5MU",tablet,,Oral,"Oral 
Pharmacologic 
category 
Antibiotic, Penicillins (penicillin V) 
ATC: J01CE02 
Indications 
Erysipelas: Treatment of mild infection or step-down therapy after initial parenteral",solid_oral,,False,false,egypt_antimicrobial_formulary_2023.pdf,398,True
Piperacillin and Tazobactam,Vial 4.5gm,injection,4.5gm,Intravenous,"Intravenous 
Pharmacologic 
category  
Antibiotic, Penicillin 
ATC: J01CR05 
Indications 
Intra-abdominal infections: Treatment of appendicitis complicated by rupture or abscess and",injection,,False,needs_review,egypt_antimicrobial_formulary_2023.pdf,400,True
Sultamicillin,"Tablets: 375 mg, 750 mg",tablet,"375 mg, 750 mg",Oral,"Oral 
Pharmacologic 
category
 
Antibiotic, Penicillin 
ATC J01CR04 
Indications",solid_oral,,False,false,egypt_antimicrobial_formulary_2023.pdf,403,True
Sultamicillin,Oral Suspension: 250 mg/5ml,oral_suspension,250 mg/5ml,Oral,"Oral 
Pharmacologic 
category
 
Antibiotic, Penicillin 
ATC J01CR04 
Indications",oral_liquid,,False,needs_review,egypt_antimicrobial_formulary_2023.pdf,403,True
Ciprofloxacin,"Tablets 250mg, 500mg, 750mg",tablet,"250mg, 500mg, 750mg","Oral,  Opthalmic, IV","Oral,  Opthalmic, IV 
Pharmacologic 
action 
Antibiotic, Fluoroquinolone 
Systemic ATC: J01MA02 
Ophthalmic ATC: S03AA07  
Indications",injection,,False,needs_review,egypt_antimicrobial_formulary_2023.pdf,405,True
Ciprofloxacin,"Extended Release Tablets: 500 mg, 1g Eye ointment 0.3%",tablet,"500 mg, 1g Eye ointment 0.3%","Oral,  Opthalmic, IV","Oral,  Opthalmic, IV 
Pharmacologic 
action 
Antibiotic, Fluoroquinolone 
Systemic ATC: J01MA02 
Ophthalmic ATC: S03AA07  
Indications",injection,,False,needs_review,egypt_antimicrobial_formulary_2023.pdf,405,True
Ciprofloxacin,Ear or eye drops 3mg/ml,eye_drops,3mg/ml,"Oral,  Opthalmic, IV","Oral,  Opthalmic, IV 
Pharmacologic 
action 
Antibiotic, Fluoroquinolone 
Systemic ATC: J01MA02 
Ophthalmic ATC: S03AA07  
Indications",ophthalmic,,False,needs_review,egypt_antimicrobial_formulary_2023.pdf,405,True
Ciprofloxacin,"Vial 200mg, 400mg",injection,"200mg, 400mg","Oral,  Opthalmic, IV","Oral,  Opthalmic, IV 
Pharmacologic 
action 
Antibiotic, Fluoroquinolone 
Systemic ATC: J01MA02 
Ophthalmic ATC: S03AA07  
Indications",injection,,False,needs_review,egypt_antimicrobial_formulary_2023.pdf,405,True
Gatifloxacin,"Eye drops 0.3%, 0.5%",eye_drops,"0.3%, 0.5%",Ophthalmic,"Ophthalmic 
Pharmacologic 
action 
 Fluoroquinolone; Antibiotic, Ophthalmic 
ATC: S01AE06 
 
Indications",ophthalmic,,False,needs_review,egypt_antimicrobial_formulary_2023.pdf,412,True
Levofloxacin,"Vial 500mg, 750mg",injection,"500mg, 750mg","IV, Oral, Ophthalmic solution","IV, Oral, Ophthalmic solution 
Pharmacologic
al action 
Antibiotic, Fluoroquinolone 
Systemic ATC: J01MA12 
Ophthalmic ATC: S01AE05 
Indications",ophthalmic,,False,needs_review,egypt_antimicrobial_formulary_2023.pdf,414,True
Levofloxacin,"Tablets 250mg, 500mg, 750mg",tablet,"250mg, 500mg, 750mg","IV, Oral, Ophthalmic solution","IV, Oral, Ophthalmic solution 
Pharmacologic
al action 
Antibiotic, Fluoroquinolone 
Systemic ATC: J01MA12 
Ophthalmic ATC: S01AE05 
Indications",ophthalmic,,False,needs_review,egypt_antimicrobial_formulary_2023.pdf,414,True
Levofloxacin,Eye drops 0.5% (5mg/ml),eye_drops,0.5% (5mg/ml),"IV, Oral, Ophthalmic solution","IV, Oral, Ophthalmic solution 
Pharmacologic
al action 
Antibiotic, Fluoroquinolone 
Systemic ATC: J01MA12 
Ophthalmic ATC: S01AE05 
Indications",ophthalmic,,False,needs_review,egypt_antimicrobial_formulary_2023.pdf,414,True
Lomefloxacin,"Ophthalmic Solution, eye drops: 3 mg/ml",eye_drops,3 mg/ml,"Oral ,Ophthalmic","Oral ,Ophthalmic 
Pharmacologic 
category
 
Antibiotic, Quinolone 
Systemic ATC: J01MA07 
Opthalmic ATC:  S01AE04",ophthalmic,,False,needs_review,egypt_antimicrobial_formulary_2023.pdf,419,True
Lomefloxacin,Film coated tablets : 400 mg,tablet,400 mg,"Oral ,Ophthalmic","Oral ,Ophthalmic 
Pharmacologic 
category
 
Antibiotic, Quinolone 
Systemic ATC: J01MA07 
Opthalmic ATC:  S01AE04",ophthalmic,,False,needs_review,egypt_antimicrobial_formulary_2023.pdf,419,True
Moxifloxacin,"Tablets 400mg, Ophthalmic solution 0.5%",tablet,"400mg, Ophthalmic solution 0.5%","Oral, ophthalmic, IV","Oral, ophthalmic, IV 
Pharmacologic 
action 
Antibiotic, Fluoroquinolone;  
Systemic ATC: J01MA14 
Ophthalmic ATC: S01AE07 
Indications",ophthalmic,,False,needs_review,egypt_antimicrobial_formulary_2023.pdf,421,True
Moxifloxacin,Vial 400mg,injection,400mg,"Oral, ophthalmic, IV","Oral, ophthalmic, IV 
Pharmacologic 
action 
Antibiotic, Fluoroquinolone;  
Systemic ATC: J01MA14 
Ophthalmic ATC: S01AE07 
Indications",ophthalmic,,False,needs_review,egypt_antimicrobial_formulary_2023.pdf,421,True
Norfloxacin,Tablets: 400 mg,tablet,400 mg,"Oral, Ophthalmic","Oral, Ophthalmic 
Pharmacologic 
category
 
Antibiotic, Fluoroquinolone 
ATC systemic: J01MA06  
ATC: Ophthalmic: S01AE02",ophthalmic,,False,needs_review,egypt_antimicrobial_formulary_2023.pdf,425,True
Norfloxacin,Ophthalmic solution: 15 mg/5ml,eye_drops,15 mg/5ml,"Oral, Ophthalmic","Oral, Ophthalmic 
Pharmacologic 
category
 
Antibiotic, Fluoroquinolone 
ATC systemic: J01MA06  
ATC: Ophthalmic: S01AE02",ophthalmic,,False,needs_review,egypt_antimicrobial_formulary_2023.pdf,425,True
Ofloxacin,"Tablets: 200mg, 300mg, 400mg",tablet,"200mg, 300mg, 400mg","Oral, Ophthalmic","Oral, Ophthalmic 
Pharmacologic 
action 
Antibiotic, Fluoroquinolone 
Systemic ATC: J01MA01 
Opthalmic ATC: S01AE01 
Indications",ophthalmic,,False,needs_review,egypt_antimicrobial_formulary_2023.pdf,427,True
Ofloxacin,Ophthalmic solution 3mg/ml,eye_drops,3mg/ml,"Oral, Ophthalmic","Oral, Ophthalmic 
Pharmacologic 
action 
Antibiotic, Fluoroquinolone 
Systemic ATC: J01MA01 
Opthalmic ATC: S01AE01 
Indications",ophthalmic,,False,needs_review,egypt_antimicrobial_formulary_2023.pdf,427,True
Benzyl Benzoate,Topical cream:  20 gm/100ml,cream,20 gm/100ml,Topical,"Topical 
Pharmacologic 
category 
Antiparasitic Agent, Topical; Pediculocide; Scabicidal Agent  
ATC: P03AX01 
 
Indications",other,,False,false,egypt_antimicrobial_formulary_2023.pdf,432,True
Benzyl Benzoate,Topical Lotion: 25 ml/100ml,lotion,25 ml/100ml,Topical,"Topical 
Pharmacologic 
category 
Antiparasitic Agent, Topical; Pediculocide; Scabicidal Agent  
ATC: P03AX01 
 
Indications",other,,False,false,egypt_antimicrobial_formulary_2023.pdf,432,True
Clotrimazole,Aerosol 1% Solution 1%,inhalation_aerosol,1% Solution 1%,"Topical, inhalation, intravaginal","Topical, inhalation, intravaginal 
Pharmacologic 
category 
Antifungal Agent, Imidazole Derivative 
ATC (Topical): D01AC01  
ATC (Vaginal): G01AF02  
Indications",inhaler,,False,needs_review,egypt_antimicrobial_formulary_2023.pdf,434,True
Clotrimazole,Topical powder 1%,powder,1%,"Topical, inhalation, intravaginal","Topical, inhalation, intravaginal 
Pharmacologic 
category 
Antifungal Agent, Imidazole Derivative 
ATC (Topical): D01AC01  
ATC (Vaginal): G01AF02  
Indications",inhaler,,False,needs_review,egypt_antimicrobial_formulary_2023.pdf,434,True
Clotrimazole,Topical cream 1%,cream,1%,"Topical, inhalation, intravaginal","Topical, inhalation, intravaginal 
Pharmacologic 
category 
Antifungal Agent, Imidazole Derivative 
ATC (Topical): D01AC01  
ATC (Vaginal): G01AF02  
Indications",inhaler,,False,needs_review,egypt_antimicrobial_formulary_2023.pdf,434,True
Clotrimazole,Topical spray 10mg/ml,topical_spray,10mg/ml,"Topical, inhalation, intravaginal","Topical, inhalation, intravaginal 
Pharmacologic 
category 
Antifungal Agent, Imidazole Derivative 
ATC (Topical): D01AC01  
ATC (Vaginal): G01AF02  
Indications",inhaler,,False,needs_review,egypt_antimicrobial_formulary_2023.pdf,434,True
Clotrimazole,"Vaginal tablets 100mg, 200mg, 500mg",tablet,"100mg, 200mg, 500mg","Topical, inhalation, intravaginal","Topical, inhalation, intravaginal 
Pharmacologic 
category 
Antifungal Agent, Imidazole Derivative 
ATC (Topical): D01AC01  
ATC (Vaginal): G01AF02  
Indications",inhaler,,False,needs_review,egypt_antimicrobial_formulary_2023.pdf,434,True
Clotrimazole,"Vaginal cream 2%, 10gm/100gm",cream,"2%, 10gm/100gm","Topical, inhalation, intravaginal","Topical, inhalation, intravaginal 
Pharmacologic 
category 
Antifungal Agent, Imidazole Derivative 
ATC (Topical): D01AC01  
ATC (Vaginal): G01AF02  
Indications",inhaler,,False,needs_review,egypt_antimicrobial_formulary_2023.pdf,434,True
Econazole,"Topical Cream, Lotion or spray: 1 %",topical_spray,1 %,"Topical, vaginal","Topical, vaginal 
Pharmacologic 
category 
Antifungal Agent, Imidazole Derivative 
ATC (Topical): D01AC03  
ATC (Gynecological): G01AF05  
Indications",rectal,,False,needs_review,egypt_antimicrobial_formulary_2023.pdf,437,True
Econazole,Vaginal Pessary/ovules: 150 mg,vaginal_suppository,150 mg,"Topical, vaginal","Topical, vaginal 
Pharmacologic 
category 
Antifungal Agent, Imidazole Derivative 
ATC (Topical): D01AC03  
ATC (Gynecological): G01AF05  
Indications",rectal,,False,needs_review,egypt_antimicrobial_formulary_2023.pdf,437,True
Econazole,Vaginal Cream:  1 gm/100g,cream,1 gm/100g,"Topical, vaginal","Topical, vaginal 
Pharmacologic 
category 
Antifungal Agent, Imidazole Derivative 
ATC (Topical): D01AC03  
ATC (Gynecological): G01AF05  
Indications",rectal,,False,needs_review,egypt_antimicrobial_formulary_2023.pdf,437,True
Erythromycin and Zinc Acetate,Paint: Erythromycin - Zinc Acetate: 4 gm/100g-1.2 gm/100g,paint,Erythromycin - Zinc Acetate: 4 gm/100g-1.2 gm/100g,Topical,"Topical 
Pharmacologic 
category 
Acne Products; Antibiotic, Macrolide  
ATC: D10AF52  
Indications 
Acne: Treatment of acne vulgaris",other,,False,false,egypt_antimicrobial_formulary_2023.pdf,439,True
Erythromycin and Zinc Acetate,Topical Lotion: 4 gm/100ml-1.2 gm/100ml,lotion,4 gm/100ml-1.2 gm/100ml,Topical,"Topical 
Pharmacologic 
category 
Acne Products; Antibiotic, Macrolide  
ATC: D10AF52  
Indications 
Acne: Treatment of acne vulgaris",other,,False,false,egypt_antimicrobial_formulary_2023.pdf,439,True
Isoconazole,"Vaginal ovules 300, 600mg",vaginal_suppository,600mg,"Topical, intravaginal","Topical, intravaginal 
Pharmacologic 
category 
Imidazole antifungal 
ATC (Topical): D01AC05  
ATC (Vaginal): G01AF07  
Indications",rectal,,False,needs_review,egypt_antimicrobial_formulary_2023.pdf,440,True
Isoconazole,Topical cream 1%,cream,1%,"Topical, intravaginal","Topical, intravaginal 
Pharmacologic 
category 
Imidazole antifungal 
ATC (Topical): D01AC05  
ATC (Vaginal): G01AF07  
Indications",other,,False,false,egypt_antimicrobial_formulary_2023.pdf,440,True
Miconazole,Oral gel 2%,gel,2%,"Topical , Intravaginal, oral","Topical , Intravaginal, oral 
Pharmacologic 
category 
Antifungal Agent, Imidazole Derivative;  
ATC (Topical): D01AC02  
ATC (Gynecological): G01AF04  
Indications",other,,False,false,egypt_antimicrobial_formulary_2023.pdf,441,True
Miconazole,"Vaginal ovules 400mg, 1200",vaginal_suppository,"400mg, 1200","Topical , Intravaginal, oral","Topical , Intravaginal, oral 
Pharmacologic 
category 
Antifungal Agent, Imidazole Derivative;  
ATC (Topical): D01AC02  
ATC (Gynecological): G01AF04  
Indications",rectal,,False,needs_review,egypt_antimicrobial_formulary_2023.pdf,441,True
Miconazole,Vaginal Cream 2%,cream,2%,"Topical , Intravaginal, oral","Topical , Intravaginal, oral 
Pharmacologic 
category 
Antifungal Agent, Imidazole Derivative;  
ATC (Topical): D01AC02  
ATC (Gynecological): G01AF04  
Indications",other,,False,false,egypt_antimicrobial_formulary_2023.pdf,441,True
Miconazole,"Vaginal suppository 200mg, 400mg",suppository,"200mg, 400mg","Topical , Intravaginal, oral","Topical , Intravaginal, oral 
Pharmacologic 
category 
Antifungal Agent, Imidazole Derivative;  
ATC (Topical): D01AC02  
ATC (Gynecological): G01AF04  
Indications",rectal,,False,needs_review,egypt_antimicrobial_formulary_2023.pdf,441,True
Miconazole,"Topical Cream, gel, powder 2%",cream,2%,"Topical , Intravaginal, oral","Topical , Intravaginal, oral 
Pharmacologic 
category 
Antifungal Agent, Imidazole Derivative;  
ATC (Topical): D01AC02  
ATC (Gynecological): G01AF04  
Indications",other,,False,false,egypt_antimicrobial_formulary_2023.pdf,441,True
Miconazole,Powder or liquid spray Tincture  2%,topical_spray,2%,"Topical , Intravaginal, oral","Topical , Intravaginal, oral 
Pharmacologic 
category 
Antifungal Agent, Imidazole Derivative;  
ATC (Topical): D01AC02  
ATC (Gynecological): G01AF04  
Indications",other,,False,false,egypt_antimicrobial_formulary_2023.pdf,441,True
Mupirocin,"Topical Cream: 20 mg/gm, 2 gm/100g",cream,"20 mg/gm, 2 gm/100g",Topical,"Topical 
Pharmacologic 
category 
Antibiotic, Topical 
ATC: D06AX09 
Indications 
Impetigo: Treatment of impetigo due to Staphylococcus aureus and Streptococcus",other,,False,false,egypt_antimicrobial_formulary_2023.pdf,443,True
Mupirocin,Topical Ointment: 20 mg/gm 2 gm/100g,ointment,20 mg/gm 2 gm/100g,Topical,"Topical 
Pharmacologic 
category 
Antibiotic, Topical 
ATC: D06AX09 
Indications 
Impetigo: Treatment of impetigo due to Staphylococcus aureus and Streptococcus",other,,False,false,egypt_antimicrobial_formulary_2023.pdf,443,True
"Neomycin, Polymyxin B, and Dexamethasone",Ophthalmic Suspension: Dexamethasone 1 mg/ml; Neomycin Sulphate 3.5 mg/ml; Polymyxin B,oral_suspension,Dexamethasone 1 mg/ml; Neomycin Sulphate 3.5 mg/ml; Polymyxin B,ophthalmic,"ophthalmic 
Pharmacologic 
category 
Antibiotic/Corticosteroid, Ophthalmic 
ATC: A07AA51  
Indications 
Inflammatory ocular conditions: Management of corticosteroid-responsive inflammatory ocular",ophthalmic,,False,needs_review,egypt_antimicrobial_formulary_2023.pdf,445,True
"Neomycin, Polymyxin B, and Dexamethasone",Sulphate 6000 I.U./ml,sulphate_6000_i_u_ml,,ophthalmic,"ophthalmic 
Pharmacologic 
category 
Antibiotic/Corticosteroid, Ophthalmic 
ATC: A07AA51  
Indications 
Inflammatory ocular conditions: Management of corticosteroid-responsive inflammatory ocular",ophthalmic,,False,needs_review,egypt_antimicrobial_formulary_2023.pdf,445,True
"Neomycin, Polymyxin B, and Dexamethasone",Eye ointment: Dexamethasone 1 mg ; Neomycin Sulphate 5mg ; Polymyxin B Sulphate 6000 I.U,eye_ointment,Dexamethasone 1 mg ; Neomycin Sulphate 5mg ; Polymyxin B Sulphate 6000 I.U,ophthalmic,"ophthalmic 
Pharmacologic 
category 
Antibiotic/Corticosteroid, Ophthalmic 
ATC: A07AA51  
Indications 
Inflammatory ocular conditions: Management of corticosteroid-responsive inflammatory ocular",ophthalmic,,False,needs_review,egypt_antimicrobial_formulary_2023.pdf,445,True
Natamycin,Sterile ophthalmic suspension: 50mg/ml,oral_suspension,50mg/ml,Ophthalmic,"Ophthalmic 
Pharmacologic 
category 
Antifungal Agent, Ophthalmic 
ATC: S01AA10  
Indications 
Ocular fungal infections: Treatment of fungal blepharitis, conjunctivitis, and keratitis caused by",ophthalmic,,False,needs_review,egypt_antimicrobial_formulary_2023.pdf,447,True
Terbinafine,"Topical gel, cream or solution: 10 mg/gm",cream,10 mg/gm,"Topical, Oral","Topical, Oral 
Pharmacologic 
category 
Antifungal Agent 
ATC (Topical): D01AE15 
ATC (systemic): D01BA02  
Indications",other,,False,false,egypt_antimicrobial_formulary_2023.pdf,448,True
Terbinafine,"Topical Spray: 1 %, 0.888 gm/100g",topical_spray,"1 %, 0.888 gm/100g","Topical, Oral","Topical, Oral 
Pharmacologic 
category 
Antifungal Agent 
ATC (Topical): D01AE15 
ATC (systemic): D01BA02  
Indications",other,,False,false,egypt_antimicrobial_formulary_2023.pdf,448,True
Terbinafine,Topical Aerosol Powder: 1%,inhalation_aerosol,1%,"Topical, Oral","Topical, Oral 
Pharmacologic 
category 
Antifungal Agent 
ATC (Topical): D01AE15 
ATC (systemic): D01BA02  
Indications",inhaler,,False,needs_review,egypt_antimicrobial_formulary_2023.pdf,448,True
Terbinafine,Tablets: 250mg,tablet,250mg,"Topical, Oral","Topical, Oral 
Pharmacologic 
category 
Antifungal Agent 
ATC (Topical): D01AE15 
ATC (systemic): D01BA02  
Indications",solid_oral,,False,false,egypt_antimicrobial_formulary_2023.pdf,448,True
Selenium Sulfide,Shampoo 0.025 gm (2.5%),shampoo,0.025 gm (2.5%),Topical,"Topical 
Pharmacologic 
category 
Antiseborrheic Agent, Topical 
ATC: D01AE13 
Indications 
Dandruff, scalp seborrhea: Treatment of dandruff and seborrheic dermatitis of the scalp",other,,False,false,egypt_antimicrobial_formulary_2023.pdf,451,True
Selenium Sulfide,Topical Cream/lotion: 2.5 gm,cream,2.5 gm,Topical,"Topical 
Pharmacologic 
category 
Antiseborrheic Agent, Topical 
ATC: D01AE13 
Indications 
Dandruff, scalp seborrhea: Treatment of dandruff and seborrheic dermatitis of the scalp",other,,False,false,egypt_antimicrobial_formulary_2023.pdf,451,True
Silver Sulfadiazine,"Topical Cream: 1 gm/100g, 10mg/gm",cream,"1 gm/100g, 10mg/gm",Topical,"Topical 
Pharmacologic 
category 
Antibiotic, Topical 
ATC: D06BA01 
Indications 
Burn treatment: As an adjunct for the prevention and treatment of wound sepsis in",other,,False,false,egypt_antimicrobial_formulary_2023.pdf,453,True
Silver Sulfadiazine,Dressing: 1% Topical Aerosol 1%,dressing,1% Topical Aerosol 1%,Topical,"Topical 
Pharmacologic 
category 
Antibiotic, Topical 
ATC: D06BA01 
Indications 
Burn treatment: As an adjunct for the prevention and treatment of wound sepsis in",other,,False,false,egypt_antimicrobial_formulary_2023.pdf,453,True
Sodium Fusidate/ Fusidic acid,Tablets 250mg,tablet,250mg,"Oral, topical, Opthalmic","Oral, topical, Opthalmic 
Pharmacologic 
category 
Antibiotic, Miscellaneous; Antibiotic, Topical 
ATC (Topical): D06AX01  
ATC (Dressing): D09AA02  
ATC (Systemic): J01XC01",solid_oral,,False,false,egypt_antimicrobial_formulary_2023.pdf,455,True
Sodium Fusidate/ Fusidic acid,"Ointment, cream 2%",cream,2%,"Oral, topical, Opthalmic","Oral, topical, Opthalmic 
Pharmacologic 
category 
Antibiotic, Miscellaneous; Antibiotic, Topical 
ATC (Topical): D06AX01  
ATC (Dressing): D09AA02  
ATC (Systemic): J01XC01",other,,False,false,egypt_antimicrobial_formulary_2023.pdf,455,True
Sodium Fusidate/ Fusidic acid,Dressing 2% 20mg/gm,dressing,2% 20mg/gm,"Oral, topical, Opthalmic","Oral, topical, Opthalmic 
Pharmacologic 
category 
Antibiotic, Miscellaneous; Antibiotic, Topical 
ATC (Topical): D06AX01  
ATC (Dressing): D09AA02  
ATC (Systemic): J01XC01",other,,False,false,egypt_antimicrobial_formulary_2023.pdf,455,True
Sodium Fusidate/ Fusidic acid,eye drops 1mg/gm,eye_drops,1mg/gm,"Oral, topical, Opthalmic","Oral, topical, Opthalmic 
Pharmacologic 
category 
Antibiotic, Miscellaneous; Antibiotic, Topical 
ATC (Topical): D06AX01  
ATC (Dressing): D09AA02  
ATC (Systemic): J01XC01",ophthalmic,,False,needs_review,egypt_antimicrobial_formulary_2023.pdf,455,True
Sodium Fusidate/ Fusidic acid,Oral Suspension 250 mg/5ml,oral_suspension,250 mg/5ml,"Oral, topical, Opthalmic","Oral, topical, Opthalmic 
Pharmacologic 
category 
Antibiotic, Miscellaneous; Antibiotic, Topical 
ATC (Topical): D06AX01  
ATC (Dressing): D09AA02  
ATC (Systemic): J01XC01",oral_liquid,,False,needs_review,egypt_antimicrobial_formulary_2023.pdf,455,True
Permethrin,"Topical Cream, Lotion, Ointment, Emulsion: 2.5%, 5% Shampoo 1%",oral_emulsion,"2.5%, 5% Shampoo 1%",Topical,"Topical 
Pharmacologic 
category 
Antiparasitic Agent, Pediculocide; Scabicidal Agent 
ATC: P03AC04 
Indications 
Head lice (lotion/cream rinse): Treatment of head lice (Pediculus humanus capitis) and its nits",oral_liquid,,False,needs_review,egypt_antimicrobial_formulary_2023.pdf,457,True
Cetirizine,Oral drops: 10 mg/1 ml,oral_drops,10 mg/1 ml,"Oral, IV, Ophthalmic","Oral, IV, Ophthalmic 
Pharmacologic 
Category 
Histamine H1 antagonist, second generation: piperazine derivative. 
ATC: Oral: R06AE07, Ophthalmic: S01GX12 
Indications 
Oral (in adults and children 2 years and above)",ophthalmic,,False,needs_review,egypt_antiretroviral_formulary_2026.pdf,14,True
Cetirizine,Oral syrup or solution: 1 mg/ ml,oral_syrup,1 mg/ ml,"Oral, IV, Ophthalmic","Oral, IV, Ophthalmic 
Pharmacologic 
Category 
Histamine H1 antagonist, second generation: piperazine derivative. 
ATC: Oral: R06AE07, Ophthalmic: S01GX12 
Indications 
Oral (in adults and children 2 years and above)",ophthalmic,,False,needs_review,egypt_antiretroviral_formulary_2026.pdf,14,True
Cetirizine,Film-coated tablets: 10 mg,tablet,10 mg,"Oral, IV, Ophthalmic","Oral, IV, Ophthalmic 
Pharmacologic 
Category 
Histamine H1 antagonist, second generation: piperazine derivative. 
ATC: Oral: R06AE07, Ophthalmic: S01GX12 
Indications 
Oral (in adults and children 2 years and above)",ophthalmic,,False,needs_review,egypt_antiretroviral_formulary_2026.pdf,14,True
Cetirizine,Chewable tablets: 10 mg,chewable_tablet,10 mg,"Oral, IV, Ophthalmic","Oral, IV, Ophthalmic 
Pharmacologic 
Category 
Histamine H1 antagonist, second generation: piperazine derivative. 
ATC: Oral: R06AE07, Ophthalmic: S01GX12 
Indications 
Oral (in adults and children 2 years and above)",ophthalmic,,False,needs_review,egypt_antiretroviral_formulary_2026.pdf,14,True
Cetirizine,Solution for IV injection: 10 mg,injection,10 mg,"Oral, IV, Ophthalmic","Oral, IV, Ophthalmic 
Pharmacologic 
Category 
Histamine H1 antagonist, second generation: piperazine derivative. 
ATC: Oral: R06AE07, Ophthalmic: S01GX12 
Indications 
Oral (in adults and children 2 years and above)",ophthalmic,,False,needs_review,egypt_antiretroviral_formulary_2026.pdf,14,True
Cetirizine,Ophthalmic solution: 2.4 mg/ 1 ml And combinations,eye_drops,2.4 mg/ 1 ml And combinations,"Oral, IV, Ophthalmic","Oral, IV, Ophthalmic 
Pharmacologic 
Category 
Histamine H1 antagonist, second generation: piperazine derivative. 
ATC: Oral: R06AE07, Ophthalmic: S01GX12 
Indications 
Oral (in adults and children 2 years and above)",ophthalmic,,False,needs_review,egypt_antiretroviral_formulary_2026.pdf,14,True
Chlorpheniramine maleate,Tablets: 4 mg,tablet,4 mg,"Oral, IM, IV, SC","Oral, IM, IV, SC 
Pharmacologic 
Category 
Histamine H1 antagonist, first generation; alkylamine derivative. 
ATC:  Chlorphenamine: R06AB04 
Indications 
Oral (Not recommended for children < 2 years)",injection,,False,needs_review,egypt_antiretroviral_formulary_2026.pdf,19,True
Chlorpheniramine maleate,Syrup: 2 mg/5 ml,oral_syrup,2 mg/5 ml,"Oral, IM, IV, SC","Oral, IM, IV, SC 
Pharmacologic 
Category 
Histamine H1 antagonist, first generation; alkylamine derivative. 
ATC:  Chlorphenamine: R06AB04 
Indications 
Oral (Not recommended for children < 2 years)",oral_liquid,,False,needs_review,egypt_antiretroviral_formulary_2026.pdf,19,True
Chlorpheniramine maleate,"Solution for IM, SC, or IV injection:  10 mg /2 ml, 5 mg/ 1ml",injection,"10 mg /2 ml, 5 mg/ 1ml","Oral, IM, IV, SC","Oral, IM, IV, SC 
Pharmacologic 
Category 
Histamine H1 antagonist, first generation; alkylamine derivative. 
ATC:  Chlorphenamine: R06AB04 
Indications 
Oral (Not recommended for children < 2 years)",injection,,False,needs_review,egypt_antiretroviral_formulary_2026.pdf,19,True
Fexofenadine,"Film-coated tablets: 60 mg, 120 mg, 180 mg",tablet,"60 mg, 120 mg, 180 mg",Oral,"Oral 
Pharmacologic 
Category 
Histamine H1 antagonist, second generation; piperidine derivative 
ATC: R06AX26 
Indications 
• Relief of symptoms associated with seasonal allergic rhinitis and allergic",solid_oral,,False,false,egypt_antiretroviral_formulary_2026.pdf,23,True
Fexofenadine,"Hard gelatin capsules: 120 mg, 180 mg",capsule,"120 mg, 180 mg",Oral,"Oral 
Pharmacologic 
Category 
Histamine H1 antagonist, second generation; piperidine derivative 
ATC: R06AX26 
Indications 
• Relief of symptoms associated with seasonal allergic rhinitis and allergic",solid_oral,,False,false,egypt_antiretroviral_formulary_2026.pdf,23,True
Fexofenadine,Oral suspension: 30 mg/5ml,oral_suspension,30 mg/5ml,Oral,"Oral 
Pharmacologic 
Category 
Histamine H1 antagonist, second generation; piperidine derivative 
ATC: R06AX26 
Indications 
• Relief of symptoms associated with seasonal allergic rhinitis and allergic",oral_liquid,,False,needs_review,egypt_antiretroviral_formulary_2026.pdf,23,True
Loratadine,"Chewable tablets: 5 mg, 10 mg",chewable_tablet,"5 mg, 10 mg",Oral,"Oral 
Pharmacologic 
Category 
Histamine H1 antagonist, second generation; piperidine derivative. 
ATC: R06AX13 
Indications 
Symptomatic treatment of allergic rhinitis and chronic idiopathic urticaria in adults",solid_oral,,False,false,egypt_antiretroviral_formulary_2026.pdf,26,True
Loratadine,Orally disintegrating tablets: 10 mg,tablet,10 mg,Oral,"Oral 
Pharmacologic 
Category 
Histamine H1 antagonist, second generation; piperidine derivative. 
ATC: R06AX13 
Indications 
Symptomatic treatment of allergic rhinitis and chronic idiopathic urticaria in adults",solid_oral,,False,false,egypt_antiretroviral_formulary_2026.pdf,26,True
Loratadine,Tablets:  10 mg,tablet,10 mg,Oral,"Oral 
Pharmacologic 
Category 
Histamine H1 antagonist, second generation; piperidine derivative. 
ATC: R06AX13 
Indications 
Symptomatic treatment of allergic rhinitis and chronic idiopathic urticaria in adults",solid_oral,,False,false,egypt_antiretroviral_formulary_2026.pdf,26,True
Loratadine,"Oral syrup: 2.5 mg/5ml, 1 mg/ml",oral_syrup,"2.5 mg/5ml, 1 mg/ml",Oral,"Oral 
Pharmacologic 
Category 
Histamine H1 antagonist, second generation; piperidine derivative. 
ATC: R06AX13 
Indications 
Symptomatic treatment of allergic rhinitis and chronic idiopathic urticaria in adults",oral_liquid,,False,needs_review,egypt_antiretroviral_formulary_2026.pdf,26,True
Ipratropium Bromide,"Nebulizer solution for inhalation: 250 mcg /ml, 500 mcg /2ml, 250 mcg /2ml",nebulizer_solution,"250 mcg /ml, 500 mcg /2ml, 250 mcg /2ml",Oral Inhalation,"Oral Inhalation 
Pharmacologic 
Category 
Anticholinergic agent 
ATC: R03BB01 
Indications 
Nebulization",inhaler,,False,needs_review,egypt_antiretroviral_formulary_2026.pdf,30,True
Tiotropium,Dry powder in hard capsule: 18 mcg,capsule,18 mcg,Oral Inhalation,"Oral Inhalation 
Pharmacologic 
Category 
Anticholinergic agent, long-acting bronchodilators 
ATC: R03BB04. 
Indications 
• Maintenance broncho dilator treatment of bronchospasm in patients with",inhaler,,False,needs_review,egypt_antiretroviral_formulary_2026.pdf,33,True
Dextromethorphan,Syrup: 200 mg/100ml,oral_syrup,200 mg/100ml,Oral,"Oral 
Pharmacologic 
Category 
Antitussive; N-Methyl-D-Aspartate (NMDA) Receptor Antagonist 
ATC: R05DA09 
Indications 
Cough suppressant for the relief of acute non-productive (dry, irritant) cough.",oral_liquid,,False,needs_review,egypt_antiretroviral_formulary_2026.pdf,38,True
Dextromethorphan,Powder for oral solution: 10 mg/5 g powder,oral_solution,10 mg/5 g powder,Oral,"Oral 
Pharmacologic 
Category 
Antitussive; N-Methyl-D-Aspartate (NMDA) Receptor Antagonist 
ATC: R05DA09 
Indications 
Cough suppressant for the relief of acute non-productive (dry, irritant) cough.",other,,False,false,egypt_antiretroviral_formulary_2026.pdf,38,True
Dextromethorphan,"Oral drops: 10 mg/ml, 15 mg/ml",oral_drops,"10 mg/ml, 15 mg/ml",Oral,"Oral 
Pharmacologic 
Category 
Antitussive; N-Methyl-D-Aspartate (NMDA) Receptor Antagonist 
ATC: R05DA09 
Indications 
Cough suppressant for the relief of acute non-productive (dry, irritant) cough.",oral_liquid,,False,needs_review,egypt_antiretroviral_formulary_2026.pdf,38,True
Dextromethorphan,"Tablets: 10 mg, 15 mg",tablet,"10 mg, 15 mg",Oral,"Oral 
Pharmacologic 
Category 
Antitussive; N-Methyl-D-Aspartate (NMDA) Receptor Antagonist 
ATC: R05DA09 
Indications 
Cough suppressant for the relief of acute non-productive (dry, irritant) cough.",solid_oral,,False,false,egypt_antiretroviral_formulary_2026.pdf,38,True
Formoterol,Inhalation powder in a hard capsule 12 mcg alone,capsule,12 mcg alone,Oral Inhalation,"Oral Inhalation 
Pharmacologic 
Category 
Beta2 agonist; beta2-adrenergic agonist, long-acting 
ATC: R03AC13 
Indications 
• Indicated for use in the treatment and prophylaxis of bronchoconstriction in",inhaler,,False,needs_review,egypt_antiretroviral_formulary_2026.pdf,42,True
Formoterol,12 mcg in combination with 400 mcg budesonide,12_mcg_in_combination_with_400_mcg_budesonide,,Oral Inhalation,"Oral Inhalation 
Pharmacologic 
Category 
Beta2 agonist; beta2-adrenergic agonist, long-acting 
ATC: R03AC13 
Indications 
• Indicated for use in the treatment and prophylaxis of bronchoconstriction in",inhaler,,False,needs_review,egypt_antiretroviral_formulary_2026.pdf,42,True
Formoterol,6 mcg in combination with 200 mcg budesonide,6_mcg_in_combination_with_200_mcg_budesonide,,Oral Inhalation,"Oral Inhalation 
Pharmacologic 
Category 
Beta2 agonist; beta2-adrenergic agonist, long-acting 
ATC: R03AC13 
Indications 
• Indicated for use in the treatment and prophylaxis of bronchoconstriction in",inhaler,,False,needs_review,egypt_antiretroviral_formulary_2026.pdf,42,True
Formoterol,Inhalation powder,inhalation_powder,,Oral Inhalation,"Oral Inhalation 
Pharmacologic 
Category 
Beta2 agonist; beta2-adrenergic agonist, long-acting 
ATC: R03AC13 
Indications 
• Indicated for use in the treatment and prophylaxis of bronchoconstriction in",inhaler,,False,needs_review,egypt_antiretroviral_formulary_2026.pdf,42,True
Formoterol,4.5 mcg (in combination with 80 mcg budesonide),4_5_mcg_in_combination_with_80_mcg_budesonide,,Oral Inhalation,"Oral Inhalation 
Pharmacologic 
Category 
Beta2 agonist; beta2-adrenergic agonist, long-acting 
ATC: R03AC13 
Indications 
• Indicated for use in the treatment and prophylaxis of bronchoconstriction in",inhaler,,False,needs_review,egypt_antiretroviral_formulary_2026.pdf,42,True
Formoterol,4.5 mcg (in combination with 160 mcg budesonide),4_5_mcg_in_combination_with_160_mcg_budesonide,,Oral Inhalation,"Oral Inhalation 
Pharmacologic 
Category 
Beta2 agonist; beta2-adrenergic agonist, long-acting 
ATC: R03AC13 
Indications 
• Indicated for use in the treatment and prophylaxis of bronchoconstriction in",inhaler,,False,needs_review,egypt_antiretroviral_formulary_2026.pdf,42,True
Formoterol,9 mcg (in combination with 320 mcg budesonide) Pressurized Inhalation Solution 12 mcg alone,nebulizer_solution,,Oral Inhalation,"Oral Inhalation 
Pharmacologic 
Category 
Beta2 agonist; beta2-adrenergic agonist, long-acting 
ATC: R03AC13 
Indications 
• Indicated for use in the treatment and prophylaxis of bronchoconstriction in",inhaler,,False,needs_review,egypt_antiretroviral_formulary_2026.pdf,42,True
Formoterol,6 mcg in combination with 100 beclomethasone dipropionate,6_mcg_in_combination_with_100_beclomethasone_dipropionate,,Oral Inhalation,"Oral Inhalation 
Pharmacologic 
Category 
Beta2 agonist; beta2-adrenergic agonist, long-acting 
ATC: R03AC13 
Indications 
• Indicated for use in the treatment and prophylaxis of bronchoconstriction in",inhaler,,False,needs_review,egypt_antiretroviral_formulary_2026.pdf,42,True
Formoterol,5 mcg in combination with fluticasone propionate 50 mcg,5_mcg_in_combination_with_fluticasone_propionate_50_mcg,,Oral Inhalation,"Oral Inhalation 
Pharmacologic 
Category 
Beta2 agonist; beta2-adrenergic agonist, long-acting 
ATC: R03AC13 
Indications 
• Indicated for use in the treatment and prophylaxis of bronchoconstriction in",inhaler,,False,needs_review,egypt_antiretroviral_formulary_2026.pdf,42,True
Formoterol,5 mcg in combination with fluticasone propionate 100 mcg,5_mcg_in_combination_with_fluticasone_propionate_100_mcg,,Oral Inhalation,"Oral Inhalation 
Pharmacologic 
Category 
Beta2 agonist; beta2-adrenergic agonist, long-acting 
ATC: R03AC13 
Indications 
• Indicated for use in the treatment and prophylaxis of bronchoconstriction in",inhaler,,False,needs_review,egypt_antiretroviral_formulary_2026.pdf,42,True
Formoterol,10 mcg in combination with fluticasone propionate 250 mcg Oral Inhalation,inhalation,,Oral Inhalation,"Oral Inhalation 
Pharmacologic 
Category 
Beta2 agonist; beta2-adrenergic agonist, long-acting 
ATC: R03AC13 
Indications 
• Indicated for use in the treatment and prophylaxis of bronchoconstriction in",inhaler,,False,needs_review,egypt_antiretroviral_formulary_2026.pdf,42,True
Formoterol,5 mcg formoterol fumarate dihydrate micronized + 4.5 mcg formoterol fumarate in,5_mcg_formoterol_fumarate_dihydrate_micronized_4_5_mcg_formoterol_fumarate_in,,Oral Inhalation,"Oral Inhalation 
Pharmacologic 
Category 
Beta2 agonist; beta2-adrenergic agonist, long-acting 
ATC: R03AC13 
Indications 
• Indicated for use in the treatment and prophylaxis of bronchoconstriction in",inhaler,,False,needs_review,egypt_antiretroviral_formulary_2026.pdf,42,True
Formoterol,combination with 160 mcg budesonide + 9 mcg glycopyrroium bromide,combination_with,160 mcg budesonide + 9 mcg glycopyrroium bromide,Oral Inhalation,"Oral Inhalation 
Pharmacologic 
Category 
Beta2 agonist; beta2-adrenergic agonist, long-acting 
ATC: R03AC13 
Indications 
• Indicated for use in the treatment and prophylaxis of bronchoconstriction in",inhaler,,False,needs_review,egypt_antiretroviral_formulary_2026.pdf,42,True
Salbutamol,"Sustained release capsule (SR): 4 mg, 8 mg",capsule,"4 mg, 8 mg","Oral, Oral Inhalation, Parenteral","Oral, Oral Inhalation, Parenteral 
Pharmacologic 
Category 
Selective Beta2 Agonist, short-acting 
ATC 
Oral Inhalation: R03AC02 
Oral, Parenteral: R03CC02",inhaler,,False,needs_review,egypt_antiretroviral_formulary_2026.pdf,48,True
Salbutamol,"Tablet: 2 mg, 4 mg (1mg in combination with 4 mg bromhexine hydrochloride)",tablet,"2 mg, 4 mg (1mg in combination with 4 mg bromhexine hydrochloride)","Oral, Oral Inhalation, Parenteral","Oral, Oral Inhalation, Parenteral 
Pharmacologic 
Category 
Selective Beta2 Agonist, short-acting 
ATC 
Oral Inhalation: R03AC02 
Oral, Parenteral: R03CC02",inhaler,,False,needs_review,egypt_antiretroviral_formulary_2026.pdf,48,True
Salbutamol,Syrup,oral_syrup,,"Oral, Oral Inhalation, Parenteral","Oral, Oral Inhalation, Parenteral 
Pharmacologic 
Category 
Selective Beta2 Agonist, short-acting 
ATC 
Oral Inhalation: R03AC02 
Oral, Parenteral: R03CC02",inhaler,,False,needs_review,egypt_antiretroviral_formulary_2026.pdf,48,True
Salbutamol,2 mg/5 ml,2_mg_5_ml,,"Oral, Oral Inhalation, Parenteral","Oral, Oral Inhalation, Parenteral 
Pharmacologic 
Category 
Selective Beta2 Agonist, short-acting 
ATC 
Oral Inhalation: R03AC02 
Oral, Parenteral: R03CC02",inhaler,,False,needs_review,egypt_antiretroviral_formulary_2026.pdf,48,True
Salbutamol,2 mg + 50 mg guaifenesin /5ml,2_mg_50_mg_guaifenesin_5ml,,"Oral, Oral Inhalation, Parenteral","Oral, Oral Inhalation, Parenteral 
Pharmacologic 
Category 
Selective Beta2 Agonist, short-acting 
ATC 
Oral Inhalation: R03AC02 
Oral, Parenteral: R03CC02",inhaler,,False,needs_review,egypt_antiretroviral_formulary_2026.pdf,48,True
Salbutamol,2 mg + 100 mg ammonium chloride /5ml,2_mg_100_mg_ammonium_chloride_5ml,,"Oral, Oral Inhalation, Parenteral","Oral, Oral Inhalation, Parenteral 
Pharmacologic 
Category 
Selective Beta2 Agonist, short-acting 
ATC 
Oral Inhalation: R03AC02 
Oral, Parenteral: R03CC02",inhaler,,False,needs_review,egypt_antiretroviral_formulary_2026.pdf,48,True
Salbutamol,1 mg + 50 mg guaifenesin + 2 mg bromhexine chloride /5ml Oral inhalation solution,nebulizer_solution,,"Oral, Oral Inhalation, Parenteral","Oral, Oral Inhalation, Parenteral 
Pharmacologic 
Category 
Selective Beta2 Agonist, short-acting 
ATC 
Oral Inhalation: R03AC02 
Oral, Parenteral: R03CC02",inhaler,,False,needs_review,egypt_antiretroviral_formulary_2026.pdf,48,True
Salbutamol,"5 mg/ml, 2.5 mg/2.5ml, 5 mg/2.5ml",5_mg_ml_2_5_mg_2_5ml_5_mg_2_5ml,,"Oral, Oral Inhalation, Parenteral","Oral, Oral Inhalation, Parenteral 
Pharmacologic 
Category 
Selective Beta2 Agonist, short-acting 
ATC 
Oral Inhalation: R03AC02 
Oral, Parenteral: R03CC02",inhaler,,False,needs_review,egypt_antiretroviral_formulary_2026.pdf,48,True
Salbutamol,2.5 mg + 0.5 mg ipratropium bromide /2.5ml,2_5_mg_0_5_mg_ipratropium_bromide_2_5ml,,"Oral, Oral Inhalation, Parenteral","Oral, Oral Inhalation, Parenteral 
Pharmacologic 
Category 
Selective Beta2 Agonist, short-acting 
ATC 
Oral Inhalation: R03AC02 
Oral, Parenteral: R03CC02",inhaler,,False,needs_review,egypt_antiretroviral_formulary_2026.pdf,48,True
Salbutamol,1 mg + 0.2 mg ipratropium bromide / 1 ml,1_mg_0_2_mg_ipratropium_bromide_1_ml,,"Oral, Oral Inhalation, Parenteral","Oral, Oral Inhalation, Parenteral 
Pharmacologic 
Category 
Selective Beta2 Agonist, short-acting 
ATC 
Oral Inhalation: R03AC02 
Oral, Parenteral: R03CC02",inhaler,,False,needs_review,egypt_antiretroviral_formulary_2026.pdf,48,True
Salbutamol,Oral dry powder inhalation: 200 mcg/dose Oral metered dose inhaler,inhalation_powder,200 mcg/dose Oral metered dose inhaler,"Oral, Oral Inhalation, Parenteral","Oral, Oral Inhalation, Parenteral 
Pharmacologic 
Category 
Selective Beta2 Agonist, short-acting 
ATC 
Oral Inhalation: R03AC02 
Oral, Parenteral: R03CC02",inhaler,,False,needs_review,egypt_antiretroviral_formulary_2026.pdf,48,True
Salbutamol,0.1 mg/dose,0_1_mg_dose,,"Oral, Oral Inhalation, Parenteral","Oral, Oral Inhalation, Parenteral 
Pharmacologic 
Category 
Selective Beta2 Agonist, short-acting 
ATC 
Oral Inhalation: R03AC02 
Oral, Parenteral: R03CC02",inhaler,,False,needs_review,egypt_antiretroviral_formulary_2026.pdf,48,True
Salbutamol,0.1 mg + 0.02 mg ipratropium chloride/dose,0_1_mg_0_02_mg_ipratropium_chloride_dose,,"Oral, Oral Inhalation, Parenteral","Oral, Oral Inhalation, Parenteral 
Pharmacologic 
Category 
Selective Beta2 Agonist, short-acting 
ATC 
Oral Inhalation: R03AC02 
Oral, Parenteral: R03CC02",inhaler,,False,needs_review,egypt_antiretroviral_formulary_2026.pdf,48,True
Salbutamol,0.1 mg + 0.05 mg beclomethasone dipropionate /dose,0_1_mg_0_05_mg_beclomethasone_dipropionate_dose,,"Oral, Oral Inhalation, Parenteral","Oral, Oral Inhalation, Parenteral 
Pharmacologic 
Category 
Selective Beta2 Agonist, short-acting 
ATC 
Oral Inhalation: R03AC02 
Oral, Parenteral: R03CC02",inhaler,,False,needs_review,egypt_antiretroviral_formulary_2026.pdf,48,True
Salbutamol,Parenteral SC/IM/IV: 0.5 mg/ml,parenteral_sc_im_iv,0.5 mg/ml,"Oral, Oral Inhalation, Parenteral","Oral, Oral Inhalation, Parenteral 
Pharmacologic 
Category 
Selective Beta2 Agonist, short-acting 
ATC 
Oral Inhalation: R03AC02 
Oral, Parenteral: R03CC02",inhaler,,False,needs_review,egypt_antiretroviral_formulary_2026.pdf,48,True
Terbutaline,"Syrup: 1.5 mg/5ml single and in combination, 1.25 mg, 1.5 mg/5ml in combination",oral_syrup,"1.5 mg/5ml single and in combination, 1.25 mg, 1.5 mg/5ml in combination","Oral, inhalation","Oral, inhalation 
Pharmacologic 
Category 
Beta2-adrenoreceptor agonists 
 
ATC 
Nebulizer solution: R03AC03",inhaler,,False,needs_review,egypt_antiretroviral_formulary_2026.pdf,53,True
Terbutaline,Tablets: 2.5 mg,tablet,2.5 mg,"Oral, inhalation","Oral, inhalation 
Pharmacologic 
Category 
Beta2-adrenoreceptor agonists 
 
ATC 
Nebulizer solution: R03AC03",inhaler,,False,needs_review,egypt_antiretroviral_formulary_2026.pdf,53,True
Terbutaline,Solution for nebulizer: 5mg/2ml,nebulizer_solution,5mg/2ml,"Oral, inhalation","Oral, inhalation 
Pharmacologic 
Category 
Beta2-adrenoreceptor agonists 
 
ATC 
Nebulizer solution: R03AC03",inhaler,,False,needs_review,egypt_antiretroviral_formulary_2026.pdf,53,True
Xylometazoline,"Nasal drops: 0.05%, 0.1%",nasal_drops,"0.05%, 0.1%",Nasal,"Nasal 
Pharmacologic 
Category 
Alpha-adrenergic agonist; decongestant; imidazoline derivative 
ATC: R01AA07 
Indications 
Nasal relief of nasopharyngeal congestion, perennial and allergic rhinitis (including",nasal,,False,needs_review,egypt_antiretroviral_formulary_2026.pdf,58,True
Xylometazoline,"Nasal spray: 1mg/ml, 0.5mg/ml",nasal_spray,"1mg/ml, 0.5mg/ml",Nasal,"Nasal 
Pharmacologic 
Category 
Alpha-adrenergic agonist; decongestant; imidazoline derivative 
ATC: R01AA07 
Indications 
Nasal relief of nasopharyngeal congestion, perennial and allergic rhinitis (including",nasal,,False,needs_review,egypt_antiretroviral_formulary_2026.pdf,58,True
Xylometazoline,"Some products are combined with carbocysteine 5 mg, 10 mg, and dexapanthenol",some_products_are_combined_with_carbocysteine,"5 mg, 10 mg, and dexapanthenol",Nasal,"Nasal 
Pharmacologic 
Category 
Alpha-adrenergic agonist; decongestant; imidazoline derivative 
ATC: R01AA07 
Indications 
Nasal relief of nasopharyngeal congestion, perennial and allergic rhinitis (including",nasal,,False,needs_review,egypt_antiretroviral_formulary_2026.pdf,58,True
Xylometazoline,50 mg/ml,50_mg_ml,,Nasal,"Nasal 
Pharmacologic 
Category 
Alpha-adrenergic agonist; decongestant; imidazoline derivative 
ATC: R01AA07 
Indications 
Nasal relief of nasopharyngeal congestion, perennial and allergic rhinitis (including",nasal,,False,needs_review,egypt_antiretroviral_formulary_2026.pdf,58,True
Beclomethasone Dipropionate,/Strengths,strengths,,"Nasal, oral spray, topical","Nasal, oral spray, topical 
Pharmacologic 
Category 
Corticosteroid, inhalant (oral), nasal  
ATC:  R03BA01, R01AD01, D07AC01 
Indications 
• Nasal spray: Indicated for the treatment and prevention of seasonal and",nasal,,False,needs_review,egypt_antiretroviral_formulary_2026.pdf,69,True
Beclomethasone Dipropionate,"Oral inhalation aerosol: 50 micrograms, 100 mcg per actuation",inhalation_aerosol,"50 micrograms, 100 mcg per actuation","Nasal, oral spray, topical","Nasal, oral spray, topical 
Pharmacologic 
Category 
Corticosteroid, inhalant (oral), nasal  
ATC:  R03BA01, R01AD01, D07AC01 
Indications 
• Nasal spray: Indicated for the treatment and prevention of seasonal and",inhaler,,False,needs_review,egypt_antiretroviral_formulary_2026.pdf,69,True
Beclomethasone Dipropionate,Nasal suspension spray:,oral_suspension,,"Nasal, oral spray, topical","Nasal, oral spray, topical 
Pharmacologic 
Category 
Corticosteroid, inhalant (oral), nasal  
ATC:  R03BA01, R01AD01, D07AC01 
Indications 
• Nasal spray: Indicated for the treatment and prevention of seasonal and",nasal,,False,needs_review,egypt_antiretroviral_formulary_2026.pdf,69,True
Beclomethasone Dipropionate,42 mg/ 100 ml (each puff contains 42 mcg),42_mg_100_ml_each_puff_contains_42_mcg,,"Nasal, oral spray, topical","Nasal, oral spray, topical 
Pharmacologic 
Category 
Corticosteroid, inhalant (oral), nasal  
ATC:  R03BA01, R01AD01, D07AC01 
Indications 
• Nasal spray: Indicated for the treatment and prevention of seasonal and",nasal,,False,needs_review,egypt_antiretroviral_formulary_2026.pdf,69,True
Beclomethasone Dipropionate,77 mg/ 100 ml (each puff contains 77 mcg),77_mg_100_ml_each_puff_contains_77_mcg,,"Nasal, oral spray, topical","Nasal, oral spray, topical 
Pharmacologic 
Category 
Corticosteroid, inhalant (oral), nasal  
ATC:  R03BA01, R01AD01, D07AC01 
Indications 
• Nasal spray: Indicated for the treatment and prevention of seasonal and",nasal,,False,needs_review,egypt_antiretroviral_formulary_2026.pdf,69,True
Beclomethasone Dipropionate,Nasal inhalation aerosol:  50 micrograms per actuation,inhalation_aerosol,50 micrograms per actuation,"Nasal, oral spray, topical","Nasal, oral spray, topical 
Pharmacologic 
Category 
Corticosteroid, inhalant (oral), nasal  
ATC:  R03BA01, R01AD01, D07AC01 
Indications 
• Nasal spray: Indicated for the treatment and prevention of seasonal and",inhaler,,False,needs_review,egypt_antiretroviral_formulary_2026.pdf,69,True
Beclomethasone Dipropionate,Topical cream: Beclometasone dipropionate 0.25 mg/gm (for non-respiratory use),cream,Beclometasone dipropionate 0.25 mg/gm (for non-respiratory use),"Nasal, oral spray, topical","Nasal, oral spray, topical 
Pharmacologic 
Category 
Corticosteroid, inhalant (oral), nasal  
ATC:  R03BA01, R01AD01, D07AC01 
Indications 
• Nasal spray: Indicated for the treatment and prevention of seasonal and",nasal,,False,needs_review,egypt_antiretroviral_formulary_2026.pdf,69,True
Fluticasone,/Strengths,strengths,,"Intranasal, intranasal inhalation, oral inhalation, topical","Intranasal, intranasal inhalation, oral inhalation, topical 
Pharmacologic 
Category 
Corticosteroids  
ATC: D07AC17, R01AD08, R01AD12 (salt), R03BA05, R03BA09 
Indications 
Nasal spray",inhaler,,False,needs_review,egypt_antiretroviral_formulary_2026.pdf,77,True
Fluticasone,"Metered nasal spray: 27.5 mcg, 28 mcg, 50 mcg /actuation",nasal_spray,"27.5 mcg, 28 mcg, 50 mcg /actuation","Intranasal, intranasal inhalation, oral inhalation, topical","Intranasal, intranasal inhalation, oral inhalation, topical 
Pharmacologic 
Category 
Corticosteroids  
ATC: D07AC17, R01AD08, R01AD12 (salt), R03BA05, R03BA09 
Indications 
Nasal spray",inhaler,,False,needs_review,egypt_antiretroviral_formulary_2026.pdf,77,True
Fluticasone,Topical cream: 0.05%,cream,0.05%,"Intranasal, intranasal inhalation, oral inhalation, topical","Intranasal, intranasal inhalation, oral inhalation, topical 
Pharmacologic 
Category 
Corticosteroids  
ATC: D07AC17, R01AD08, R01AD12 (salt), R03BA05, R03BA09 
Indications 
Nasal spray",inhaler,,False,needs_review,egypt_antiretroviral_formulary_2026.pdf,77,True
Fluticasone,Topical ointment: 0.005%,ointment,0.005%,"Intranasal, intranasal inhalation, oral inhalation, topical","Intranasal, intranasal inhalation, oral inhalation, topical 
Pharmacologic 
Category 
Corticosteroids  
ATC: D07AC17, R01AD08, R01AD12 (salt), R03BA05, R03BA09 
Indications 
Nasal spray",inhaler,,False,needs_review,egypt_antiretroviral_formulary_2026.pdf,77,True
Fluticasone,Monodose nasal drops: 400 mcg,nasal_drops,400 mcg,"Intranasal, intranasal inhalation, oral inhalation, topical","Intranasal, intranasal inhalation, oral inhalation, topical 
Pharmacologic 
Category 
Corticosteroids  
ATC: D07AC17, R01AD08, R01AD12 (salt), R03BA05, R03BA09 
Indications 
Nasal spray",inhaler,,False,needs_review,egypt_antiretroviral_formulary_2026.pdf,77,True
Fluticasone,"Suspension for inhalation in a pressurized can: 125 mcg/dose, 50 mcg",oral_suspension,"125 mcg/dose, 50 mcg","Intranasal, intranasal inhalation, oral inhalation, topical","Intranasal, intranasal inhalation, oral inhalation, topical 
Pharmacologic 
Category 
Corticosteroids  
ATC: D07AC17, R01AD08, R01AD12 (salt), R03BA05, R03BA09 
Indications 
Nasal spray",inhaler,,False,needs_review,egypt_antiretroviral_formulary_2026.pdf,77,True
Fluticasone,"Inhalation powder: 250 mcg, 100 mcg",inhalation_powder,"250 mcg, 100 mcg","Intranasal, intranasal inhalation, oral inhalation, topical","Intranasal, intranasal inhalation, oral inhalation, topical 
Pharmacologic 
Category 
Corticosteroids  
ATC: D07AC17, R01AD08, R01AD12 (salt), R03BA05, R03BA09 
Indications 
Nasal spray",inhaler,,False,needs_review,egypt_antiretroviral_formulary_2026.pdf,77,True
Fluticasone,Nasal spray solution: 37.5mg/100 ml,nasal_spray,37.5mg/100 ml,"Intranasal, intranasal inhalation, oral inhalation, topical","Intranasal, intranasal inhalation, oral inhalation, topical 
Pharmacologic 
Category 
Corticosteroids  
ATC: D07AC17, R01AD08, R01AD12 (salt), R03BA05, R03BA09 
Indications 
Nasal spray",inhaler,,False,needs_review,egypt_antiretroviral_formulary_2026.pdf,77,True
Montelukast,Oral granules (in sachets): 4 mg,granules,4 mg,Oral,"Oral 
Pharmacologic 
Category 
Leukotriene receptor antagonists. 
ATC: R03DC03 
Indications 
• Prophylaxis and chronic treatment of asthma in patients 12 months of age and",solid_oral,,False,false,egypt_antiretroviral_formulary_2026.pdf,88,True
Montelukast,"Chewable tablets: 4 mg, 5 mg",chewable_tablet,"4 mg, 5 mg",Oral,"Oral 
Pharmacologic 
Category 
Leukotriene receptor antagonists. 
ATC: R03DC03 
Indications 
• Prophylaxis and chronic treatment of asthma in patients 12 months of age and",solid_oral,,False,false,egypt_antiretroviral_formulary_2026.pdf,88,True
Montelukast,"Film Coated Tablets: 5 mg, 10 mg",tablet,"5 mg, 10 mg",Oral,"Oral 
Pharmacologic 
Category 
Leukotriene receptor antagonists. 
ATC: R03DC03 
Indications 
• Prophylaxis and chronic treatment of asthma in patients 12 months of age and",solid_oral,,False,false,egypt_antiretroviral_formulary_2026.pdf,88,True
Acetylcysteine,/Strengths,strengths,,"IV, Oral, Inhalation","IV, Oral, Inhalation 
Pharmacologic 
Category 
Antidote; mucolytic agent 
ATC: Oral and inhalation: R05CB01; Antidote: V03AB23 
Indications 
Oral",inhaler,,False,needs_review,egypt_antiretroviral_formulary_2026.pdf,93,True
Acetylcysteine,"Granules in sachet for oral solution: 200 mg, 600 mg",oral_solution,"200 mg, 600 mg","IV, Oral, Inhalation","IV, Oral, Inhalation 
Pharmacologic 
Category 
Antidote; mucolytic agent 
ATC: Oral and inhalation: R05CB01; Antidote: V03AB23 
Indications 
Oral",inhaler,,False,needs_review,egypt_antiretroviral_formulary_2026.pdf,93,True
Acetylcysteine,Powder for oral solution: 600 mg,oral_solution,600 mg,"IV, Oral, Inhalation","IV, Oral, Inhalation 
Pharmacologic 
Category 
Antidote; mucolytic agent 
ATC: Oral and inhalation: R05CB01; Antidote: V03AB23 
Indications 
Oral",inhaler,,False,needs_review,egypt_antiretroviral_formulary_2026.pdf,93,True
Acetylcysteine,Effervescent tablet: 600 mg,effervescent_tablet,600 mg,"IV, Oral, Inhalation","IV, Oral, Inhalation 
Pharmacologic 
Category 
Antidote; mucolytic agent 
ATC: Oral and inhalation: R05CB01; Antidote: V03AB23 
Indications 
Oral",inhaler,,False,needs_review,egypt_antiretroviral_formulary_2026.pdf,93,True
Acetylcysteine,Capsule: 600 mg,capsule,600 mg,"IV, Oral, Inhalation","IV, Oral, Inhalation 
Pharmacologic 
Category 
Antidote; mucolytic agent 
ATC: Oral and inhalation: R05CB01; Antidote: V03AB23 
Indications 
Oral",inhaler,,False,needs_review,egypt_antiretroviral_formulary_2026.pdf,93,True
Acetylcysteine,Oral syrup: 100 mg/5 ml,oral_syrup,100 mg/5 ml,"IV, Oral, Inhalation","IV, Oral, Inhalation 
Pharmacologic 
Category 
Antidote; mucolytic agent 
ATC: Oral and inhalation: R05CB01; Antidote: V03AB23 
Indications 
Oral",inhaler,,False,needs_review,egypt_antiretroviral_formulary_2026.pdf,93,True
Acetylcysteine,Solution for oral inhalation: 100 mg/ml,inhalation,100 mg/ml,"IV, Oral, Inhalation","IV, Oral, Inhalation 
Pharmacologic 
Category 
Antidote; mucolytic agent 
ATC: Oral and inhalation: R05CB01; Antidote: V03AB23 
Indications 
Oral",inhaler,,False,needs_review,egypt_antiretroviral_formulary_2026.pdf,93,True
Acetylcysteine,"Solution for IV: 2 gm/10 ml, 5 gm/25 ml, 300 mg/3 ml",solution_for_iv,"2 gm/10 ml, 5 gm/25 ml, 300 mg/3 ml","IV, Oral, Inhalation","IV, Oral, Inhalation 
Pharmacologic 
Category 
Antidote; mucolytic agent 
ATC: Oral and inhalation: R05CB01; Antidote: V03AB23 
Indications 
Oral",inhaler,,False,needs_review,egypt_antiretroviral_formulary_2026.pdf,93,True
Acetylcysteine,Concentrate for solution for IV infusion and inhalation: 1000 mg /5ml,inhalation,1000 mg /5ml,"IV, Oral, Inhalation","IV, Oral, Inhalation 
Pharmacologic 
Category 
Antidote; mucolytic agent 
ATC: Oral and inhalation: R05CB01; Antidote: V03AB23 
Indications 
Oral",inhaler,,False,needs_review,egypt_antiretroviral_formulary_2026.pdf,93,True
Ambroxol,Buccal spray solution: 2.5 mg/spray,topical_spray,2.5 mg/spray,"Buccal, Oral","Buccal, Oral 
Pharmacologic 
category 
Local Anesthetic, Mucolytic Agent 
ATC: Mucolytic agent (oral): R05CB06, local anesthetic (buccal): RO2AD05. 
Indications 
─ Buccal: Relief of acute sore throat in adults and children over 12 years old.",other,,False,false,egypt_antiretroviral_formulary_2026.pdf,98,True
Ambroxol,Lozenges: 20 mg,lozenges,20 mg,"Buccal, Oral","Buccal, Oral 
Pharmacologic 
category 
Local Anesthetic, Mucolytic Agent 
ATC: Mucolytic agent (oral): R05CB06, local anesthetic (buccal): RO2AD05. 
Indications 
─ Buccal: Relief of acute sore throat in adults and children over 12 years old.",other,,False,false,egypt_antiretroviral_formulary_2026.pdf,98,True
Ambroxol,Oral drops: 7.5 mg/ml,oral_drops,7.5 mg/ml,"Buccal, Oral","Buccal, Oral 
Pharmacologic 
category 
Local Anesthetic, Mucolytic Agent 
ATC: Mucolytic agent (oral): R05CB06, local anesthetic (buccal): RO2AD05. 
Indications 
─ Buccal: Relief of acute sore throat in adults and children over 12 years old.",oral_liquid,,False,needs_review,egypt_antiretroviral_formulary_2026.pdf,98,True
Ambroxol,Sustained-release hard gelatin capsules: 75 mg,capsule,75 mg,"Buccal, Oral","Buccal, Oral 
Pharmacologic 
category 
Local Anesthetic, Mucolytic Agent 
ATC: Mucolytic agent (oral): R05CB06, local anesthetic (buccal): RO2AD05. 
Indications 
─ Buccal: Relief of acute sore throat in adults and children over 12 years old.",solid_oral,,False,false,egypt_antiretroviral_formulary_2026.pdf,98,True
Ambroxol,"Syrup: 15 mg/5 ml, 30 mg/5 ml",oral_syrup,"15 mg/5 ml, 30 mg/5 ml","Buccal, Oral","Buccal, Oral 
Pharmacologic 
category 
Local Anesthetic, Mucolytic Agent 
ATC: Mucolytic agent (oral): R05CB06, local anesthetic (buccal): RO2AD05. 
Indications 
─ Buccal: Relief of acute sore throat in adults and children over 12 years old.",oral_liquid,,False,needs_review,egypt_antiretroviral_formulary_2026.pdf,98,True
Ambroxol,Tablets: 30 mg,tablet,30 mg,"Buccal, Oral","Buccal, Oral 
Pharmacologic 
category 
Local Anesthetic, Mucolytic Agent 
ATC: Mucolytic agent (oral): R05CB06, local anesthetic (buccal): RO2AD05. 
Indications 
─ Buccal: Relief of acute sore throat in adults and children over 12 years old.",solid_oral,,False,false,egypt_antiretroviral_formulary_2026.pdf,98,True
Bromhexine,Oral drops: 2 mg/ml,oral_drops,2 mg/ml,Oral,"Oral 
Pharmacologic 
category 
Mucolytic Agent 
ATC: R05CB02 
Indications 
─ For use as a mucolytic to break down mucus and help clear the chest in conditions",oral_liquid,,False,needs_review,egypt_antiretroviral_formulary_2026.pdf,101,True
Bromhexine,Oral solution: 4 mg/5 ml,oral_solution,4 mg/5 ml,Oral,"Oral 
Pharmacologic 
category 
Mucolytic Agent 
ATC: R05CB02 
Indications 
─ For use as a mucolytic to break down mucus and help clear the chest in conditions",other,,False,false,egypt_antiretroviral_formulary_2026.pdf,101,True
Bromhexine,"Oral syrup: 4 mg/5 ml, 8 mg/5 ml",oral_syrup,"4 mg/5 ml, 8 mg/5 ml",Oral,"Oral 
Pharmacologic 
category 
Mucolytic Agent 
ATC: R05CB02 
Indications 
─ For use as a mucolytic to break down mucus and help clear the chest in conditions",oral_liquid,,False,needs_review,egypt_antiretroviral_formulary_2026.pdf,101,True
Bromhexine,Tablets: 8 mg,tablet,8 mg,Oral,"Oral 
Pharmacologic 
category 
Mucolytic Agent 
ATC: R05CB02 
Indications 
─ For use as a mucolytic to break down mucus and help clear the chest in conditions",solid_oral,,False,false,egypt_antiretroviral_formulary_2026.pdf,101,True
Carbocisteine (Carbocysteine),/Strengths,strengths,,"Oral, nasal spray","Oral, nasal spray      
Pharmacologic 
Category 
Mucolytic Agent 
ATC: R05CB03           
Indications 
Mucolytic agent for the adjunctive therapy of respiratory tract disorders",nasal,,False,needs_review,egypt_antiretroviral_formulary_2026.pdf,104,True
Carbocisteine (Carbocysteine),Oral syrup,oral_syrup,,"Oral, nasal spray","Oral, nasal spray      
Pharmacologic 
Category 
Mucolytic Agent 
ATC: R05CB03           
Indications 
Mucolytic agent for the adjunctive therapy of respiratory tract disorders",nasal,,False,needs_review,egypt_antiretroviral_formulary_2026.pdf,104,True
Carbocisteine (Carbocysteine),"100 mg/5 ml, 250 mg/ 5ml alone",100_mg_5_ml_250_mg_5ml_alone,,"Oral, nasal spray","Oral, nasal spray      
Pharmacologic 
Category 
Mucolytic Agent 
ATC: R05CB03           
Indications 
Mucolytic agent for the adjunctive therapy of respiratory tract disorders",nasal,,False,needs_review,egypt_antiretroviral_formulary_2026.pdf,104,True
Carbocisteine (Carbocysteine),"(100, 125 mg in combination with guaifenesin 100 mg, oxomemazine 2mg)",100,"125 mg in combination with guaifenesin 100 mg, oxomemazine 2mg)","Oral, nasal spray","Oral, nasal spray      
Pharmacologic 
Category 
Mucolytic Agent 
ATC: R05CB03           
Indications 
Mucolytic agent for the adjunctive therapy of respiratory tract disorders",nasal,,False,needs_review,egypt_antiretroviral_formulary_2026.pdf,104,True
Carbocisteine (Carbocysteine),100mg /5 ml in combination with Promethazine HCL 2.5mg),100mg_5_ml_in_combination_with_promethazine_hcl_2_5mg,,"Oral, nasal spray","Oral, nasal spray      
Pharmacologic 
Category 
Mucolytic Agent 
ATC: R05CB03           
Indications 
Mucolytic agent for the adjunctive therapy of respiratory tract disorders",nasal,,False,needs_review,egypt_antiretroviral_formulary_2026.pdf,104,True
Carbocisteine (Carbocysteine),Capsule: 375 mg,capsule,375 mg,"Oral, nasal spray","Oral, nasal spray      
Pharmacologic 
Category 
Mucolytic Agent 
ATC: R05CB03           
Indications 
Mucolytic agent for the adjunctive therapy of respiratory tract disorders",nasal,,False,needs_review,egypt_antiretroviral_formulary_2026.pdf,104,True
Carbocisteine (Carbocysteine),"Tablet: 375mg (in combination with guaifenesin 225 mg, oxomemazine 5mg)",tablet,"375mg (in combination with guaifenesin 225 mg, oxomemazine 5mg)","Oral, nasal spray","Oral, nasal spray      
Pharmacologic 
Category 
Mucolytic Agent 
ATC: R05CB03           
Indications 
Mucolytic agent for the adjunctive therapy of respiratory tract disorders",nasal,,False,needs_review,egypt_antiretroviral_formulary_2026.pdf,104,True
Carbocisteine (Carbocysteine),Granule for oral suspension: 750 mg,oral_suspension,750 mg,"Oral, nasal spray","Oral, nasal spray      
Pharmacologic 
Category 
Mucolytic Agent 
ATC: R05CB03           
Indications 
Mucolytic agent for the adjunctive therapy of respiratory tract disorders",nasal,,False,needs_review,egypt_antiretroviral_formulary_2026.pdf,104,True
Carbocisteine (Carbocysteine),Nasal spray: 5 mg (in combination with 0.5 mg xylometazoline hydrochloride),nasal_spray,5 mg (in combination with 0.5 mg xylometazoline hydrochloride),"Oral, nasal spray","Oral, nasal spray      
Pharmacologic 
Category 
Mucolytic Agent 
ATC: R05CB03           
Indications 
Mucolytic agent for the adjunctive therapy of respiratory tract disorders",nasal,,False,needs_review,egypt_antiretroviral_formulary_2026.pdf,104,True
Carbocisteine (Carbocysteine),10 mg (in combination with 1 mg xylometazoline hydrochloride),10_mg_in_combination_with_1_mg_xylometazoline_hydrochloride,,"Oral, nasal spray","Oral, nasal spray      
Pharmacologic 
Category 
Mucolytic Agent 
ATC: R05CB03           
Indications 
Mucolytic agent for the adjunctive therapy of respiratory tract disorders",nasal,,False,needs_review,egypt_antiretroviral_formulary_2026.pdf,104,True
Guaifenesin,"Extended-release tablet: 600 mg, 1200 mg",extended_release_tablet,"600 mg, 1200 mg","Oral, rectal","Oral, rectal 
Pharmacologic 
Category 
Expectorant 
ATC: R05CA03, R05CA10, R05FA02, R05X 
Indications 
Symptomatic relief of productive cough in adults and adolescents above 12 years. It",rectal,,False,needs_review,egypt_antiretroviral_formulary_2026.pdf,106,True
Guaifenesin,"Tablets: 100 mg, 200 mg, 225 mg, 400 mg",tablet,"100 mg, 200 mg, 225 mg, 400 mg","Oral, rectal","Oral, rectal 
Pharmacologic 
Category 
Expectorant 
ATC: R05CA03, R05CA10, R05FA02, R05X 
Indications 
Symptomatic relief of productive cough in adults and adolescents above 12 years. It",rectal,,False,needs_review,egypt_antiretroviral_formulary_2026.pdf,106,True
Guaifenesin,Capsules: 100 mg,capsule,100 mg,"Oral, rectal","Oral, rectal 
Pharmacologic 
Category 
Expectorant 
ATC: R05CA03, R05CA10, R05FA02, R05X 
Indications 
Symptomatic relief of productive cough in adults and adolescents above 12 years. It",rectal,,False,needs_review,egypt_antiretroviral_formulary_2026.pdf,106,True
Guaifenesin,"Oral syrup: 10 mg/5 ml, 30 mg/5 ml, 50 mg/5 ml, 100 mg/5 ml,100 mg/10 ml",oral_syrup,"10 mg/5 ml, 30 mg/5 ml, 50 mg/5 ml, 100 mg/5 ml,100 mg/10 ml","Oral, rectal","Oral, rectal 
Pharmacologic 
Category 
Expectorant 
ATC: R05CA03, R05CA10, R05FA02, R05X 
Indications 
Symptomatic relief of productive cough in adults and adolescents above 12 years. It",rectal,,False,needs_review,egypt_antiretroviral_formulary_2026.pdf,106,True
Guaifenesin,"200 mg/5 ml, 200 mg/15 ml, 33.3mg/5ml",200_mg_5_ml_200_mg_15_ml_33_3mg_5ml,,"Oral, rectal","Oral, rectal 
Pharmacologic 
Category 
Expectorant 
ATC: R05CA03, R05CA10, R05FA02, R05X 
Indications 
Symptomatic relief of productive cough in adults and adolescents above 12 years. It",rectal,,False,needs_review,egypt_antiretroviral_formulary_2026.pdf,106,True
Guaifenesin,Powder for oral solution: 200 mg/sachet,oral_solution,200 mg/sachet,"Oral, rectal","Oral, rectal 
Pharmacologic 
Category 
Expectorant 
ATC: R05CA03, R05CA10, R05FA02, R05X 
Indications 
Symptomatic relief of productive cough in adults and adolescents above 12 years. It",rectal,,False,needs_review,egypt_antiretroviral_formulary_2026.pdf,106,True
Guaifenesin,Effervescent granules:100mg/sachet,effervescent_granules,100mg/sachet,"Oral, rectal","Oral, rectal 
Pharmacologic 
Category 
Expectorant 
ATC: R05CA03, R05CA10, R05FA02, R05X 
Indications 
Symptomatic relief of productive cough in adults and adolescents above 12 years. It",rectal,,False,needs_review,egypt_antiretroviral_formulary_2026.pdf,106,True
Guaifenesin,Rectal suppository: 66.6 mg/suppository,suppository,66.6 mg/suppository,"Oral, rectal","Oral, rectal 
Pharmacologic 
Category 
Expectorant 
ATC: R05CA03, R05CA10, R05FA02, R05X 
Indications 
Symptomatic relief of productive cough in adults and adolescents above 12 years. It",rectal,,False,needs_review,egypt_antiretroviral_formulary_2026.pdf,106,True
Guaifenesin,Guaifenesin is available in different combinations,guaifenesin_is_available_in_different_combinations,,"Oral, rectal","Oral, rectal 
Pharmacologic 
Category 
Expectorant 
ATC: R05CA03, R05CA10, R05FA02, R05X 
Indications 
Symptomatic relief of productive cough in adults and adolescents above 12 years. It",rectal,,False,needs_review,egypt_antiretroviral_formulary_2026.pdf,106,True
Theophylline,"Sustained release tablet: 200 mg, 300 mg And combinations of theophylline anhydrous",tablet,"200 mg, 300 mg And combinations of theophylline anhydrous",Oral,"Oral 
Pharmacologic 
Category 
Phosphodiesterase enzyme inhibitor, nonselective. 
ATC: R03DA04 
Indications 
• Treatment and prophylaxis of bronchospasm associated with asthma.",solid_oral,,False,false,egypt_antiretroviral_formulary_2026.pdf,113,True
Doxapram,Solution for IV Bolus Injection: 100mg / 5ml ampoules,injection,100mg / 5ml ampoules,Intravenous,"Intravenous 
Pharmacologic 
Category 
Respiratory Stimulant 
ATC:  R07AB01 
Indications 
1. Acute Respiratory Failure (hypercapnia)",injection,,False,needs_review,egypt_antiretroviral_formulary_2026.pdf,117,True
Doxapram,"Solution for IV Infusion: 2mg / 1ml, 500ml infusion bag",iv_infusion,"2mg / 1ml, 500ml infusion bag",Intravenous,"Intravenous 
Pharmacologic 
Category 
Respiratory Stimulant 
ATC:  R07AB01 
Indications 
1. Acute Respiratory Failure (hypercapnia)",injection,,False,needs_review,egypt_antiretroviral_formulary_2026.pdf,117,True
Beractant,"Sterile suspension for intratracheal administration Vial: 25 mg/ml (4, 8 ml)",oral_suspension,"25 mg/ml (4, 8 ml)",Intratracheal administration,"Intratracheal administration 
Pharmacologic 
Category 
Lung Surfactant 
ATC:  R07AA02 
Indications 
It is indicated for prevention and treatment (“rescue”) of respiratory distress",oral_liquid,,False,needs_review,egypt_antiretroviral_formulary_2026.pdf,122,True
Pirfenidone,Hard Gelatin Capsules: 267 mg,capsule,267 mg,Oral,"Oral 
Pharmacologic 
Category 
Anti-inflammatory Agent; Antifibrotic Agent 
ATC: L04AX05 
Indications 
Treatment of idiopathic pulmonary fibrosis (IPF) in adults.",solid_oral,,False,false,egypt_antiretroviral_formulary_2026.pdf,127,True
Ferrous Fumarate,Tablets: 200 mg (equivalent to 65.57mg elemental iron),tablet,200 mg (equivalent to 65.57mg elemental iron),Oral,"Oral 
Pharmacologic 
Category 
Iron Preparations. 
ATC: B03AA02 
Indications 
•",solid_oral,,False,false,egypt_blood_disorders_formulary_2025.pdf,12,True
Ferrous Fumarate,Syrup: 140 mg/5ml (equivalent to 45mg elemental iron). And in combinations,oral_syrup,140 mg/5ml (equivalent to 45mg elemental iron). And in combinations,Oral,"Oral 
Pharmacologic 
Category 
Iron Preparations. 
ATC: B03AA02 
Indications 
•",oral_liquid,,False,needs_review,egypt_blood_disorders_formulary_2025.pdf,12,True
Iron Carboxymaltose,Solution for I.V injection \Infusion: 500 mg/10 mL,iv_infusion,500 mg/10 mL,IV,"IV 
Pharmacologic 
Category 
Iron Preparations 
Indications 
Treatment of iron deficiency anemia in 
•",injection,,False,needs_review,egypt_blood_disorders_formulary_2025.pdf,14,True
Iron Dextran,Solution for I.M injection or I.V infusion: 100mg/2ml (10%),iv_infusion,100mg/2ml (10%),"IM, IV","IM, IV 
Pharmacologic 
Category 
Iron Preparations  
ATC: B05AA05 
Indications 
Iron deficiency anemia in the following conditions",injection,,False,needs_review,egypt_blood_disorders_formulary_2025.pdf,17,True
Iron Sucrose,Solution for slow IV injection and infusion: 100mg elemental iron/5ml,iv_infusion,100mg elemental iron/5ml,IV,"IV 
Pharmacologic 
Category 
Iron Preparations 
ATC: B03AC 
Indications 
Treatment of iron deficiency in patients who cannot tolerate or benefit",injection,,False,needs_review,egypt_blood_disorders_formulary_2025.pdf,20,True
Cyanocobalamin (Vitamin B12),Oily suspension for I.M injection: 1 mg/ml,oral_suspension,1 mg/ml,"IM, Nasal, Oral","IM, Nasal, Oral.  
Pharmacologic 
Category 
Vitamin, Water Soluble. 
ATC: B03BA01   
Indications",nasal,,False,needs_review,egypt_blood_disorders_formulary_2025.pdf,24,True
Cyanocobalamin (Vitamin B12),Solution for I.M Injection: 1 mg/ml,injection,1 mg/ml,"IM, Nasal, Oral","IM, Nasal, Oral.  
Pharmacologic 
Category 
Vitamin, Water Soluble. 
ATC: B03BA01   
Indications",nasal,,False,needs_review,egypt_blood_disorders_formulary_2025.pdf,24,True
Cyanocobalamin (Vitamin B12),Metered Nasal Spray: 0.5 mg,nasal_spray,0.5 mg,"IM, Nasal, Oral","IM, Nasal, Oral.  
Pharmacologic 
Category 
Vitamin, Water Soluble. 
ATC: B03BA01   
Indications",nasal,,False,needs_review,egypt_blood_disorders_formulary_2025.pdf,24,True
Cyanocobalamin (Vitamin B12),Sustained Release Capsule: 1 mg,capsule,1 mg,"IM, Nasal, Oral","IM, Nasal, Oral.  
Pharmacologic 
Category 
Vitamin, Water Soluble. 
ATC: B03BA01   
Indications",nasal,,False,needs_review,egypt_blood_disorders_formulary_2025.pdf,24,True
Cyanocobalamin (Vitamin B12),Sublingual Tablet: 1 mg,orodispersible_tablet,1 mg,"IM, Nasal, Oral","IM, Nasal, Oral.  
Pharmacologic 
Category 
Vitamin, Water Soluble. 
ATC: B03BA01   
Indications",nasal,,False,needs_review,egypt_blood_disorders_formulary_2025.pdf,24,True
Cyanocobalamin (Vitamin B12),Orally disintegrating Tablets: 1 mg. And in combinations,tablet,1 mg. And in combinations,"IM, Nasal, Oral","IM, Nasal, Oral.  
Pharmacologic 
Category 
Vitamin, Water Soluble. 
ATC: B03BA01   
Indications",nasal,,False,needs_review,egypt_blood_disorders_formulary_2025.pdf,24,True
Folic acid,"Tablet: 0.5 mg, 0.8 mg, 1 mg, 5 mg",tablet,"0.5 mg, 0.8 mg, 1 mg, 5 mg",Oral,"Oral. 
Pharmacologic 
Category 
Water soluble vitamin. 
ATC: B03BB01 
Indications 
•",solid_oral,,False,false,egypt_blood_disorders_formulary_2025.pdf,28,True
Folic acid,"Capsule: 0.5 mg, 2.5 mg. And in combinations as oral or injection form",capsule,"0.5 mg, 2.5 mg. And in combinations as oral or injection form",Oral,"Oral. 
Pharmacologic 
Category 
Water soluble vitamin. 
ATC: B03BB01 
Indications 
•",solid_oral,,False,false,egypt_blood_disorders_formulary_2025.pdf,28,True
Hydroxocobalamin,"Solution for I.M Injection: 500mcg/ml, 1000mcg/2ml, 1000mcg/ml",injection,"500mcg/ml, 1000mcg/2ml, 1000mcg/ml",IM,"IM 
Pharmacologic 
Category 
Vitamin, Water Soluble . 
ATC: B03BA03 
B03BA53 (Hydroxocobalamin combinations) 
Indications",injection,,False,needs_review,egypt_blood_disorders_formulary_2025.pdf,31,True
Hydroxocobalamin,1500mcg/ml. And in combinations,1500mcg_ml_and_in_combinations,,IM,"IM 
Pharmacologic 
Category 
Vitamin, Water Soluble . 
ATC: B03BA03 
B03BA53 (Hydroxocobalamin combinations) 
Indications",injection,,False,needs_review,egypt_blood_disorders_formulary_2025.pdf,31,True
Dabigatran,"Capsules containing delayed Release Pellets: 75 mg, 110 mg, 150 mg",capsule,"75 mg, 110 mg, 150 mg",Oral,"Oral 
Pharmacologic 
Category 
Anticoagulant, Direct Thrombin Inhibitor; Direct Oral Anticoagulant 
ATC:  B01AE07 
Indications 
•",solid_oral,,False,false,egypt_blood_disorders_formulary_2025.pdf,34,True
Dabigatran,"Capsules: 75 mg, 110 mg, 150 mg",capsule,"75 mg, 110 mg, 150 mg",Oral,"Oral 
Pharmacologic 
Category 
Anticoagulant, Direct Thrombin Inhibitor; Direct Oral Anticoagulant 
ATC:  B01AE07 
Indications 
•",solid_oral,,False,false,egypt_blood_disorders_formulary_2025.pdf,34,True
Enoxaparin,"Solution for injection: 20 mg (2,000 IU)/0.2ml, 40 mg (4,000 IU)/0.4ml, 60",injection,"20 mg (2,000 IU)/0.2ml, 40 mg (4,000 IU)/0.4ml, 60","SC, IV","SC, IV 
Pharmacologic 
Category 
Anticoagulant; Low Molecular Weight Heparin 
ATC: B01AB05 
Indications 
▪",injection,,False,needs_review,egypt_blood_disorders_formulary_2025.pdf,42,True
Enoxaparin,"mg (6,000 IU)/0.6ml, 80 mg (8,000 IU)/0.8ml, 100 mg/ml",mg_6,"000 IU)/0.6ml, 80 mg (8,000 IU)/0.8ml, 100 mg/ml","SC, IV","SC, IV 
Pharmacologic 
Category 
Anticoagulant; Low Molecular Weight Heparin 
ATC: B01AB05 
Indications 
▪",injection,,False,needs_review,egypt_blood_disorders_formulary_2025.pdf,42,True
Heparin Calcium,Solution for injection: 5000 I.U/0.5 mL,injection,5000 I.U/0.5 mL,"SC, IV","SC, IV 
Pharmacologic 
Category 
Anticoagulant 
ATC: B01AB01  
Indications 
•",injection,,False,needs_review,egypt_blood_disorders_formulary_2025.pdf,49,True
Heparin sodium,"Solution for Injection/Infusion: 1000 I.U./ml, 5000 I.U./1 ml",iv_infusion,"1000 I.U./ml, 5000 I.U./1 ml","IV, SC","IV, SC 
Pharmacologic 
Category 
Anticoagulant 
ATC: B01AB01 (Parenteral) 
Indications 
•",injection,,False,needs_review,egypt_blood_disorders_formulary_2025.pdf,53,True
Apixaban,"Tablets 2.5 mg, 5 mg",tablet,"2.5 mg, 5 mg",Oral,"Oral 
Pharmacologic 
Category 
Anticoagulant; Anticoagulant, Factor Xa Inhibitor; DOAC. 
ATC code: B01AF02 
Indications 
•",solid_oral,,False,false,egypt_blood_disorders_formulary_2025.pdf,60,True
Rivaroxaban,"Tablets 2.5 mg, 10 mg, 15 mg, 20 mg",tablet,"2.5 mg, 10 mg, 15 mg, 20 mg",Unspecified,"Oral 
Pharmacologic 
Category 
Anticoagulant, Factor Xa Inhibitor; DOAC. 
ATC code: B01AF01 
Indications 
•",solid_oral,,False,false,egypt_blood_disorders_formulary_2025.pdf,64,True
Rivaroxaban,"Orally disintegrating Tablets:10mg, 15mg. Route 0f Administration Oral",tablet,"10mg, 15mg. Route 0f Administration Oral",Unspecified,"Oral 
Pharmacologic 
Category 
Anticoagulant, Factor Xa Inhibitor; DOAC. 
ATC code: B01AF01 
Indications 
•",solid_oral,,False,false,egypt_blood_disorders_formulary_2025.pdf,64,True
Fondaparinux,Solution in pre-filled syringe for S.C injection: 7.5 mg/0.6ml,injection,7.5 mg/0.6ml,"IV, SC","IV, SC 
Pharmacologic 
Category 
Anticoagulant, Factor Xa Inhibitor, Synthetic. 
Indications 
• Treatment of DVT and PE 
• Prophylaxis in patients undergoing major orthopaedic or abdominal",injection,,False,needs_review,egypt_blood_disorders_formulary_2025.pdf,76,True
Fondaparinux,Solution in pre-filled syringe for S.C injection / IV injection or infusion:,iv_infusion,,"IV, SC","IV, SC 
Pharmacologic 
Category 
Anticoagulant, Factor Xa Inhibitor, Synthetic. 
Indications 
• Treatment of DVT and PE 
• Prophylaxis in patients undergoing major orthopaedic or abdominal",injection,,False,needs_review,egypt_blood_disorders_formulary_2025.pdf,76,True
Fondaparinux,2.5mg/0.5ml,2_5mg_0_5ml,,"IV, SC","IV, SC 
Pharmacologic 
Category 
Anticoagulant, Factor Xa Inhibitor, Synthetic. 
Indications 
• Treatment of DVT and PE 
• Prophylaxis in patients undergoing major orthopaedic or abdominal",injection,,False,needs_review,egypt_blood_disorders_formulary_2025.pdf,76,True
Emicizumab,"Solution for S.C injection:  30 mg/ml, 105 mg/0.7ml, 60 mg/0.4 ml",injection,"30 mg/ml, 105 mg/0.7ml, 60 mg/0.4 ml",SC,"SC 
Pharmacologic 
Category 
Antihemophilic Agent; Monoclonal Antibody 
ATC: B02BX06 
Indications 
Routine prophylaxis of bleeding episodes in patients (all age groups) with",injection,,False,needs_review,egypt_blood_disorders_formulary_2025.pdf,80,True
Emicizumab,150mg/ml,150mg_ml,,SC,"SC 
Pharmacologic 
Category 
Antihemophilic Agent; Monoclonal Antibody 
ATC: B02BX06 
Indications 
Routine prophylaxis of bleeding episodes in patients (all age groups) with",injection,,False,needs_review,egypt_blood_disorders_formulary_2025.pdf,80,True
Factor Ⅷ,"Concentrate from human plasma: Powder for injection: 250 IU, 500 IU, 1000 IU",concentrate_from_human_plasma,"Powder for injection: 250 IU, 500 IU, 1000 IU",IV,"IV  
Pharmacologic 
Category 
Antihemophilic Agent  
ATC: B02BD02 
Indications 
Indicated in adults and children with hemophilia A (congenital Factor VIII",injection,,False,needs_review,egypt_blood_disorders_formulary_2025.pdf,83,True
Factor Ⅷ,"Recombinant: Powder for injection: 250 IU, 500 IU, 1000 IU",recombinant,"Powder for injection: 250 IU, 500 IU, 1000 IU",IV,"IV  
Pharmacologic 
Category 
Antihemophilic Agent  
ATC: B02BD02 
Indications 
Indicated in adults and children with hemophilia A (congenital Factor VIII",injection,,False,needs_review,egypt_blood_disorders_formulary_2025.pdf,83,True
Factor Ⅸ,"Concentrate from human plasma: 250 IU, 500 IU, 1000 IU, 1500 IU",concentrate_from_human_plasma,"250 IU, 500 IU, 1000 IU, 1500 IU",IV,"IV 
Pharmacologic 
Category 
Antihemophilic Agent 
ATC: B02BD04 
Indications 
Treatment and prophylaxis of bleeding in patients of all age groups with",injection,,False,needs_review,egypt_blood_disorders_formulary_2025.pdf,87,True
Factor Ⅸ,"Recombinant: 250 IU, 500 IU, 1000 IU",recombinant,"250 IU, 500 IU, 1000 IU",IV,"IV 
Pharmacologic 
Category 
Antihemophilic Agent 
ATC: B02BD04 
Indications 
Treatment and prophylaxis of bleeding in patients of all age groups with",injection,,False,needs_review,egypt_blood_disorders_formulary_2025.pdf,87,True
Phytomenadione (Phytonadione) (Vitamin K1),"Solution for IM, slow IV injection or infusion: 10 mg/ml",iv_infusion,10 mg/ml,"IM, IV, Oral","IM, IV, Oral. 
Pharmacologic 
Category 
Vitamin, Fat Soluble 
ATC: B02BA01  
Indications 
•",injection,,False,needs_review,egypt_blood_disorders_formulary_2025.pdf,92,True
Phytomenadione (Phytonadione) (Vitamin K1),"Lyophilized Powder: 2 mg/0.2 ml, 10 mg/ml",powder,"2 mg/0.2 ml, 10 mg/ml","IM, IV, Oral","IM, IV, Oral. 
Pharmacologic 
Category 
Vitamin, Fat Soluble 
ATC: B02BA01  
Indications 
•",injection,,False,needs_review,egypt_blood_disorders_formulary_2025.pdf,92,True
Phytomenadione (Phytonadione) (Vitamin K1),"Tablets: 5 mg, 10 mg",tablet,"5 mg, 10 mg","IM, IV, Oral","IM, IV, Oral. 
Pharmacologic 
Category 
Vitamin, Fat Soluble 
ATC: B02BA01  
Indications 
•",injection,,False,needs_review,egypt_blood_disorders_formulary_2025.pdf,92,True
Phytomenadione (Phytonadione) (Vitamin K1),Chewable Tablets: 10 mg,chewable_tablet,10 mg,"IM, IV, Oral","IM, IV, Oral. 
Pharmacologic 
Category 
Vitamin, Fat Soluble 
ATC: B02BA01  
Indications 
•",injection,,False,needs_review,egypt_blood_disorders_formulary_2025.pdf,92,True
Phytomenadione (Phytonadione) (Vitamin K1),Soft Gelatin Capsule: 1 mg And in combinations,soft_capsule,1 mg And in combinations,"IM, IV, Oral","IM, IV, Oral. 
Pharmacologic 
Category 
Vitamin, Fat Soluble 
ATC: B02BA01  
Indications 
•",injection,,False,needs_review,egypt_blood_disorders_formulary_2025.pdf,92,True
Tranexamic acid,"Injection: 100 mg/ml, 500 mg/5 ml",injection,"100 mg/ml, 500 mg/5 ml","IV, Oral","IV, Oral 
Pharmacologic 
Category 
Antifibrinolytic Agent; Antihemophilic Agent; Hemostatic Agent; Lysine 
Analog 
ATC: B02AA02 
Indications",injection,,False,needs_review,egypt_blood_disorders_formulary_2025.pdf,96,True
Tranexamic acid,"Tablet: 500 mg, 650 mg",tablet,"500 mg, 650 mg","IV, Oral","IV, Oral 
Pharmacologic 
Category 
Antifibrinolytic Agent; Antihemophilic Agent; Hemostatic Agent; Lysine 
Analog 
ATC: B02AA02 
Indications",injection,,False,needs_review,egypt_blood_disorders_formulary_2025.pdf,96,True
Tirofiban,"Concentrate for Solution for I.V Infusion: 12.5 mg/50 ml (0.25/ml), 12.5",iv_infusion,"12.5 mg/50 ml (0.25/ml), 12.5",IV,"IV 
Pharmacologic 
Category 
Antiplatelet Agent, Glycoprotein IIb/IIIa Inhibitor 
ATC: B01AC17  
Indications 
•",injection,,False,needs_review,egypt_blood_disorders_formulary_2025.pdf,101,True
Tirofiban,mg/250 ml (0.05/ml),mg_250_ml_0_05_ml,,IV,"IV 
Pharmacologic 
Category 
Antiplatelet Agent, Glycoprotein IIb/IIIa Inhibitor 
ATC: B01AC17  
Indications 
•",injection,,False,needs_review,egypt_blood_disorders_formulary_2025.pdf,101,True
Deferasirox,"Fil coated tablet: 90mg, 180mg, 360mg",tablet,"90mg, 180mg, 360mg",Oral,"Oral 
Pharmacologic 
Category 
Chelating agent. 
ATC: V03AC03 
Indications 
•",solid_oral,,False,false,egypt_blood_disorders_formulary_2025.pdf,105,True
Deferasirox,"Dispersible tablets for oral suspension: 125mg, 250mg, 500mg",orodispersible_tablet,"125mg, 250mg, 500mg",Oral,"Oral 
Pharmacologic 
Category 
Chelating agent. 
ATC: V03AC03 
Indications 
•",solid_oral,,False,false,egypt_blood_disorders_formulary_2025.pdf,105,True
Alfuzosin,"Prolonged release tablets: 5mg, 10mg",tablet,"5mg, 10mg",Oral,"Oral 
Pharmacologic 
category 
Alpha 1 Blocker 
ATC: G04CA01 
Indications 
Benign prostatic hyperplasia: Treatment of benign prostatic hyperplasia.",solid_oral,,False,false,egypt_cardiovascular_formulary_2024.pdf,15,True
Doxazosin,"Tablets: 1mg, 2mg, 4mg, 8mg",tablet,"1mg, 2mg, 4mg, 8mg",Oral,"Oral 
Pharmacologic 
category 
Alpha 1 Blocker; Antihypertensive 
ATC: C02CA04 
Indications 
Benign prostatic hyperplasia: Treatment of benign prostatic hyperplasia.",solid_oral,,False,false,egypt_cardiovascular_formulary_2024.pdf,17,True
Doxazosin,Modified Release Film Coated Tablets: 4mg,tablet,4mg,Oral,"Oral 
Pharmacologic 
category 
Alpha 1 Blocker; Antihypertensive 
ATC: C02CA04 
Indications 
Benign prostatic hyperplasia: Treatment of benign prostatic hyperplasia.",solid_oral,,False,false,egypt_cardiovascular_formulary_2024.pdf,17,True
Silodosin,"Capsules: 4mg, 8mg",capsule,"4mg, 8mg",Oral,"Oral 
Pharmacologic 
category 
Alpha1 blocker  
ATC Code: G04CA04 
Indications 
Treatment of benign prostatic hyperplasia.",solid_oral,,False,false,egypt_cardiovascular_formulary_2024.pdf,19,True
Silodosin,Scored tablet: 8mg,tablet,8mg,Oral,"Oral 
Pharmacologic 
category 
Alpha1 blocker  
ATC Code: G04CA04 
Indications 
Treatment of benign prostatic hyperplasia.",solid_oral,,False,false,egypt_cardiovascular_formulary_2024.pdf,19,True
Tamsulosin,Modified Release Hard Gelatin Capsule: 0.4mg,capsule,0.4mg,Oral,"Oral 
Pharmacologic 
category 
Alpha 1 Blocker 
ATC: G04CA02 
 
Indications",solid_oral,,False,false,egypt_cardiovascular_formulary_2024.pdf,21,True
Terazosin,"Soft Gelatin Capsules: 1 mg, 2.4 mg, 6 mg",soft_capsule,"1 mg, 2.4 mg, 6 mg",Oral,"Oral  
Pharmacologic 
category 
Alpha 1 Blocker; Antihypertensive 
ATC: G04CA03 
Indications 
-Benign prostatic hyperplasia",solid_oral,,False,false,egypt_cardiovascular_formulary_2024.pdf,24,True
Terazosin,"Tablets: 1 mg, 2 mg, 5 mg, 10 mg",tablet,"1 mg, 2 mg, 5 mg, 10 mg",Oral,"Oral  
Pharmacologic 
category 
Alpha 1 Blocker; Antihypertensive 
ATC: G04CA03 
Indications 
-Benign prostatic hyperplasia",solid_oral,,False,false,egypt_cardiovascular_formulary_2024.pdf,24,True
Carvedilol,"Tablets:  3.125 mg, 6.25mg, 12.5mg, 25mg",tablet,"3.125 mg, 6.25mg, 12.5mg, 25mg",Oral,"Oral 
Pharmacologic 
category 
Alpha- And Beta-Adrenoceptor Blockers 
ATC: C07AG02 
Indications 
• Chronic heart failure",solid_oral,,False,false,egypt_cardiovascular_formulary_2024.pdf,27,True
Carvedilol,"Carvedilol phosphate: Extended release capsule: 10mg, 20mg, 40mg, 80mg",carvedilol_phosphate,"Extended release capsule: 10mg, 20mg, 40mg, 80mg",Oral,"Oral 
Pharmacologic 
category 
Alpha- And Beta-Adrenoceptor Blockers 
ATC: C07AG02 
Indications 
• Chronic heart failure",other,,False,false,egypt_cardiovascular_formulary_2024.pdf,27,True
Candesartan,"Tablets: 4mg, 8mg, 16 mg, 32mg And in combinations",tablet,"4mg, 8mg, 16 mg, 32mg And in combinations",Oral,"Oral 
Pharmacologic 
category 
Angiotensin II Receptor Blocker; Antihypertensive 
ATC: C09CA06 
Indications 
•",solid_oral,,False,false,egypt_cardiovascular_formulary_2024.pdf,32,True
Irbesartan,"Tablets: 75mg, 150mg, 300mg",tablet,"75mg, 150mg, 300mg",Oral,"Oral 
Pharmacologic 
category 
Angiotensin II Receptor Blocker; Antihypertensive 
ATC: C09CA04 
Indications 
•",solid_oral,,False,false,egypt_cardiovascular_formulary_2024.pdf,35,True
Irbesartan,Scored tablet: 300mg,tablet,300mg,Oral,"Oral 
Pharmacologic 
category 
Angiotensin II Receptor Blocker; Antihypertensive 
ATC: C09CA04 
Indications 
•",solid_oral,,False,false,egypt_cardiovascular_formulary_2024.pdf,35,True
Losartan,"Tablets: 25mg, 50mg, 100mg",tablet,"25mg, 50mg, 100mg",Oral,"Oral 
Pharmacologic 
category 
Angiotensin II Receptor Blocker; Antihypertensive 
ATC: C09CA01 
Indications 
•",solid_oral,,False,false,egypt_cardiovascular_formulary_2024.pdf,37,True
Olmesartan,Tablets: 10 mg 20 mg 40 mg,tablet,10 mg 20 mg 40 mg,Oral,"Oral 
Pharmacologic 
category 
Angiotensin II Receptor Blocker; Antihypertensive 
ATC: C09CA08 
Indications 
Hypertension, chronic: Management of hypertension in adults and pediatric",solid_oral,,False,false,egypt_cardiovascular_formulary_2024.pdf,40,True
Sacubitril and Valsartan,"Tablets: 50mg (Valsartan 25.7 mg + Sacubitril 24.3 mg ), 100mg (Valsartan 51.4 mg",tablet,"50mg (Valsartan 25.7 mg + Sacubitril 24.3 mg ), 100mg (Valsartan 51.4 mg",Oral,"Oral 
Pharmacologic 
category 
Valsartan: Angiotensin II Receptor Blocker; Sacubitril: Neprilysin Inhibitor 
ATC: C09DX04 
Indications 
Symptomatic chronic heart failure with reduced ejection fraction",solid_oral,,False,false,egypt_cardiovascular_formulary_2024.pdf,42,True
Sacubitril and Valsartan,"+ Sacubitril 48.6 mg), 200mg (Valsartan 102.8 mg + Sacubitril 97.2 mg)",sacubitril,"48.6 mg), 200mg (Valsartan 102.8 mg + Sacubitril 97.2 mg)",Oral,"Oral 
Pharmacologic 
category 
Valsartan: Angiotensin II Receptor Blocker; Sacubitril: Neprilysin Inhibitor 
ATC: C09DX04 
Indications 
Symptomatic chronic heart failure with reduced ejection fraction",other,,False,false,egypt_cardiovascular_formulary_2024.pdf,42,True
Telmisartan,"Telmisartan 40 , 80 mg tablets",telmisartan_40,80 mg tablets,Oral,"Oral 
Pharmacologic 
category 
Angiotensin II Receptor Blocker; Antihypertensive 
ATC: C09CA07 
Indications 
- Management of hypertension.",other,,False,false,egypt_cardiovascular_formulary_2024.pdf,45,True
Valsartan,"Tablets 40mg, 80mg, 160mg, 320mg",tablet,"40mg, 80mg, 160mg, 320mg",Oral,"Oral 
Pharmacologic 
category 
Angiotensin II Receptor Blocker; Antihypertensive 
ATC: C09CA03 
Indications 
Heart failure in adults.",solid_oral,,False,false,egypt_cardiovascular_formulary_2024.pdf,47,True
Valsartan,"Capsules 80mg, 160mg",capsule,"80mg, 160mg",Oral,"Oral 
Pharmacologic 
category 
Angiotensin II Receptor Blocker; Antihypertensive 
ATC: C09CA03 
Indications 
Heart failure in adults.",solid_oral,,False,false,egypt_cardiovascular_formulary_2024.pdf,47,True
Benazepril Hydrochloride,"Tablets: 5mg, 10mg, 20mg, 40mg And in combinations",tablet,"5mg, 10mg, 20mg, 40mg And in combinations",Oral,"Oral 
Pharmacologic 
category 
Angiotensin-Converting Enzyme (ACE) Inhibitor; Antihypertensive 
ATC: C09AA07 
Indications 
Management of chronic hypertension.",solid_oral,,False,false,egypt_cardiovascular_formulary_2024.pdf,51,True
Captopril,"Tablets: 25mg, 50mg",tablet,"25mg, 50mg",Oral,"Oral 
Pharmacologic 
category 
Angiotensin-Converting Enzyme (ACE) Inhibitor; Antihypertensive 
ATC: C09AA01 
Indications 
Acute coronary syndrome: To improve survival following myocardial infarction (MI)",solid_oral,,False,false,egypt_cardiovascular_formulary_2024.pdf,53,True
Captopril,Oral Solution: 5mg/5ml,oral_solution,5mg/5ml,Oral,"Oral 
Pharmacologic 
category 
Angiotensin-Converting Enzyme (ACE) Inhibitor; Antihypertensive 
ATC: C09AA01 
Indications 
Acute coronary syndrome: To improve survival following myocardial infarction (MI)",other,,False,false,egypt_cardiovascular_formulary_2024.pdf,53,True
Enalapril,"Tablets: 5mg, 10mg, 20mg",tablet,"5mg, 10mg, 20mg",Oral,"Oral 
Pharmacologic 
category 
Angiotensin-Converting Enzyme (ACE) Inhibitor; Antihypertensive 
ATC: C09AA02 
Indications 
Heart failure",solid_oral,,False,false,egypt_cardiovascular_formulary_2024.pdf,56,True
Lisinopril,"Tablets 5mg,10mg,20mg",tablet,"5mg,10mg,20mg",Oral,"Oral 
Pharmacologic 
category 
Angiotensin-Converting Enzyme (ACE) Inhibitor; Antihypertensive 
ATC: C09AA03  
Indications 
Heart failure with reduced ejection fraction: Adjunctive therapy.",solid_oral,,False,false,egypt_cardiovascular_formulary_2024.pdf,59,True
Perindopril,Tablets,tablet,,Oral,"Oral 
Pharmacologic 
category 
Angiotensin-Converting Enzyme (ACE) Inhibitor; Antihypertensive 
ATC: C09AA04 
Indications 
Hypertension, chronic: Management of hypertension.",solid_oral,,False,false,egypt_cardiovascular_formulary_2024.pdf,62,True
Perindopril,"Perindopril arginine preparations: 5mg, 10mg",perindopril_arginine_preparations,"5mg, 10mg",Oral,"Oral 
Pharmacologic 
category 
Angiotensin-Converting Enzyme (ACE) Inhibitor; Antihypertensive 
ATC: C09AA04 
Indications 
Hypertension, chronic: Management of hypertension.",other,,False,false,egypt_cardiovascular_formulary_2024.pdf,62,True
Perindopril,"Perindopril erbumine preparations (Perindopril tert- butylamine): 2mg, 4mg, 8mg And in combinations",perindopril_erbumine_preparations_perindopril_tert_butylamine,"2mg, 4mg, 8mg And in combinations",Oral,"Oral 
Pharmacologic 
category 
Angiotensin-Converting Enzyme (ACE) Inhibitor; Antihypertensive 
ATC: C09AA04 
Indications 
Hypertension, chronic: Management of hypertension.",other,,False,false,egypt_cardiovascular_formulary_2024.pdf,62,True
Trimetazidine,Tablets: 20mg,tablet,20mg,Oral,"Oral 
Pharmacologic 
category 
 Cardio protective Anti-ischemic agent 
ATC: C01EB15 
Indications 
•",solid_oral,,False,false,egypt_cardiovascular_formulary_2024.pdf,66,True
Trimetazidine,Modified Release Tablets: 35 mg,tablet,35 mg,Oral,"Oral 
Pharmacologic 
category 
 Cardio protective Anti-ischemic agent 
ATC: C01EB15 
Indications 
•",solid_oral,,False,false,egypt_cardiovascular_formulary_2024.pdf,66,True
Isosorbide dinitrate,"Sublingual Tablet 5mg, 10mg",orodispersible_tablet,"5mg, 10mg",Oral,"Oral 
Pharmacologic 
category 
Antianginal Agent; Vasodilator 
ATC: C01DA08 
Indications 
Prevention of angina pectoris due to coronary artery disease.",solid_oral,,False,false,egypt_cardiovascular_formulary_2024.pdf,69,True
Isosorbide dinitrate,"Capsules: 20mg, 40mg",capsule,"20mg, 40mg",Oral,"Oral 
Pharmacologic 
category 
Antianginal Agent; Vasodilator 
ATC: C01DA08 
Indications 
Prevention of angina pectoris due to coronary artery disease.",solid_oral,,False,false,egypt_cardiovascular_formulary_2024.pdf,69,True
Isosorbide dinitrate,"Tablet 5mg, 10mg",tablet,"5mg, 10mg",Oral,"Oral 
Pharmacologic 
category 
Antianginal Agent; Vasodilator 
ATC: C01DA08 
Indications 
Prevention of angina pectoris due to coronary artery disease.",solid_oral,,False,false,egypt_cardiovascular_formulary_2024.pdf,69,True
Isosorbide dinitrate,"Tablet 20mg, 40mg (in combination)",tablet,"20mg, 40mg (in combination)",Oral,"Oral 
Pharmacologic 
category 
Antianginal Agent; Vasodilator 
ATC: C01DA08 
Indications 
Prevention of angina pectoris due to coronary artery disease.",solid_oral,,False,false,egypt_cardiovascular_formulary_2024.pdf,69,True
Isosorbide dinitrate,"Sustained Release Capsule 20 mg, 40mg",capsule,"20 mg, 40mg",Oral,"Oral 
Pharmacologic 
category 
Antianginal Agent; Vasodilator 
ATC: C01DA08 
Indications 
Prevention of angina pectoris due to coronary artery disease.",solid_oral,,False,false,egypt_cardiovascular_formulary_2024.pdf,69,True
Isosorbide dinitrate,Lentocaps 40mg,capsule,40mg,Oral,"Oral 
Pharmacologic 
category 
Antianginal Agent; Vasodilator 
ATC: C01DA08 
Indications 
Prevention of angina pectoris due to coronary artery disease.",solid_oral,,False,false,egypt_cardiovascular_formulary_2024.pdf,69,True
Isosorbide Mononitrate,"Tablets 20mg, 40mg, 60mg",tablet,"20mg, 40mg, 60mg",Oral,"Oral 
Pharmacologic 
category 
Antianginal Agent; Vasodilator 
ATC: C01DA14 
Indications 
Angina pectoris, prevention: Treatment (immediate-release only) and prevention of",solid_oral,,False,false,egypt_cardiovascular_formulary_2024.pdf,71,True
Isosorbide Mononitrate,"Capsule 25mg, 50mg",capsule,"25mg, 50mg",Oral,"Oral 
Pharmacologic 
category 
Antianginal Agent; Vasodilator 
ATC: C01DA14 
Indications 
Angina pectoris, prevention: Treatment (immediate-release only) and prevention of",solid_oral,,False,false,egypt_cardiovascular_formulary_2024.pdf,71,True
Isosorbide Mononitrate,Retard Film Coated Tablet: 100mg,tablet,100mg,Oral,"Oral 
Pharmacologic 
category 
Antianginal Agent; Vasodilator 
ATC: C01DA14 
Indications 
Angina pectoris, prevention: Treatment (immediate-release only) and prevention of",solid_oral,,False,false,egypt_cardiovascular_formulary_2024.pdf,71,True
Isosorbide Mononitrate,"Modified release capsule: 50mg, 60mg",capsule,"50mg, 60mg",Oral,"Oral 
Pharmacologic 
category 
Antianginal Agent; Vasodilator 
ATC: C01DA14 
Indications 
Angina pectoris, prevention: Treatment (immediate-release only) and prevention of",solid_oral,,False,false,egypt_cardiovascular_formulary_2024.pdf,71,True
Nicorandil,"Tablets: 10mg, 20mg",tablet,"10mg, 20mg",Oral,"Oral 
Pharmacologic 
category 
Antianginal Agent; Vasodilator, Potassium-channel openers 
ATC: C01DX16 
Indications 
Prophylaxis and treatment of stable angina (second-line)",solid_oral,,False,false,egypt_cardiovascular_formulary_2024.pdf,74,True
Nitroglycerin (Glyceryl Trinitrate),"Sustained Release Capsules: 2.5mg, 6.5mg, 9mg",capsule,"2.5mg, 6.5mg, 9mg","IV, Oral, Transdermal, topical","IV, Oral, Transdermal, topical 
Pharmacologic 
category 
Antianginal Agent; Antidote, Extravasation; Vasodilator 
ATC: Topical, local: C05AE01,  other routes: C01DA02  
Indications 
Oral administration: Treatment or prevention of angina pectoris.",injection,,False,needs_review,egypt_cardiovascular_formulary_2024.pdf,76,True
Nitroglycerin (Glyceryl Trinitrate),"Transdermal Therapeutic System: 5mg, 10mg",transdermal_patch,"5mg, 10mg","IV, Oral, Transdermal, topical","IV, Oral, Transdermal, topical 
Pharmacologic 
category 
Antianginal Agent; Antidote, Extravasation; Vasodilator 
ATC: Topical, local: C05AE01,  other routes: C01DA02  
Indications 
Oral administration: Treatment or prevention of angina pectoris.",transdermal,,False,needs_review,egypt_cardiovascular_formulary_2024.pdf,76,True
Nitroglycerin (Glyceryl Trinitrate),Oral Spray: 0.4mg /dose,topical_spray,0.4mg /dose,"IV, Oral, Transdermal, topical","IV, Oral, Transdermal, topical 
Pharmacologic 
category 
Antianginal Agent; Antidote, Extravasation; Vasodilator 
ATC: Topical, local: C05AE01,  other routes: C01DA02  
Indications 
Oral administration: Treatment or prevention of angina pectoris.",injection,,False,needs_review,egypt_cardiovascular_formulary_2024.pdf,76,True
Nitroglycerin (Glyceryl Trinitrate),"Transdermal Patch: 22.4 mg, 44.8 mg, 18.7 mg, 37.4 mg",transdermal_patch,"22.4 mg, 44.8 mg, 18.7 mg, 37.4 mg","IV, Oral, Transdermal, topical","IV, Oral, Transdermal, topical 
Pharmacologic 
category 
Antianginal Agent; Antidote, Extravasation; Vasodilator 
ATC: Topical, local: C05AE01,  other routes: C01DA02  
Indications 
Oral administration: Treatment or prevention of angina pectoris.",transdermal,,False,needs_review,egypt_cardiovascular_formulary_2024.pdf,76,True
Nitroglycerin (Glyceryl Trinitrate),"Lyophilized Powder: 25mg, 50mg/10ml",powder,"25mg, 50mg/10ml","IV, Oral, Transdermal, topical","IV, Oral, Transdermal, topical 
Pharmacologic 
category 
Antianginal Agent; Antidote, Extravasation; Vasodilator 
ATC: Topical, local: C05AE01,  other routes: C01DA02  
Indications 
Oral administration: Treatment or prevention of angina pectoris.",injection,,False,needs_review,egypt_cardiovascular_formulary_2024.pdf,76,True
Nitroglycerin (Glyceryl Trinitrate),Solution for I.V Infusion: 50mg/50ml,iv_infusion,50mg/50ml,"IV, Oral, Transdermal, topical","IV, Oral, Transdermal, topical 
Pharmacologic 
category 
Antianginal Agent; Antidote, Extravasation; Vasodilator 
ATC: Topical, local: C05AE01,  other routes: C01DA02  
Indications 
Oral administration: Treatment or prevention of angina pectoris.",injection,,False,needs_review,egypt_cardiovascular_formulary_2024.pdf,76,True
Nitroglycerin (Glyceryl Trinitrate),Rectal Ointment: 400 mg/100gm,ointment,400 mg/100gm,"IV, Oral, Transdermal, topical","IV, Oral, Transdermal, topical 
Pharmacologic 
category 
Antianginal Agent; Antidote, Extravasation; Vasodilator 
ATC: Topical, local: C05AE01,  other routes: C01DA02  
Indications 
Oral administration: Treatment or prevention of angina pectoris.",injection,,False,needs_review,egypt_cardiovascular_formulary_2024.pdf,76,True
Amiodarone,"Tablet: 100mg, 200mg",tablet,"100mg, 200mg","IV, Oral","IV, Oral 
Pharmacologic 
category 
Antiarrhythmic Agent, Class III 
ATC: C01BD01 
Indications 
Management of arrhythmias particularly when other agents are ineffective or",injection,,False,needs_review,egypt_cardiovascular_formulary_2024.pdf,81,True
Lidocaine,"Solution for injection: 50mg 0r 20mg or 10 mg/ml (1%), 40mg or 20mg or 20 mg/ml",injection,"50mg 0r 20mg or 10 mg/ml (1%), 40mg or 20mg or 20 mg/ml","IM, IV, SC, Topical, oral","IM, IV, SC, Topical, oral 
Pharmacologic 
category 
Systemic: Antiarrhythmic Agent, Class Ib; Local Anesthetic 
Topical: Analgesic, Topical; Local Anesthetic 
ATC: parentral antiarrhythmic C01BB01  
ATC: Local for hemorrhoids C05AD01",injection,,False,needs_review,egypt_cardiovascular_formulary_2024.pdf,85,True
Lidocaine,or 1 gm/50ml (2%),or_1_gm_50ml_2,,"IM, IV, SC, Topical, oral","IM, IV, SC, Topical, oral 
Pharmacologic 
category 
Systemic: Antiarrhythmic Agent, Class Ib; Local Anesthetic 
Topical: Analgesic, Topical; Local Anesthetic 
ATC: parentral antiarrhythmic C01BB01  
ATC: Local for hemorrhoids C05AD01",injection,,False,needs_review,egypt_cardiovascular_formulary_2024.pdf,85,True
Lidocaine,"Solution for I.M Injection 20mg (1%), 50mg (1%)",injection,"20mg (1%), 50mg (1%)","IM, IV, SC, Topical, oral","IM, IV, SC, Topical, oral 
Pharmacologic 
category 
Systemic: Antiarrhythmic Agent, Class Ib; Local Anesthetic 
Topical: Analgesic, Topical; Local Anesthetic 
ATC: parentral antiarrhythmic C01BB01  
ATC: Local for hemorrhoids C05AD01",injection,,False,needs_review,egypt_cardiovascular_formulary_2024.pdf,85,True
Lidocaine,Solution for S.C injection: 34.610 mg/2ml,injection,34.610 mg/2ml,"IM, IV, SC, Topical, oral","IM, IV, SC, Topical, oral 
Pharmacologic 
category 
Systemic: Antiarrhythmic Agent, Class Ib; Local Anesthetic 
Topical: Analgesic, Topical; Local Anesthetic 
ATC: parentral antiarrhythmic C01BB01  
ATC: Local for hemorrhoids C05AD01",injection,,False,needs_review,egypt_cardiovascular_formulary_2024.pdf,85,True
Lidocaine,Solution for I.M or S.C injection: 20mg,injection,20mg,"IM, IV, SC, Topical, oral","IM, IV, SC, Topical, oral 
Pharmacologic 
category 
Systemic: Antiarrhythmic Agent, Class Ib; Local Anesthetic 
Topical: Analgesic, Topical; Local Anesthetic 
ATC: parentral antiarrhythmic C01BB01  
ATC: Local for hemorrhoids C05AD01",injection,,False,needs_review,egypt_cardiovascular_formulary_2024.pdf,85,True
Lidocaine,"Solution for IM, IV and SC injection: 1gm, 400mg",injection,"1gm, 400mg","IM, IV, SC, Topical, oral","IM, IV, SC, Topical, oral 
Pharmacologic 
category 
Systemic: Antiarrhythmic Agent, Class Ib; Local Anesthetic 
Topical: Analgesic, Topical; Local Anesthetic 
ATC: parentral antiarrhythmic C01BB01  
ATC: Local for hemorrhoids C05AD01",injection,,False,needs_review,egypt_cardiovascular_formulary_2024.pdf,85,True
Lidocaine,Solution for I.M or slow I.V Injection 20mg/ml,injection,20mg/ml,"IM, IV, SC, Topical, oral","IM, IV, SC, Topical, oral 
Pharmacologic 
category 
Systemic: Antiarrhythmic Agent, Class Ib; Local Anesthetic 
Topical: Analgesic, Topical; Local Anesthetic 
ATC: parentral antiarrhythmic C01BB01  
ATC: Local for hemorrhoids C05AD01",injection,,False,needs_review,egypt_cardiovascular_formulary_2024.pdf,85,True
Lidocaine,Oral gel: 0.330 gm/100g,gel,0.330 gm/100g,"IM, IV, SC, Topical, oral","IM, IV, SC, Topical, oral 
Pharmacologic 
category 
Systemic: Antiarrhythmic Agent, Class Ib; Local Anesthetic 
Topical: Analgesic, Topical; Local Anesthetic 
ATC: parentral antiarrhythmic C01BB01  
ATC: Local for hemorrhoids C05AD01",injection,,False,needs_review,egypt_cardiovascular_formulary_2024.pdf,85,True
Lidocaine,Oral spray: 10gm/100gm (10%),topical_spray,10gm/100gm (10%),"IM, IV, SC, Topical, oral","IM, IV, SC, Topical, oral 
Pharmacologic 
category 
Systemic: Antiarrhythmic Agent, Class Ib; Local Anesthetic 
Topical: Analgesic, Topical; Local Anesthetic 
ATC: parentral antiarrhythmic C01BB01  
ATC: Local for hemorrhoids C05AD01",injection,,False,needs_review,egypt_cardiovascular_formulary_2024.pdf,85,True
Lidocaine,Lozenges: 8 mg,lozenges,8 mg,"IM, IV, SC, Topical, oral","IM, IV, SC, Topical, oral 
Pharmacologic 
category 
Systemic: Antiarrhythmic Agent, Class Ib; Local Anesthetic 
Topical: Analgesic, Topical; Local Anesthetic 
ATC: parentral antiarrhythmic C01BB01  
ATC: Local for hemorrhoids C05AD01",injection,,False,needs_review,egypt_cardiovascular_formulary_2024.pdf,85,True
Lidocaine,"Topical Ointment: 50mg/1gm, 5 gm/100g",ointment,"50mg/1gm, 5 gm/100g","IM, IV, SC, Topical, oral","IM, IV, SC, Topical, oral 
Pharmacologic 
category 
Systemic: Antiarrhythmic Agent, Class Ib; Local Anesthetic 
Topical: Analgesic, Topical; Local Anesthetic 
ATC: parentral antiarrhythmic C01BB01  
ATC: Local for hemorrhoids C05AD01",injection,,False,needs_review,egypt_cardiovascular_formulary_2024.pdf,85,True
Lidocaine,"Topical Spray: 10%, 40 mg/ml, 10gm, 10mg",topical_spray,"10%, 40 mg/ml, 10gm, 10mg","IM, IV, SC, Topical, oral","IM, IV, SC, Topical, oral 
Pharmacologic 
category 
Systemic: Antiarrhythmic Agent, Class Ib; Local Anesthetic 
Topical: Analgesic, Topical; Local Anesthetic 
ATC: parentral antiarrhythmic C01BB01  
ATC: Local for hemorrhoids C05AD01",injection,,False,needs_review,egypt_cardiovascular_formulary_2024.pdf,85,True
Lidocaine,"Topical Gel: 2 %, 4%, 5% 0.05gm",gel,"2 %, 4%, 5% 0.05gm","IM, IV, SC, Topical, oral","IM, IV, SC, Topical, oral 
Pharmacologic 
category 
Systemic: Antiarrhythmic Agent, Class Ib; Local Anesthetic 
Topical: Analgesic, Topical; Local Anesthetic 
ATC: parentral antiarrhythmic C01BB01  
ATC: Local for hemorrhoids C05AD01",injection,,False,needs_review,egypt_cardiovascular_formulary_2024.pdf,85,True
Lidocaine,Topical Patch: 700 mg/Patch,transdermal_patch,700 mg/Patch,"IM, IV, SC, Topical, oral","IM, IV, SC, Topical, oral 
Pharmacologic 
category 
Systemic: Antiarrhythmic Agent, Class Ib; Local Anesthetic 
Topical: Analgesic, Topical; Local Anesthetic 
ATC: parentral antiarrhythmic C01BB01  
ATC: Local for hemorrhoids C05AD01",transdermal,,False,needs_review,egypt_cardiovascular_formulary_2024.pdf,85,True
Lidocaine,"Topical Cream: 0.02gm, 4%, 5%",cream,"0.02gm, 4%, 5%","IM, IV, SC, Topical, oral","IM, IV, SC, Topical, oral 
Pharmacologic 
category 
Systemic: Antiarrhythmic Agent, Class Ib; Local Anesthetic 
Topical: Analgesic, Topical; Local Anesthetic 
ATC: parentral antiarrhythmic C01BB01  
ATC: Local for hemorrhoids C05AD01",injection,,False,needs_review,egypt_cardiovascular_formulary_2024.pdf,85,True
Lidocaine,topical aerosol powder spray 10gm And in combinations,inhalation_aerosol,10gm And in combinations,"IM, IV, SC, Topical, oral","IM, IV, SC, Topical, oral 
Pharmacologic 
category 
Systemic: Antiarrhythmic Agent, Class Ib; Local Anesthetic 
Topical: Analgesic, Topical; Local Anesthetic 
ATC: parentral antiarrhythmic C01BB01  
ATC: Local for hemorrhoids C05AD01",inhaler,,False,needs_review,egypt_cardiovascular_formulary_2024.pdf,85,True
Propafenone,"Tablets 150mg, 300mg",tablet,"150mg, 300mg","Oral, IV","Oral, IV 
Pharmacologic 
category 
Antiarrhythmic Agent, Class Ic 
Indications 
Oral: Treatment of life-threatening ventricular arrhythmias; to prolong the time to 
recurrence of paroxysmal atrial fibrillation/flutter (PAF) or paroxysmal",injection,,False,needs_review,egypt_cardiovascular_formulary_2024.pdf,91,True
Propafenone,Ampoule 70mg/20ml,injection,70mg/20ml,"Oral, IV","Oral, IV 
Pharmacologic 
category 
Antiarrhythmic Agent, Class Ic 
Indications 
Oral: Treatment of life-threatening ventricular arrhythmias; to prolong the time to 
recurrence of paroxysmal atrial fibrillation/flutter (PAF) or paroxysmal",injection,,False,needs_review,egypt_cardiovascular_formulary_2024.pdf,91,True
Clonidine,"Tablets: 25 mcg, 150 mcg",tablet,"25 mcg, 150 mcg",Oral,"Oral  
Pharmacologic 
category 
Alpha2-Adrenergic Agonist; Antihypertensive 
ATC: C02AC01 
Indications 
Management of hypertension",solid_oral,,False,false,egypt_cardiovascular_formulary_2024.pdf,95,True
Methyldopa,"Tablets: 250 mg, 500mg",tablet,"250 mg, 500mg",Oral,"Oral  
Pharmacologic 
category 
Alpha2-Adrenergic Agonist; Antihypertensive 
ATC: C02AB01  
Indications 
Hypertension",solid_oral,,False,false,egypt_cardiovascular_formulary_2024.pdf,97,True
Methyldopa,Capsules: 250mg,capsule,250mg,Oral,"Oral  
Pharmacologic 
category 
Alpha2-Adrenergic Agonist; Antihypertensive 
ATC: C02AB01  
Indications 
Hypertension",solid_oral,,False,false,egypt_cardiovascular_formulary_2024.pdf,97,True
Ambrisentan,"Tablets 5mg, 10mg",tablet,"5mg, 10mg",Oral,"Oral 
Pharmacologic 
category 
Endothelin Receptor Antagonist; Vasodilator 
ATC: C02KX02 
Indications 
Pulmonary arterial hypertension:",solid_oral,,False,false,egypt_cardiovascular_formulary_2024.pdf,100,True
Bosentan,"Tablets: 62.5 mg, 125 mg",tablet,"62.5 mg, 125 mg",Oral,"Oral 
Pharmacologic 
category 
Endothelin Receptor Antagonist; Vasodilator 
ATC: C02KX01 
Indications 
Pulmonary arterial hypertension",solid_oral,,False,false,egypt_cardiovascular_formulary_2024.pdf,102,True
Hydralazine,"Tablets: 25mg, 50mg, 100mg",tablet,"25mg, 50mg, 100mg",Oral,"Oral 
Pharmacologic 
category 
Antihypertensive; Vasodilator 
ATC: C02DB02 
Indications 
Hypertension, chronic: Management of moderate to severe hypertension.",solid_oral,,False,false,egypt_cardiovascular_formulary_2024.pdf,104,True
Macitentan,Tablet 10mg,tablet,10mg,Oral,"Oral 
Pharmacologic 
category 
Endothelin Receptor Antagonist; Vasodilator 
ATC: C02KX04 
Indications 
Pulmonary arterial hypertension for adults",solid_oral,,False,false,egypt_cardiovascular_formulary_2024.pdf,106,True
Nitroprusside Sodium,"Lyophilized powder for IM, IV injections: 50mg, 60mg",injection,"50mg, 60mg","IM, IV","IM, IV 
Pharmacologic 
category 
Antihypertensive; Vasodilator 
ATC: C02DD01 
Indications 
Acute decompensated heart failure Management.",injection,,False,needs_review,egypt_cardiovascular_formulary_2024.pdf,108,True
Acetylsalicylic acid,"Tablet: 75 mg, 100 mg, 250 mg single or in combination, 300 mg single or in",tablet,"75 mg, 100 mg, 250 mg single or in combination, 300 mg single or in","Oral, rectal","Oral, rectal 
Pharmacologic 
category 
Pharmacological category:  
Analgesic, Nonopioid; Antipyretic; Antiplatelet Agent; Nonsteroidal Anti-
inflammatory Drug (NSAID) 
ATC:",rectal,,False,needs_review,egypt_cardiovascular_formulary_2024.pdf,112,True
Acetylsalicylic acid,"combination, 320 mg, 500 mg",combination,"320 mg, 500 mg","Oral, rectal","Oral, rectal 
Pharmacologic 
category 
Pharmacological category:  
Analgesic, Nonopioid; Antipyretic; Antiplatelet Agent; Nonsteroidal Anti-
inflammatory Drug (NSAID) 
ATC:",rectal,,False,needs_review,egypt_cardiovascular_formulary_2024.pdf,112,True
Acetylsalicylic acid,"Chewable tablet: 75 mg, 81 mg, 150 mg",chewable_tablet,"75 mg, 81 mg, 150 mg","Oral, rectal","Oral, rectal 
Pharmacologic 
category 
Pharmacological category:  
Analgesic, Nonopioid; Antipyretic; Antiplatelet Agent; Nonsteroidal Anti-
inflammatory Drug (NSAID) 
ATC:",rectal,,False,needs_review,egypt_cardiovascular_formulary_2024.pdf,112,True
Acetylsalicylic acid,"Film coated tablet: 250 mg in combination, 75 mg in combination, 770 mg in combination",tablet,"250 mg in combination, 75 mg in combination, 770 mg in combination","Oral, rectal","Oral, rectal 
Pharmacologic 
category 
Pharmacological category:  
Analgesic, Nonopioid; Antipyretic; Antiplatelet Agent; Nonsteroidal Anti-
inflammatory Drug (NSAID) 
ATC:",rectal,,False,needs_review,egypt_cardiovascular_formulary_2024.pdf,112,True
Acetylsalicylic acid,"Enteric coated tablet: 75 mg, 81 mg, 100 mg, 325 mg",tablet,"75 mg, 81 mg, 100 mg, 325 mg","Oral, rectal","Oral, rectal 
Pharmacologic 
category 
Pharmacological category:  
Analgesic, Nonopioid; Antipyretic; Antiplatelet Agent; Nonsteroidal Anti-
inflammatory Drug (NSAID) 
ATC:",rectal,,False,needs_review,egypt_cardiovascular_formulary_2024.pdf,112,True
Acetylsalicylic acid,"Effervescent tablet: 325 mg, 400 mg in combination, 500 mg in combination",effervescent_tablet,"325 mg, 400 mg in combination, 500 mg in combination","Oral, rectal","Oral, rectal 
Pharmacologic 
category 
Pharmacological category:  
Analgesic, Nonopioid; Antipyretic; Antiplatelet Agent; Nonsteroidal Anti-
inflammatory Drug (NSAID) 
ATC:",rectal,,False,needs_review,egypt_cardiovascular_formulary_2024.pdf,112,True
Acetylsalicylic acid,Capsule: 250 mg in combination,capsule,250 mg in combination,"Oral, rectal","Oral, rectal 
Pharmacologic 
category 
Pharmacological category:  
Analgesic, Nonopioid; Antipyretic; Antiplatelet Agent; Nonsteroidal Anti-
inflammatory Drug (NSAID) 
ATC:",rectal,,False,needs_review,egypt_cardiovascular_formulary_2024.pdf,112,True
Acetylsalicylic acid,Hard gelatin capsule: 75 mg in combination,capsule,75 mg in combination,"Oral, rectal","Oral, rectal 
Pharmacologic 
category 
Pharmacological category:  
Analgesic, Nonopioid; Antipyretic; Antiplatelet Agent; Nonsteroidal Anti-
inflammatory Drug (NSAID) 
ATC:",rectal,,False,needs_review,egypt_cardiovascular_formulary_2024.pdf,112,True
Acetylsalicylic acid,Rectal suppository: 200 mg in combination,suppository,200 mg in combination,"Oral, rectal","Oral, rectal 
Pharmacologic 
category 
Pharmacological category:  
Analgesic, Nonopioid; Antipyretic; Antiplatelet Agent; Nonsteroidal Anti-
inflammatory Drug (NSAID) 
ATC:",rectal,,False,needs_review,egypt_cardiovascular_formulary_2024.pdf,112,True
Cilostazol,"Cilostazol 50, 100 mg tablets",cilostazol_50,100 mg tablets,Oral,"Oral  
Pharmacologic 
category 
Antiplatelet Agent; Phosphodiesterase-3 Enzyme Inhibitor; Vasodilator 
ATC: B01AC23 
Indications 
Intermittent claudication:",other,,False,false,egypt_cardiovascular_formulary_2024.pdf,117,True
Clopidogrel,"Tablet 75mg, 300mg",tablet,"75mg, 300mg",Oral,"Oral 
Pharmacologic 
category 
Antiplatelet Agent; Antiplatelet Agent, Thienopyridine; P2Y12 Antagonist 
ATC: B01AC04 
Indications 
Acute coronary syndrome:",solid_oral,,False,false,egypt_cardiovascular_formulary_2024.pdf,119,True
Ticagrelor,"Tablets: 60mg, 90mg",tablet,"60mg, 90mg",Oral,"Oral 
Pharmacologic 
category 
Antiplatelet Agent, Non-thienopyridine; P2Y12 Antagonist 
Indications 
Prevention of atherothrombotic events in patients with acute coronary syndrome 
and in Patients with a history of myocardial infarction and a high risk of an",solid_oral,,False,false,egypt_cardiovascular_formulary_2024.pdf,121,True
Atenolol,"Tablets: 25 mg, 50 mg and 100 mg",tablet,"25 mg, 50 mg and 100 mg",Oral,"Oral 
Pharmacologic 
category 
Beta1-selective adrenergic blocking agent 
ATC: C07AB03 
Indications 
• Hypertension management",solid_oral,,False,false,egypt_cardiovascular_formulary_2024.pdf,124,True
Bisoprolol,"Tablet: 2.5mg, 5mg, 10mg",tablet,"2.5mg, 5mg, 10mg",Oral,"Oral 
Pharmacologic 
category 
Antihypertensive; Beta-Blocker, Beta-1 Selective 
ATC: C07AB07 
Indications 
Hypertension management.",solid_oral,,False,false,egypt_cardiovascular_formulary_2024.pdf,127,True
Metoprolol,"Metoprolol Succinate: Modified release tablets: 25mg, 50mg, 100mg, 200mg",metoprolol_succinate,"Modified release tablets: 25mg, 50mg, 100mg, 200mg","Oral, IV","Oral, IV 
Pharmacologic 
category 
Selective Beta-1 blocker; Antianginal Agent; Antihypertensive 
ATC: C07AB02 
Indications 
• Angina pectoris.",injection,,False,needs_review,egypt_cardiovascular_formulary_2024.pdf,129,True
Metoprolol,Metoprolol Tartrate: Solution for intravenous injection: 5mg/ml,metoprolol_tartrate,Solution for intravenous injection: 5mg/ml,"Oral, IV","Oral, IV 
Pharmacologic 
category 
Selective Beta-1 blocker; Antianginal Agent; Antihypertensive 
ATC: C07AB02 
Indications 
• Angina pectoris.",injection,,False,needs_review,egypt_cardiovascular_formulary_2024.pdf,129,True
Nebivolol,"Tablets: 2.5 mg, 5mg, 10mg, 20mg And in combinations",tablet,"2.5 mg, 5mg, 10mg, 20mg And in combinations",Oral,"Oral 
Pharmacologic 
category 
Antihypertensive; Beta-Blocker, Beta-1 Selective 
ATC: C07AB12 
Indications 
•",solid_oral,,False,false,egypt_cardiovascular_formulary_2024.pdf,132,True
Propranolol,"Tablet 10mg, 40mg",tablet,"10mg, 40mg","Oral, IV","Oral, IV 
Pharmacologic 
category 
Beta Adrenergic Nonselective Blocking Agents, Antianginal Agent; Antiarrhythmic 
Agent, Class II; Antihypertensive 
ATC code: C07AA05 
Indications",injection,,False,needs_review,egypt_cardiovascular_formulary_2024.pdf,135,True
Propranolol,Ampoule 1mg/ml,injection,1mg/ml,"Oral, IV","Oral, IV 
Pharmacologic 
category 
Beta Adrenergic Nonselective Blocking Agents, Antianginal Agent; Antiarrhythmic 
Agent, Class II; Antihypertensive 
ATC code: C07AA05 
Indications",injection,,False,needs_review,egypt_cardiovascular_formulary_2024.pdf,135,True
Amlodipine,"Tablets or capsules: 2.5mg, 5mg, 10mg",tablet,"2.5mg, 5mg, 10mg",Oral,"Oral 
Pharmacologic 
category 
Antianginal Agent; Antihypertensive; Calcium Channel Blocker; Dihydropyridine 
ATC: C08CA01 
Indications 
Angina: Treatment of symptomatic chronic stable angina; treatment of confirmed",solid_oral,,False,false,egypt_cardiovascular_formulary_2024.pdf,139,True
Felodipine,"Modified Release Tablets: 2.5mg, 5mg, 10mg",tablet,"2.5mg, 5mg, 10mg",Oral,"Oral 
Pharmacologic 
category 
Antihypertensive; Calcium Channel Blocker, Dihydropyridine 
ATC: C08CA02 
Indications 
Management of hypertension",solid_oral,,False,false,egypt_cardiovascular_formulary_2024.pdf,141,True
Nifedipine,Soft Gelatin Capsule: 10mg,soft_capsule,10mg,Oral,"Oral 
Pharmacologic 
category 
Antianginal Agent; Antihypertensive; Calcium Channel Blocker, Dihydropyridine 
ATC: C08CA05 
Indications 
-Angina: Management of chronic stable or vasospastic angina.",solid_oral,,False,false,egypt_cardiovascular_formulary_2024.pdf,143,True
Nifedipine,Retard Tablet (sustained release): 20mg,tablet,20mg,Oral,"Oral 
Pharmacologic 
category 
Antianginal Agent; Antihypertensive; Calcium Channel Blocker, Dihydropyridine 
ATC: C08CA05 
Indications 
-Angina: Management of chronic stable or vasospastic angina.",solid_oral,,False,false,egypt_cardiovascular_formulary_2024.pdf,143,True
Nifedipine,"Sustained Release Hard Gelatin Capsules: 30 mg, 60 mg",capsule,"30 mg, 60 mg",Oral,"Oral 
Pharmacologic 
category 
Antianginal Agent; Antihypertensive; Calcium Channel Blocker, Dihydropyridine 
ATC: C08CA05 
Indications 
-Angina: Management of chronic stable or vasospastic angina.",solid_oral,,False,false,egypt_cardiovascular_formulary_2024.pdf,143,True
Diltiazem,Tablets: 60mg,tablet,60mg,"Oral, topical","Oral, topical 
Pharmacologic 
category 
Calcium Channel Blocker, Nondihydropyridine, Antianginal Agent; Antiarrhythmic 
Agent, Class IV; Antihypertensive 
Topical: C05AE03  
Systemic: C08DB01",solid_oral,,False,false,egypt_cardiovascular_formulary_2024.pdf,147,True
Diltiazem,Modified release tablets: 60mg,tablet,60mg,"Oral, topical","Oral, topical 
Pharmacologic 
category 
Calcium Channel Blocker, Nondihydropyridine, Antianginal Agent; Antiarrhythmic 
Agent, Class IV; Antihypertensive 
Topical: C05AE03  
Systemic: C08DB01",solid_oral,,False,false,egypt_cardiovascular_formulary_2024.pdf,147,True
Diltiazem,"Sustained Release Capsule: 90mg, 120mg, 180mg, 240mg",capsule,"90mg, 120mg, 180mg, 240mg","Oral, topical","Oral, topical 
Pharmacologic 
category 
Calcium Channel Blocker, Nondihydropyridine, Antianginal Agent; Antiarrhythmic 
Agent, Class IV; Antihypertensive 
Topical: C05AE03  
Systemic: C08DB01",solid_oral,,False,false,egypt_cardiovascular_formulary_2024.pdf,147,True
Diltiazem,Topical Cream 20mg/g,cream,20mg/g,"Oral, topical","Oral, topical 
Pharmacologic 
category 
Calcium Channel Blocker, Nondihydropyridine, Antianginal Agent; Antiarrhythmic 
Agent, Class IV; Antihypertensive 
Topical: C05AE03  
Systemic: C08DB01",other,,False,false,egypt_cardiovascular_formulary_2024.pdf,147,True
Diltiazem,Rectal Cream 20mg/g,cream,20mg/g,"Oral, topical","Oral, topical 
Pharmacologic 
category 
Calcium Channel Blocker, Nondihydropyridine, Antianginal Agent; Antiarrhythmic 
Agent, Class IV; Antihypertensive 
Topical: C05AE03  
Systemic: C08DB01",other,,False,false,egypt_cardiovascular_formulary_2024.pdf,147,True
Verapamil,"Sustained or prolonged Release Capsule: 120mg, 240mg",capsule,"120mg, 240mg","Oral, IV","Oral, IV 
Pharmacologic 
category 
Antiarrhythmic /Antihypertensive (Calcium channel blocker Class IV) 
ATC: C08DA01 
Indications 
•",injection,,False,needs_review,egypt_cardiovascular_formulary_2024.pdf,150,True
Verapamil,"Tablets: 40mg, 80mg",tablet,"40mg, 80mg","Oral, IV","Oral, IV 
Pharmacologic 
category 
Antiarrhythmic /Antihypertensive (Calcium channel blocker Class IV) 
ATC: C08DA01 
Indications 
•",injection,,False,needs_review,egypt_cardiovascular_formulary_2024.pdf,150,True
Verapamil,Sustained release tablets: 240mg,tablet,240mg,"Oral, IV","Oral, IV 
Pharmacologic 
category 
Antiarrhythmic /Antihypertensive (Calcium channel blocker Class IV) 
ATC: C08DA01 
Indications 
•",injection,,False,needs_review,egypt_cardiovascular_formulary_2024.pdf,150,True
Verapamil,"Solution for I.V injection \Infusion: 5mg/2ml, And in combinations",iv_infusion,"5mg/2ml, And in combinations","Oral, IV","Oral, IV 
Pharmacologic 
category 
Antiarrhythmic /Antihypertensive (Calcium channel blocker Class IV) 
ATC: C08DA01 
Indications 
•",injection,,False,needs_review,egypt_cardiovascular_formulary_2024.pdf,150,True
Digoxin,Solution for I.V injection \Infusion: 0.5 mg/2ml,iv_infusion,0.5 mg/2ml,"Oral, IM, IV","Oral, IM, IV 
Pharmacologic 
category 
Antiarrhythmic Agent, Miscellaneous; Cardiac Glycoside 
ATC: C01AA05 
Indications 
- Rate control for Atrial fibrillation or atrial flutter",injection,,False,needs_review,egypt_cardiovascular_formulary_2024.pdf,155,True
Digoxin,Solution for I.M or slow I.V Injection: 0.5 mg/2ml,injection,0.5 mg/2ml,"Oral, IM, IV","Oral, IM, IV 
Pharmacologic 
category 
Antiarrhythmic Agent, Miscellaneous; Cardiac Glycoside 
ATC: C01AA05 
Indications 
- Rate control for Atrial fibrillation or atrial flutter",injection,,False,needs_review,egypt_cardiovascular_formulary_2024.pdf,155,True
Digoxin,Tablets: 0.25 mg,tablet,0.25 mg,"Oral, IM, IV","Oral, IM, IV 
Pharmacologic 
category 
Antiarrhythmic Agent, Miscellaneous; Cardiac Glycoside 
ATC: C01AA05 
Indications 
- Rate control for Atrial fibrillation or atrial flutter",injection,,False,needs_review,egypt_cardiovascular_formulary_2024.pdf,155,True
Digoxin,Elixir: 0.05 mg/ml,oral_solution,0.05 mg/ml,"Oral, IM, IV","Oral, IM, IV 
Pharmacologic 
category 
Antiarrhythmic Agent, Miscellaneous; Cardiac Glycoside 
ATC: C01AA05 
Indications 
- Rate control for Atrial fibrillation or atrial flutter",injection,,False,needs_review,egypt_cardiovascular_formulary_2024.pdf,155,True
Bumetanide,Tablets: 1mg,tablet,1mg,"Oral, IM, IV","Oral, IM, IV 
Pharmacologic 
category 
Loop Diuretic 
ATC: C03CA02 
Indications 
Edema in heart failure, kidney disease, and hepatic disease and Pulmonary edema",injection,,False,needs_review,egypt_cardiovascular_formulary_2024.pdf,160,True
Bumetanide,Solution for I.M or slow I.V Injection: 0.25 mg/ml,injection,0.25 mg/ml,"Oral, IM, IV","Oral, IM, IV 
Pharmacologic 
category 
Loop Diuretic 
ATC: C03CA02 
Indications 
Edema in heart failure, kidney disease, and hepatic disease and Pulmonary edema",injection,,False,needs_review,egypt_cardiovascular_formulary_2024.pdf,160,True
Furosemide,"Solution for IM, slow IV injection or IV infusion: 40mg/4ml, 20mg/2ml",iv_infusion,"40mg/4ml, 20mg/2ml","IV, IM, Oral","IV, IM, Oral 
Pharmacologic 
category 
Antihypertensive; Diuretic, Loop 
ATC: C03CA01 
Indications 
Edema or volume overload: Management of edema associated with heart failure,",injection,,False,needs_review,egypt_cardiovascular_formulary_2024.pdf,162,True
Furosemide,Ampoule: 20mg/2ml,injection,20mg/2ml,"IV, IM, Oral","IV, IM, Oral 
Pharmacologic 
category 
Antihypertensive; Diuretic, Loop 
ATC: C03CA01 
Indications 
Edema or volume overload: Management of edema associated with heart failure,",injection,,False,needs_review,egypt_cardiovascular_formulary_2024.pdf,162,True
Furosemide,"Tablets: 20mg, 40mg, 80mg, 500mg",tablet,"20mg, 40mg, 80mg, 500mg","IV, IM, Oral","IV, IM, Oral 
Pharmacologic 
category 
Antihypertensive; Diuretic, Loop 
ATC: C03CA01 
Indications 
Edema or volume overload: Management of edema associated with heart failure,",injection,,False,needs_review,egypt_cardiovascular_formulary_2024.pdf,162,True
Furosemide,"Oral solution: 20mg/5ml, 50mg/5ml And in combinations",oral_solution,"20mg/5ml, 50mg/5ml And in combinations","IV, IM, Oral","IV, IM, Oral 
Pharmacologic 
category 
Antihypertensive; Diuretic, Loop 
ATC: C03CA01 
Indications 
Edema or volume overload: Management of edema associated with heart failure,",injection,,False,needs_review,egypt_cardiovascular_formulary_2024.pdf,162,True
Torsemide (Torasemide),"Modified release tablet:  5mg, 10mg",tablet,"5mg, 10mg","IV, Oral","IV, Oral  
Pharmacologic 
category 
Antihypertensive; Diuretic, Loop 
ATC: C03CA04 
Indications 
Edema or volume overload: Treatment of edema.",injection,,False,needs_review,egypt_cardiovascular_formulary_2024.pdf,166,True
Torsemide (Torasemide),"Tablets: 5mg, 10mg, 20g, 100mg",tablet,"5mg, 10mg, 20g, 100mg","IV, Oral","IV, Oral  
Pharmacologic 
category 
Antihypertensive; Diuretic, Loop 
ATC: C03CA04 
Indications 
Edema or volume overload: Treatment of edema.",injection,,False,needs_review,egypt_cardiovascular_formulary_2024.pdf,166,True
Torsemide (Torasemide),"Solution for intravenous injection: 10 mg/ml, 20 mg/2ml, 50mg",injection,"10 mg/ml, 20 mg/2ml, 50mg","IV, Oral","IV, Oral  
Pharmacologic 
category 
Antihypertensive; Diuretic, Loop 
ATC: C03CA04 
Indications 
Edema or volume overload: Treatment of edema.",injection,,False,needs_review,egypt_cardiovascular_formulary_2024.pdf,166,True
Mannitol,"Solution for I.V infusion: 10%, 15%, 20% (10,15 or 20 gm / 100 ml)",iv_infusion,"10%, 15%, 20% (10,15 or 20 gm / 100 ml)",I.V,"I.V  
Pharmacologic 
category 
Diuretic, Osmotic; Genitourinary Irrigant 
ATC:  
Osmotic: B05BC01  
Irrigant: B05CX04",injection,,False,needs_review,egypt_cardiovascular_formulary_2024.pdf,169,True
Eplerenone,"Tablets: 25mg, 50mg",tablet,"25mg, 50mg",Oral,"Oral 
Pharmacologic 
category 
Antihypertensive; Diuretic, Potassium Sparing; Mineralocorticoid (Aldosterone) 
Receptor Antagonist 
Indications 
•",solid_oral,,False,false,egypt_cardiovascular_formulary_2024.pdf,173,True
Spironolactone,Tablets: 25 mg; 50 mg; 100 mg,tablet,25 mg; 50 mg; 100 mg,Oral,"Oral  
Pharmacologic 
category 
Antihypertensive; Diuretic, Potassium Sparing; Mineralocorticoid (Aldosterone) 
Receptor Antagonist 
ATC: C03DA01 
Indications",solid_oral,,False,false,egypt_cardiovascular_formulary_2024.pdf,175,True
Chlorthalidone,Tablets: 12.5 or 25mg in combinations with Atenolol or Metoprolol or Azilsartan,tablet,12.5 or 25mg in combinations with Atenolol or Metoprolol or Azilsartan,Oral,"Oral 
Pharmacologic 
category 
Antihypertensive; Thiazide-Related Diuretic 
ATC: C03BA04  
Indications 
Management of chronic hypertension.",solid_oral,,False,false,egypt_cardiovascular_formulary_2024.pdf,179,True
Indapamide,Tablets: 2.5 mg,tablet,2.5 mg,Oral,"Oral 
Pharmacologic 
category 
Antihypertensive; Diuretic, Thiazide-Related 
ATC: C03BA11 
Indications 
Edema or general volume overload: Treatment of edema in heart failure.",solid_oral,,False,false,egypt_cardiovascular_formulary_2024.pdf,184,True
Indapamide,Sustained or extended Release Tablets: 1.5mg And in combinations,tablet,1.5mg And in combinations,Oral,"Oral 
Pharmacologic 
category 
Antihypertensive; Diuretic, Thiazide-Related 
ATC: C03BA11 
Indications 
Edema or general volume overload: Treatment of edema in heart failure.",solid_oral,,False,false,egypt_cardiovascular_formulary_2024.pdf,184,True
Alteplase,Powder and solvent for injection: 50 mg vial,injection,50 mg vial,IV,"IV 
Pharmacologic 
category 
Thrombolytic Agent 
ATC: B01AD02  
Indications 
IV:",injection,,False,needs_review,egypt_cardiovascular_formulary_2024.pdf,188,True
Cholestyramine,Powder for Oral Suspension: 4mg,oral_suspension,4mg,Oral,"Oral 
Pharmacologic 
category 
Antilipemic Agent, Bile Acid Sequestrant 
ATC: C10AC01 
 
Indications",oral_liquid,,False,needs_review,egypt_cardiovascular_formulary_2024.pdf,195,True
Colesevelam,Tablets: 625mg,tablet,625mg,Oral,"Oral 
Pharmacologic 
category 
Antilipemic Agent, Bile Acid Sequestrant 
ATC: C10AC04 
Indications 
•",solid_oral,,False,false,egypt_cardiovascular_formulary_2024.pdf,197,True
Colesevelam,"Powder for Oral Suspension:  1.875 gm, 3.75 gm",oral_suspension,"1.875 gm, 3.75 gm",Oral,"Oral 
Pharmacologic 
category 
Antilipemic Agent, Bile Acid Sequestrant 
ATC: C10AC04 
Indications 
•",oral_liquid,,False,needs_review,egypt_cardiovascular_formulary_2024.pdf,197,True
Ezetimibe,Ezetimibe 10 mg tablets,ezetimibe,10 mg tablets,Oral,"Oral  
Pharmacologic 
category  
Antilipemic Agent, 2-Azetidinone 
ATC: C10AX09 
Indications",other,,False,false,egypt_cardiovascular_formulary_2024.pdf,200,True
Fenofibrate,"Capsules 67mg, 100mg, 200mg, 250mg (retard), 300mg",capsule,"67mg, 100mg, 200mg, 250mg (retard), 300mg",Oral,"Oral 
Pharmacologic 
category 
Antilipemic Agent, Fibric Acid 
ATC: C10AB05 
Indications 
Hypertriglyceridemia: Adjunctive therapy to diet for treatment of adult patients",solid_oral,,False,false,egypt_cardiovascular_formulary_2024.pdf,203,True
Fenofibrate,"Tablets 145mg, 160mg",tablet,"145mg, 160mg",Oral,"Oral 
Pharmacologic 
category 
Antilipemic Agent, Fibric Acid 
ATC: C10AB05 
Indications 
Hypertriglyceridemia: Adjunctive therapy to diet for treatment of adult patients",solid_oral,,False,false,egypt_cardiovascular_formulary_2024.pdf,203,True
Atorvastatin,"Tablets: 10mg, 20mg, 40mg, 80mg",tablet,"10mg, 20mg, 40mg, 80mg",Oral,"Oral 
Pharmacologic 
category 
Antilipemic Agent, HMG-CoA Reductase Inhibitor 
 
ATC: C10AA05 
Indications",solid_oral,,False,false,egypt_cardiovascular_formulary_2024.pdf,207,True
Atorvastatin,"Chewable Tablets 10mg, 20mg, 40mg",chewable_tablet,"10mg, 20mg, 40mg",Oral,"Oral 
Pharmacologic 
category 
Antilipemic Agent, HMG-CoA Reductase Inhibitor 
 
ATC: C10AA05 
Indications",solid_oral,,False,false,egypt_cardiovascular_formulary_2024.pdf,207,True
Pitavastatin,"Tablets: 1mg, 2mg, 4mg",tablet,"1mg, 2mg, 4mg",Oral,"Oral 
Pharmacologic 
category 
Antilipemic Agent, HMG-CoA Reductase Inhibitor 
ATC: C10AA08 
Indications 
Reduction of elevated total cholesterol and LDL-C, in patients with primary",solid_oral,,False,false,egypt_cardiovascular_formulary_2024.pdf,210,True
Rosuvastatin,"Tablets: 5mg, 10mg, 20mg, 40mg And in combinations",tablet,"5mg, 10mg, 20mg, 40mg And in combinations",Oral,"Oral 
Pharmacologic 
category 
Antilipemic Agent, HMG-CoA Reductase Inhibitor 
ATC: C10AA07 
Indications 
•",solid_oral,,False,false,egypt_cardiovascular_formulary_2024.pdf,212,True
Simvastatin,"Tablets: 10 mg, 20 mg, 40 mg, 80 mg",tablet,"10 mg, 20 mg, 40 mg, 80 mg",Oral,"Oral 
Pharmacologic 
category 
Antilipemic Agent, HMG-CoA Reductase Inhibitor 
ATC: C10AA01 
Indications 
Heterozygous familial hypercholesterolemia: To reduce elevated total cholesterol",solid_oral,,False,false,egypt_cardiovascular_formulary_2024.pdf,214,True
Simvastatin,"Capsules 10mg, 20mg",capsule,"10mg, 20mg",Oral,"Oral 
Pharmacologic 
category 
Antilipemic Agent, HMG-CoA Reductase Inhibitor 
ATC: C10AA01 
Indications 
Heterozygous familial hypercholesterolemia: To reduce elevated total cholesterol",solid_oral,,False,false,egypt_cardiovascular_formulary_2024.pdf,214,True
Ivabradine,Tablets:  5mg; 7.5mg,tablet,5mg; 7.5mg,Oral,"Oral  
Pharmacologic 
category 
Cardiovascular Agent, Miscellaneous 
ATC: C01EB17 
Indications 
-Heart failure with reduced ejection fraction:",solid_oral,,False,false,egypt_cardiovascular_formulary_2024.pdf,218,True
Dapagliflozin,"Tablets: 5mg, 10mg And in combinations",tablet,"5mg, 10mg And in combinations",Oral,"Oral 
Pharmacologic 
category 
Antidiabetic Agent, Sodium-Glucose Cotransporter 2 (SGLT2) Inhibitor 
ATC: A10BK01 
Indications 
•",solid_oral,,False,false,egypt_cardiovascular_formulary_2024.pdf,222,True
Empagliflozin,"Tablets: 10mg, 25 mg And in combinations",tablet,"10mg, 25 mg And in combinations",Oral,"Oral 
Pharmacologic 
category 
Antidiabetic Agent, Sodium-Glucose Cotransporter 2 (SGLT2) Inhibitor 
ATC: A10BK03 
Indications 
Diabetes mellitus, type 2, treatment: As an adjunct to diet and exercise to improve",solid_oral,,False,false,egypt_cardiovascular_formulary_2024.pdf,225,True
Adrenaline (Epinephrine),"Solution for Injection: 0.25 mg/ml, 1mg/ml and in combinations",injection,"0.25 mg/ml, 1mg/ml and in combinations","IM, IV, SC","IM, IV, SC 
Pharmacologic 
category 
Sympathomimetics; vasoconstrictor, alpha/beta agonist 
ATC: as sympathomimetic: C01CA24  
Indications 
•",injection,,False,needs_review,egypt_cardiovascular_formulary_2024.pdf,229,True
Dobutamine,Ampoules:  12.5mg/ml; 250mg/20ml; 250 mg/5ml,injection,12.5mg/ml; 250mg/20ml; 250 mg/5ml,IV,"IV  
Pharmacologic 
category 
Adrenergic Agonist Agent; Inotrope 
ATC: C01CA07 
Indications 
-Acute decompensated heart failure: Short-term management of patients with",injection,,False,needs_review,egypt_cardiovascular_formulary_2024.pdf,234,True
Busulfan,Enteric-coated tablets: 2mg,tablet,2mg,Oral,"Oral.  
Pharmacologic 
Category 
Antineoplastic Agent, Alkylating Agent. 
ATC Code: L01AB01. 
Indications",solid_oral,,False,false,egypt_conventional_anticancer_formulary_2024.pdf,14,True
Bendamustine,"Powder for concentrate for solution for infusion:  25mg, 100mg",iv_infusion,"25mg, 100mg",IV,"IV 
Pharmacologic 
Category 
Antineoplastic Agent, Alkylating Agent 
ATC code: L01AA09 
Indications",injection,,False,needs_review,egypt_conventional_anticancer_formulary_2024.pdf,17,True
Chlorambucil,Tablet: 2mg,tablet,2mg,Oral,"Oral  
Pharmacologic 
Category 
Antineoplastic Agent, Alkylating Agent (Nitrogen Mustard) 
ATC code: L01AA02 
Indications",solid_oral,,False,false,egypt_conventional_anticancer_formulary_2024.pdf,22,True
Cyclophosphamide,"Powder for injection: 200 mg, 1 gm",injection,"200 mg, 1 gm","IV, Oral","IV, Oral 
Pharmacologic 
Category 
Alkylating Agent (Nitrogen Mustard); Antineoplastic agent, Immunosuppressant 
agent, Antirheumatic agent.  
ATC code: L01AA01 
Indications",injection,,False,needs_review,egypt_conventional_anticancer_formulary_2024.pdf,26,True
Cyclophosphamide,Tablets: 50 mg,tablet,50 mg,"IV, Oral","IV, Oral 
Pharmacologic 
Category 
Alkylating Agent (Nitrogen Mustard); Antineoplastic agent, Immunosuppressant 
agent, Antirheumatic agent.  
ATC code: L01AA01 
Indications",injection,,False,needs_review,egypt_conventional_anticancer_formulary_2024.pdf,26,True
Ifosfamide,"Powder for solution for I.V. Injection or infusion: 1gm, 2gm",iv_infusion,"1gm, 2gm",IV,"IV 
Pharmacologic 
Category 
Antineoplastic Agent, Alkylating Agent (Nitrogen Mustard) 
ATC: L01AA06 
Indications",injection,,False,needs_review,egypt_conventional_anticancer_formulary_2024.pdf,34,True
Melphalan,Tablet: 2 mg,tablet,2 mg,Oral,"Oral. 
Pharmacologic 
Category 
Antineoplastic Agent, Alkylating Agent (Nitrogen Mustard). 
ATC code: L01AA03 
Indications",solid_oral,,False,false,egypt_conventional_anticancer_formulary_2024.pdf,39,True
Lomustine,Capsule: 40 mg,capsule,40 mg,Oral,"Oral. 
Pharmacologic 
Category 
Antineoplastic Agent, Alkylating Agent (Nitrosourea). 
ATC code: L01AD02 
Indications",solid_oral,,False,false,egypt_conventional_anticancer_formulary_2024.pdf,43,True
Temozolomide,"Capsules 5mg, 20mg, 100mg, 250mg",capsule,"5mg, 20mg, 100mg, 250mg",Oral,"Oral 
Pharmacologic 
Category 
Antineoplastic Agent, Alkylating Agent  
ATC: L01AX03 
Indications",solid_oral,,False,false,egypt_conventional_anticancer_formulary_2024.pdf,47,True
Carboplatin,"Solution For I.V Infusion: 10 mg, 50mg, 150 mg, 450 mg",iv_infusion,"10 mg, 50mg, 150 mg, 450 mg",Intravenous,"Intravenous 
Pharmacologic 
Category 
Antineoplastic Agent, Alkylating Agent, Platinum Analog 
ATC: L01XA02 
Indications",injection,,False,needs_review,egypt_conventional_anticancer_formulary_2024.pdf,51,True
Cisplatin,"Concentrate solution for infusion: 10mg/10ml, 10mg/20ml, 50mg/50ml",iv_infusion,"10mg/10ml, 10mg/20ml, 50mg/50ml",Intravenous,"Intravenous. 
Pharmacologic 
Category 
Antineoplastic Agent, Alkylating Agent; Platinum Analog 
ATC code: L01XA01. 
Indications",injection,,False,needs_review,egypt_conventional_anticancer_formulary_2024.pdf,58,True
Cisplatin,50mg/100ml,50mg_100ml,,Intravenous,"Intravenous. 
Pharmacologic 
Category 
Antineoplastic Agent, Alkylating Agent; Platinum Analog 
ATC code: L01XA01. 
Indications",injection,,False,needs_review,egypt_conventional_anticancer_formulary_2024.pdf,58,True
Oxaliplatin,"Powder for Solution for I.V Infusion: 50mg, 100mg",iv_infusion,"50mg, 100mg",IV,"IV 
Pharmacologic 
Category 
Antineoplastic Agent, Alkylating Agent; Platinum Analog. 
ATC Code: L01XA03 
Indications",injection,,False,needs_review,egypt_conventional_anticancer_formulary_2024.pdf,65,True
Oxaliplatin,"Concentrate solution for infusion: 50 mg/10ml,100 mg/20ml, 200 mg /40 ml",iv_infusion,"50 mg/10ml,100 mg/20ml, 200 mg /40 ml",IV,"IV 
Pharmacologic 
Category 
Antineoplastic Agent, Alkylating Agent; Platinum Analog. 
ATC Code: L01XA03 
Indications",injection,,False,needs_review,egypt_conventional_anticancer_formulary_2024.pdf,65,True
Dacarbazine,"Powder for solution: 100mg, 200mg",powder,"100mg, 200mg",IV,"IV 
Pharmacologic 
Category 
Antineoplastic Agent, Alkylating Agent 
ATC: L01AX04 
Indications",injection,,False,needs_review,egypt_conventional_anticancer_formulary_2024.pdf,71,True
Methotrexate,"Tablets: 2.5mg, 5mg, 7.5mg, 10mg, 15mg",tablet,"2.5mg, 5mg, 7.5mg, 10mg, 15mg","Oral, Intravenous, Intramuscular, Intrathecal, Subcutaneous","Oral, Intravenous, Intramuscular, Intrathecal, Subcutaneous. 
Pharmacologic 
Category 
Antineoplastic Agent, Antimetabolite (Antifolate); Antirheumatic, Disease 
Modifying; Immunosuppressant Agent. 
ATC code: Antineoplastic: L01BA01, Immunosuppressants: L04AX03. 
Indications",injection,,False,needs_review,egypt_conventional_anticancer_formulary_2024.pdf,75,True
Methotrexate,"Solution for injection (IV, IM, SC, Intrathecal): 50mg/2ml, 5000 mg/50ml",injection,"50mg/2ml, 5000 mg/50ml","Oral, Intravenous, Intramuscular, Intrathecal, Subcutaneous","Oral, Intravenous, Intramuscular, Intrathecal, Subcutaneous. 
Pharmacologic 
Category 
Antineoplastic Agent, Antimetabolite (Antifolate); Antirheumatic, Disease 
Modifying; Immunosuppressant Agent. 
ATC code: Antineoplastic: L01BA01, Immunosuppressants: L04AX03. 
Indications",injection,,False,needs_review,egypt_conventional_anticancer_formulary_2024.pdf,75,True
Methotrexate,Lyophilized Powder: 50mg,powder,50mg,"Oral, Intravenous, Intramuscular, Intrathecal, Subcutaneous","Oral, Intravenous, Intramuscular, Intrathecal, Subcutaneous. 
Pharmacologic 
Category 
Antineoplastic Agent, Antimetabolite (Antifolate); Antirheumatic, Disease 
Modifying; Immunosuppressant Agent. 
ATC code: Antineoplastic: L01BA01, Immunosuppressants: L04AX03. 
Indications",injection,,False,needs_review,egypt_conventional_anticancer_formulary_2024.pdf,75,True
Methotrexate,"Solution for injection in Pre-filled Syringe: 7.5 mg/0.15 ml, 10 mg/0.2 ml",injection,"7.5 mg/0.15 ml, 10 mg/0.2 ml","Oral, Intravenous, Intramuscular, Intrathecal, Subcutaneous","Oral, Intravenous, Intramuscular, Intrathecal, Subcutaneous. 
Pharmacologic 
Category 
Antineoplastic Agent, Antimetabolite (Antifolate); Antirheumatic, Disease 
Modifying; Immunosuppressant Agent. 
ATC code: Antineoplastic: L01BA01, Immunosuppressants: L04AX03. 
Indications",injection,,False,needs_review,egypt_conventional_anticancer_formulary_2024.pdf,75,True
Methotrexate,"15 mg/0.3 ml, 20 mg/0.4 ml, 25 mg/ 0.5 ml",15_mg_0_3_ml_20_mg_0_4_ml_25_mg_0_5_ml,,"Oral, Intravenous, Intramuscular, Intrathecal, Subcutaneous","Oral, Intravenous, Intramuscular, Intrathecal, Subcutaneous. 
Pharmacologic 
Category 
Antineoplastic Agent, Antimetabolite (Antifolate); Antirheumatic, Disease 
Modifying; Immunosuppressant Agent. 
ATC code: Antineoplastic: L01BA01, Immunosuppressants: L04AX03. 
Indications",injection,,False,needs_review,egypt_conventional_anticancer_formulary_2024.pdf,75,True
Pemetrexed,"Concentrate for solution for I.V. Infusion: 500 mg/20 ml, 1000 mg/40 ml",iv_infusion,"500 mg/20 ml, 1000 mg/40 ml",IV,"IV 
Pharmacologic 
Category 
Antineoplastic Agent, Antimetabolite (Antifolate) 
ATC: L01BA04 
Indications",injection,,False,needs_review,egypt_conventional_anticancer_formulary_2024.pdf,86,True
Pemetrexed,"Powder for concentrate for solution for I.V Infusion: 100mg, 500 mg",iv_infusion,"100mg, 500 mg",IV,"IV 
Pharmacologic 
Category 
Antineoplastic Agent, Antimetabolite (Antifolate) 
ATC: L01BA04 
Indications",injection,,False,needs_review,egypt_conventional_anticancer_formulary_2024.pdf,86,True
Fludarabine,Powder for Solution for I.V Infusion: 50mg,iv_infusion,50mg,"IV, Oral","IV, Oral 
Pharmacologic 
Category 
Antimetabolite (Purine Analog), Antineoplastic agent. 
ATC Code: L01BB05. 
Indications",injection,,False,needs_review,egypt_conventional_anticancer_formulary_2024.pdf,91,True
Fludarabine,Concentrate for solution for injection/infusion: 50 mg/2 mL,iv_infusion,50 mg/2 mL,"IV, Oral","IV, Oral 
Pharmacologic 
Category 
Antimetabolite (Purine Analog), Antineoplastic agent. 
ATC Code: L01BB05. 
Indications",injection,,False,needs_review,egypt_conventional_anticancer_formulary_2024.pdf,91,True
Fludarabine,Tablet 10mg,tablet,10mg,"IV, Oral","IV, Oral 
Pharmacologic 
Category 
Antimetabolite (Purine Analog), Antineoplastic agent. 
ATC Code: L01BB05. 
Indications",injection,,False,needs_review,egypt_conventional_anticancer_formulary_2024.pdf,91,True
Mercaptopurine,Tablets 50 mg,tablet,50 mg,Oral,"Oral  
Pharmacologic 
Category 
Antimetabolite (Purine Analog); Antineoplastic Agent, Immunosuppressant 
Agent. 
ATC Code: L01BB02 
Indications",solid_oral,,False,false,egypt_conventional_anticancer_formulary_2024.pdf,96,True
Thioguanine (Tioguanine),Tablet: 40mg,tablet,40mg,Oral,"Oral  
Pharmacologic 
Category 
Antineoplastic Agent, Antimetabolite (Purine Analog). 
ATC Code: L01BB03 
Indications",solid_oral,,False,false,egypt_conventional_anticancer_formulary_2024.pdf,101,True
Azacitidine,Lyophilized powder for suspension for SC injection: 100mg,oral_suspension,100mg,"Subcutaneous, Intravenous","Subcutaneous, Intravenous 
Pharmacologic 
Category 
Antimetabolite; Antineoplastic Agent, DNA Methylation Inhibitor. 
ATC Code: L01BC07 
Indications",oral_liquid,,False,needs_review,egypt_conventional_anticancer_formulary_2024.pdf,106,True
Azacitidine,Lyophilized powder for suspension for SC or IV injection: 100mg,oral_suspension,100mg,"Subcutaneous, Intravenous","Subcutaneous, Intravenous 
Pharmacologic 
Category 
Antimetabolite; Antineoplastic Agent, DNA Methylation Inhibitor. 
ATC Code: L01BC07 
Indications",oral_liquid,,False,needs_review,egypt_conventional_anticancer_formulary_2024.pdf,106,True
Capecitabine,Tablets: 500 mg,tablet,500 mg,Oral,"Oral  
Pharmacologic 
Category 
Pyrimidine Analogue, Antimetabolite, Antineoplastic Agent  
ATC code: L01BC06 
Indications",solid_oral,,False,false,egypt_conventional_anticancer_formulary_2024.pdf,113,True
Cytarabine,"Solution for injection: 200mg/2ml, 100 mg/5ml, 500mg/5ml, 500 mg/10ml",injection,"200mg/2ml, 100 mg/5ml, 500mg/5ml, 500 mg/10ml","Intravenous (injection or infusion), Intrathecal and Subcutaneous","Intravenous (injection or infusion), Intrathecal and Subcutaneous 
Pharmacologic 
Category 
Antineoplastic Agent, Antimetabolite (Pyrimidine Analog) 
ATC: L01BC01 
Indications",injection,,False,needs_review,egypt_conventional_anticancer_formulary_2024.pdf,119,True
Cytarabine,"1000 mg/10ml, 1000 mg/20ml, 2000mg/20ml, 4000ml/80ml",1000_mg_10ml_1000_mg_20ml_2000mg_20ml_4000ml_80ml,,"Intravenous (injection or infusion), Intrathecal and Subcutaneous","Intravenous (injection or infusion), Intrathecal and Subcutaneous 
Pharmacologic 
Category 
Antineoplastic Agent, Antimetabolite (Pyrimidine Analog) 
ATC: L01BC01 
Indications",injection,,False,needs_review,egypt_conventional_anticancer_formulary_2024.pdf,119,True
Cytarabine,Lyophilized Powder: 100 mg/5ml,powder,100 mg/5ml,"Intravenous (injection or infusion), Intrathecal and Subcutaneous","Intravenous (injection or infusion), Intrathecal and Subcutaneous 
Pharmacologic 
Category 
Antineoplastic Agent, Antimetabolite (Pyrimidine Analog) 
ATC: L01BC01 
Indications",injection,,False,needs_review,egypt_conventional_anticancer_formulary_2024.pdf,119,True
Fluorouracil,"Concentrate for solution for injection/infusion:  250 mg/5ml, 500 mg/10ml",iv_infusion,"250 mg/5ml, 500 mg/10ml","IV, Topical, Oral","IV, Topical, Oral  
Pharmacologic 
Category 
Antimetabolite antineoplastic agent acts as a pyrimidine antagonist. 
ATC: L01BC02 
Indications",injection,,False,needs_review,egypt_conventional_anticancer_formulary_2024.pdf,124,True
Fluorouracil,1000 mg/20ml,1000_mg_20ml,,"IV, Topical, Oral","IV, Topical, Oral  
Pharmacologic 
Category 
Antimetabolite antineoplastic agent acts as a pyrimidine antagonist. 
ATC: L01BC02 
Indications",injection,,False,needs_review,egypt_conventional_anticancer_formulary_2024.pdf,124,True
Fluorouracil,Tablets: 50 mg,tablet,50 mg,"IV, Topical, Oral","IV, Topical, Oral  
Pharmacologic 
Category 
Antimetabolite antineoplastic agent acts as a pyrimidine antagonist. 
ATC: L01BC02 
Indications",injection,,False,needs_review,egypt_conventional_anticancer_formulary_2024.pdf,124,True
Fluorouracil,Topical Cream: 50 mg/gm,cream,50 mg/gm,"IV, Topical, Oral","IV, Topical, Oral  
Pharmacologic 
Category 
Antimetabolite antineoplastic agent acts as a pyrimidine antagonist. 
ATC: L01BC02 
Indications",injection,,False,needs_review,egypt_conventional_anticancer_formulary_2024.pdf,124,True
Gemcitabine,"Powder for Solution for I.V Infusion: 1 gm, 200 mg",iv_infusion,"1 gm, 200 mg",IV,"IV 
Pharmacologic 
Category 
Antineoplastic Agent, Antimetabolite (Pyrimidine Analog). 
ATC Code: L01BC05. 
Indications",injection,,False,needs_review,egypt_conventional_anticancer_formulary_2024.pdf,131,True
Gemcitabine,"Concentrate for Solution For I.V Infusion: 200 mg/5ml, 1000 mg/100ml",iv_infusion,"200 mg/5ml, 1000 mg/100ml",IV,"IV 
Pharmacologic 
Category 
Antineoplastic Agent, Antimetabolite (Pyrimidine Analog). 
ATC Code: L01BC05. 
Indications",injection,,False,needs_review,egypt_conventional_anticancer_formulary_2024.pdf,131,True
Gemcitabine,"1000mg/26.316ml, 2000 mg/50 ml",1000mg_26_316ml_2000_mg_50_ml,,IV,"IV 
Pharmacologic 
Category 
Antineoplastic Agent, Antimetabolite (Pyrimidine Analog). 
ATC Code: L01BC05. 
Indications",injection,,False,needs_review,egypt_conventional_anticancer_formulary_2024.pdf,131,True
Docetaxel,"Concentrate for Solution For I.V Infusion: 10mg, 20mg, 80mg, 140mg, 160mg",iv_infusion,"10mg, 20mg, 80mg, 140mg, 160mg",IV,"IV 
Pharmacologic 
Category 
Antineoplastic Agent, Antimicrotubular, Taxane Derivative 
ATC code: L01CD01 
Indications",injection,,False,needs_review,egypt_conventional_anticancer_formulary_2024.pdf,138,True
Paclitaxel,"Concentrate for solution for Infusion (6mg/ml):  30mg/5ml, 150ml/25ml",iv_infusion,"30mg/5ml, 150ml/25ml",Intravenous,"Intravenous. 
Pharmacologic 
Category 
Antineoplastic Agent, Antimicrotubular; Taxane Derivative. 
ATC Code: L01CD01 
Indications",injection,,False,needs_review,egypt_conventional_anticancer_formulary_2024.pdf,145,True
Paclitaxel,"300mg/25ml, 300/50ml",300mg_25ml_300_50ml,,Intravenous,"Intravenous. 
Pharmacologic 
Category 
Antineoplastic Agent, Antimicrotubular; Taxane Derivative. 
ATC Code: L01CD01 
Indications",injection,,False,needs_review,egypt_conventional_anticancer_formulary_2024.pdf,145,True
Vinblastine,Solution for IV injection or infusion: 10mg/10ml,iv_infusion,10mg/10ml,IV,"IV 
Pharmacologic 
Category 
Antineoplastic Agent, Antimicrotubular; Vinca Alkaloid 
ATC code: L01CA01 
Indications",injection,,False,needs_review,egypt_conventional_anticancer_formulary_2024.pdf,152,True
Vincristine,"Solution for injection 1mg/ml, 2mg/2ml",injection,"1mg/ml, 2mg/2ml",IV,"IV 
Pharmacologic 
Category 
Antineoplastic Agent, Antimicrotubular, Vinca Alkaloid 
ATC: L01CA02 
Indications",injection,,False,needs_review,egypt_conventional_anticancer_formulary_2024.pdf,156,True
Vincristine,Lyophilized Powder 1mg,powder,1mg,IV,"IV 
Pharmacologic 
Category 
Antineoplastic Agent, Antimicrotubular, Vinca Alkaloid 
ATC: L01CA02 
Indications",injection,,False,needs_review,egypt_conventional_anticancer_formulary_2024.pdf,156,True
Vinorelbine,"Concentrate for Solution For I.V Infusion: 10 mg/ml, 50mg/5ml",iv_infusion,"10 mg/ml, 50mg/5ml","IV, Oral","IV, Oral 
Pharmacologic 
Category 
Antineoplastic Agent, Antimicrotubular, Vinca Alkaloid 
ATC: L01CA04 
Indications",injection,,False,needs_review,egypt_conventional_anticancer_formulary_2024.pdf,160,True
Vinorelbine,"Capsule: 20mg, 30mg",capsule,"20mg, 30mg","IV, Oral","IV, Oral 
Pharmacologic 
Category 
Antineoplastic Agent, Antimicrotubular, Vinca Alkaloid 
ATC: L01CA04 
Indications",injection,,False,needs_review,egypt_conventional_anticancer_formulary_2024.pdf,160,True
Daunorubicin,Lyophilized Powder for IV injection: 20mg,injection,20mg,IV,"IV 
Pharmacologic 
Category 
Antineoplastic Agent, Anthracycline, Topoisomerase II Inhibitor 
ATC: L01DB02 
Indications",injection,,False,needs_review,egypt_conventional_anticancer_formulary_2024.pdf,166,True
Doxorubicin,"Solution for I.V Infusion or 10mg, 20mg, 50mg, 200mg",iv_infusion,"10mg, 20mg, 50mg, 200mg",IV,"IV  
Pharmacologic 
Category 
Antineoplastic Agent, Anthracyclines, Topoisomerase II Inhibitor 
ATC: L01DB01 
Indications",injection,,False,needs_review,egypt_conventional_anticancer_formulary_2024.pdf,171,True
Doxorubicin,"Powder for solution: 10mg, 50mg, 150mg",powder,"10mg, 50mg, 150mg",IV,"IV  
Pharmacologic 
Category 
Antineoplastic Agent, Anthracyclines, Topoisomerase II Inhibitor 
ATC: L01DB01 
Indications",injection,,False,needs_review,egypt_conventional_anticancer_formulary_2024.pdf,171,True
Epirubicin,"Solution for IV injection\Infusion 2 mg/ml: 10mg, 50mg",iv_infusion,"10mg, 50mg",IV,"IV 
Pharmacologic 
Category 
Antineoplastic Agent, Anthracycline, Topoisomerase II Inhibitor. 
ATC: L01DB03 
Indications",injection,,False,needs_review,egypt_conventional_anticancer_formulary_2024.pdf,176,True
Epirubicin,Lyophilized Powder 10mg,powder,10mg,IV,"IV 
Pharmacologic 
Category 
Antineoplastic Agent, Anthracycline, Topoisomerase II Inhibitor. 
ATC: L01DB03 
Indications",injection,,False,needs_review,egypt_conventional_anticancer_formulary_2024.pdf,176,True
Mitoxantrone,Solution for IV injection: 20mg/ 10 ml,injection,20mg/ 10 ml,IV,"IV 
 
Pharmacologic 
Category 
• 
Anthracenedione; Antineoplastic Agent, Topoisomerase II Inhibitor. 
•",injection,,False,needs_review,egypt_conventional_anticancer_formulary_2024.pdf,182,True
Bleomycin,15.000 I.U. Lyophilized Powder Vial,injection,,"IV, IM, S.C, Intrapleural","IV, IM, S.C, Intrapleural 
Pharmacologic 
Category 
Antineoplastic Agent, Antibiotic 
ATC: L01DC01 
Indications",injection,,False,needs_review,egypt_conventional_anticancer_formulary_2024.pdf,190,True
Dactinomycin,Lyophilized Powder for Injection: 500 mcg,injection,500 mcg,IV,"IV 
Pharmacologic 
Category 
Antineoplastic Agent, Antibiotic 
ATC: L01DA01 
Indications",injection,,False,needs_review,egypt_conventional_anticancer_formulary_2024.pdf,194,True
Abiraterone Acetate,"Tablets 250mg, 500mg",tablet,"250mg, 500mg",Oral,"Oral 
Pharmacologic 
Category 
Antineoplastic Agent, Antiandrogen 
ATC: L02BX03 
Indications",solid_oral,,False,false,egypt_conventional_anticancer_formulary_2024.pdf,199,True
Bicalutamide,"Tablets: 50mg, 150mg",tablet,"50mg, 150mg",Oral,"Oral 
Pharmacologic 
Category 
Antineoplastic Agent, Antiandrogen. 
ATC: L02BB03 
Indications",solid_oral,,False,false,egypt_conventional_anticancer_formulary_2024.pdf,203,True
Flutamide,Tablets: 250mg,tablet,250mg,Oral,"Oral 
Pharmacologic 
Category 
Antineoplastic Agent, Antiandrogen 
ATC: L02BB01 
Indications",solid_oral,,False,false,egypt_conventional_anticancer_formulary_2024.pdf,207,True
Fulvestrant,Solution for injection in Pre-filled Syringe: 250 mg/5ml,injection,250 mg/5ml,Intramuscular,"Intramuscular.  
Pharmacologic 
Category 
Antineoplastic Agent, Estrogen Receptor Antagonist. 
ATC Code: L02BA03. 
Indications",injection,,False,needs_review,egypt_conventional_anticancer_formulary_2024.pdf,210,True
Fulvestrant,Solution for I.M Injection: 250 mg/5ml,injection,250 mg/5ml,Intramuscular,"Intramuscular.  
Pharmacologic 
Category 
Antineoplastic Agent, Estrogen Receptor Antagonist. 
ATC Code: L02BA03. 
Indications",injection,,False,needs_review,egypt_conventional_anticancer_formulary_2024.pdf,210,True
Anastrozole,Tablets 1 mg,tablet,1 mg,Oral,"Oral 
Pharmacologic 
Category  
Antineoplastic Agent, Aromatase Inhibitor 
ATC: L02BG03 
Indications",solid_oral,,False,false,egypt_conventional_anticancer_formulary_2024.pdf,214,True
Exemestane,Tablets: 25mg,tablet,25mg,Oral,"Oral 
Pharmacologic 
Category 
Antineoplastic Agent, Aromatase Inhibitor 
ATC:L02BG06 
Indications",solid_oral,,False,false,egypt_conventional_anticancer_formulary_2024.pdf,217,True
Letrozole,2.5 mg tablets,tablet,,Oral,"Oral  
Pharmacologic 
Category 
Antineoplastic agent, aromatase inhibitor.  
ATC: L02BG04 
Indications",solid_oral,,False,false,egypt_conventional_anticancer_formulary_2024.pdf,220,True
Tamoxifen,Tablets: 10 mg and 20 mg,tablet,10 mg and 20 mg,Oral,"Oral 
Pharmacologic 
Category 
Antineoplastic Agent, Estrogen Receptor Antagonist; Selective Estrogen Receptor 
Modulator (SERM). 
ATC CODE: L02BA01  
Indications",solid_oral,,False,false,egypt_conventional_anticancer_formulary_2024.pdf,224,True
Goserelin,Prefilled syringe for S.C injection (Depot Implant): 10.8 mg,injection,10.8 mg,Subcutaneous,"Subcutaneous. 
Pharmacologic 
Category 
Antineoplastic Agent, Gonadotropin-Releasing Hormone Agonist. 
ATC Code: L02AE03. 
Indications",injection,,False,needs_review,egypt_conventional_anticancer_formulary_2024.pdf,228,True
Goserelin,Prefilled syringe for S.C injection (Implant): 3.6 mg,injection,3.6 mg,Subcutaneous,"Subcutaneous. 
Pharmacologic 
Category 
Antineoplastic Agent, Gonadotropin-Releasing Hormone Agonist. 
ATC Code: L02AE03. 
Indications",injection,,False,needs_review,egypt_conventional_anticancer_formulary_2024.pdf,228,True
Goserelin,Implant with applicator: 3.6 mg,implant_with_applicator,3.6 mg,Subcutaneous,"Subcutaneous. 
Pharmacologic 
Category 
Antineoplastic Agent, Gonadotropin-Releasing Hormone Agonist. 
ATC Code: L02AE03. 
Indications",injection,,False,needs_review,egypt_conventional_anticancer_formulary_2024.pdf,228,True
Leuprolide (Leuprorelin Acetate),"Lyophilized powder for I.M. injection: 3.75 mg, 11.25 mg, 22.5 mg",injection,"3.75 mg, 11.25 mg, 22.5 mg",Intramuscular,"Intramuscular. 
Pharmacologic 
Category 
Antineoplastic Agent, Gonadotropin-Releasing Hormone Agonist. 
ATC Code: L02AE02  
Indications",injection,,False,needs_review,egypt_conventional_anticancer_formulary_2024.pdf,233,True
Lenalidomide,"Capsules: 5mg, 10mg, 15mg, 25mg",capsule,"5mg, 10mg, 15mg, 25mg",Oral,"Oral 
Pharmacologic 
Category 
Angiogenesis Inhibitor; Antineoplastic Agent 
ATC Code: L04AX04. 
Indications",solid_oral,,False,false,egypt_conventional_anticancer_formulary_2024.pdf,243,True
Hydroxyurea,Capsule: 500mg,capsule,500mg,Oral,"Oral 
Pharmacologic 
Category 
Antineoplastic Agent, Antimetabolite. 
ATC: L01XX05 
Indications",solid_oral,,False,false,egypt_conventional_anticancer_formulary_2024.pdf,254,True
Tretinoin,Capsule 10 mg,capsule,10 mg,Oral,"Oral  
Pharmacologic 
Category 
Antineoplastic Agent, Retinoic Acid Derivative. 
ATC Code: L01XF01. 
Indications",solid_oral,,False,false,egypt_conventional_anticancer_formulary_2024.pdf,259,True
Epoetin Alfa,/Strengths,strengths,,"SC, IV","SC, IV 
Pharmacologic 
Category 
Erythropoiesis-Stimulating Agent (ESA); Hematopoietic Agent. 
ATC: B03XA01 
Indications",injection,,False,needs_review,egypt_conventional_anticancer_formulary_2024.pdf,265,True
Epoetin Alfa,"Solution for injection in Pre-filled Syringe: 2000 I.U./ml, 2000 I.U/0.5ml, 4000",injection,"2000 I.U./ml, 2000 I.U/0.5ml, 4000","SC, IV","SC, IV 
Pharmacologic 
Category 
Erythropoiesis-Stimulating Agent (ESA); Hematopoietic Agent. 
ATC: B03XA01 
Indications",injection,,False,needs_review,egypt_conventional_anticancer_formulary_2024.pdf,265,True
Epoetin Alfa,"I.U./0.4ml, 10000 I.U./ml, 40000 I.U./ml",i_u,"0.4ml, 10000 I.U./ml, 40000 I.U./ml","SC, IV","SC, IV 
Pharmacologic 
Category 
Erythropoiesis-Stimulating Agent (ESA); Hematopoietic Agent. 
ATC: B03XA01 
Indications",injection,,False,needs_review,egypt_conventional_anticancer_formulary_2024.pdf,265,True
Filgrastim,"Solution for injection/Infusion: 300 mcg/0.5ml, 300 mcg/1ml, 480 mcg/0.5ml",iv_infusion,"300 mcg/0.5ml, 300 mcg/1ml, 480 mcg/0.5ml","SC, IV","SC, IV 
Pharmacologic 
Category 
Colony Stimulating Factor; Hematopoietic Agent 
ATC: L03AA02 
Indications 
•",injection,,False,needs_review,egypt_conventional_anticancer_formulary_2024.pdf,270,True
Filgrastim,Concentrate solution for infusion: 0.6 mg/ml,iv_infusion,0.6 mg/ml,"SC, IV","SC, IV 
Pharmacologic 
Category 
Colony Stimulating Factor; Hematopoietic Agent 
ATC: L03AA02 
Indications 
•",injection,,False,needs_review,egypt_conventional_anticancer_formulary_2024.pdf,270,True
Filgrastim,Lyophilized Powder: 300 mcg/ml,powder,300 mcg/ml,"SC, IV","SC, IV 
Pharmacologic 
Category 
Colony Stimulating Factor; Hematopoietic Agent 
ATC: L03AA02 
Indications 
•",injection,,False,needs_review,egypt_conventional_anticancer_formulary_2024.pdf,270,True
Pegfilgrastim,Solution for injection in pre-filled syringes: 6mg/ 0.6ml,injection,6mg/ 0.6ml,SC,"SC 
Pharmacologic 
Category 
Colony Stimulating Factor; Hematopoietic Agent 
ATC code: L03AA13 
Indications 
Reduction in the duration of neutropenia and the incidence of febrile neutropenia",injection,,False,needs_review,egypt_conventional_anticancer_formulary_2024.pdf,275,True
Calcium folinate (Calcium Leucovorin),"Solution for injection: 10 mg/ml (10ml, 20ml, 50ml, 100ml)",injection,"10 mg/ml (10ml, 20ml, 50ml, 100ml)","IV, IM","IV, IM 
Pharmacologic 
Category 
Antidote; Chemotherapy Modulating Agent. 
ATC code: V03AF03 
Indications",injection,,False,needs_review,egypt_conventional_anticancer_formulary_2024.pdf,278,True
Mesna,"Solution for injection: 200mg/2ml, 400 mg/4ml",injection,"200mg/2ml, 400 mg/4ml","IV, Oral","IV, Oral. 
Pharmacologic 
Category 
Antidote; Chemoprotective Agent. 
ATC Code: V03AF01 
Indications",injection,,False,needs_review,egypt_conventional_anticancer_formulary_2024.pdf,282,True
Mesna,Solution for I.V Infusion/ Injection or oral use: 400 mg/4ml,iv_infusion,400 mg/4ml,"IV, Oral","IV, Oral. 
Pharmacologic 
Category 
Antidote; Chemoprotective Agent. 
ATC Code: V03AF01 
Indications",injection,,False,needs_review,egypt_conventional_anticancer_formulary_2024.pdf,282,True
Zoledronic acid,"Solution for I.V Infusion: 4mg/100 ml, 5mg/100 ml",iv_infusion,"4mg/100 ml, 5mg/100 ml",IV,"IV 
Pharmacologic 
Category 
Bisphosphonate Derivative. 
ATC code: M05BA08 
Indications",injection,,False,needs_review,egypt_conventional_anticancer_formulary_2024.pdf,285,True
Zoledronic acid,Concentrate for Solution for I.V Infusion:  4 mg/5 ml (0.8mg/ml),iv_infusion,4 mg/5 ml (0.8mg/ml),IV,"IV 
Pharmacologic 
Category 
Bisphosphonate Derivative. 
ATC code: M05BA08 
Indications",injection,,False,needs_review,egypt_conventional_anticancer_formulary_2024.pdf,285,True
Zoledronic acid,Lyophilized powder for solution for I.V Infusion: 4mg,iv_infusion,4mg,IV,"IV 
Pharmacologic 
Category 
Bisphosphonate Derivative. 
ATC code: M05BA08 
Indications",injection,,False,needs_review,egypt_conventional_anticancer_formulary_2024.pdf,285,True
Asparaginase,"10,000 IU as lyophilized powder in single-use vials",injection,,"IM, IV","IM, IV  
Pharmacologic 
Category 
Antitumor antibiotic, Antineoplastic Agent, Enzyme. 
ATC code: L01XX02  
Indications",injection,,False,needs_review,egypt_conventional_anticancer_formulary_2024.pdf,292,True
Etoposide,"Concentrate for Solution for I.V Infusion 20mg/1ml, 100mg/5ml",iv_infusion,"20mg/1ml, 100mg/5ml","Oral, IV","Oral, IV 
Pharmacologic 
Category 
Antineoplastic Agent, Podophyllotoxin Derivative; Topoisomerase II Inhibitor 
ATC: L01CB01 
Indications",injection,,False,needs_review,egypt_conventional_anticancer_formulary_2024.pdf,299,True
Etoposide,Capsule: 50mg,capsule,50mg,"Oral, IV","Oral, IV 
Pharmacologic 
Category 
Antineoplastic Agent, Podophyllotoxin Derivative; Topoisomerase II Inhibitor 
ATC: L01CB01 
Indications",injection,,False,needs_review,egypt_conventional_anticancer_formulary_2024.pdf,299,True
Irinotecan,"Concentrate for Solution For I.V Infusion: 40mg/2ml, 100mg/5ml",iv_infusion,"40mg/2ml, 100mg/5ml",IV,"IV 
Pharmacologic 
Category 
Antineoplastic Agent; Topoisomerase I Inhibitor 
ATC code: L01CE02 
Indications",injection,,False,needs_review,egypt_conventional_anticancer_formulary_2024.pdf,304,True
Topotecan,Lyophilized powder for I.V infusion: 4mg,iv_infusion,4mg,IV,"IV 
Pharmacologic 
Category 
Camptothecin; Antineoplastic Agent, Topoisomerase I Inhibitor. 
ATC code: L01CE01. 
Indications 
•",injection,,False,needs_review,egypt_conventional_anticancer_formulary_2024.pdf,309,True
Topotecan,Concentrate for Solution for I.V Infusion: 4mg (1mg/ml),iv_infusion,4mg (1mg/ml),IV,"IV 
Pharmacologic 
Category 
Camptothecin; Antineoplastic Agent, Topoisomerase I Inhibitor. 
ATC code: L01CE01. 
Indications 
•",injection,,False,needs_review,egypt_conventional_anticancer_formulary_2024.pdf,309,True
Finasteride,"Tablets 1mg, 5mg",tablet,"1mg, 5mg",Oral,"Oral 
Pharmacologic 
Category 
5 Alpha-Reductase Inhibitor 
ATC: G04CB01 
Indications 
Androgenetic alopecia: Treatment of male pattern hair loss in men.",solid_oral,,False,false,egypt_endocrine_formulary_2024.pdf,16,True
Finasteride,"Capsules 1mg, 5mg",capsule,"1mg, 5mg",Oral,"Oral 
Pharmacologic 
Category 
5 Alpha-Reductase Inhibitor 
ATC: G04CB01 
Indications 
Androgenetic alopecia: Treatment of male pattern hair loss in men.",solid_oral,,False,false,egypt_endocrine_formulary_2024.pdf,16,True
Danazol,"Capsule: 100mg, 200mg",capsule,"100mg, 200mg",Oral,"Oral 
Pharmacologic 
Category 
Androgen 
ATC: G03XA01 
Indications 
•",solid_oral,,False,false,egypt_endocrine_formulary_2024.pdf,19,True
Testosterone,Solution for I.M Injection,injection,,IM,"IM 
Pharmacologic 
Category 
Androgen 
ATC: G03BA03 
Indications 
Hypogonadism due to androgen deficiency in men.",injection,,False,needs_review,egypt_endocrine_formulary_2024.pdf,23,True
Testosterone,Testosterone enanthate: 250mg/ml (corresponding to 180mg testosterone),testosterone_enanthate,250mg/ml (corresponding to 180mg testosterone),IM,"IM 
Pharmacologic 
Category 
Androgen 
ATC: G03BA03 
Indications 
Hypogonadism due to androgen deficiency in men.",injection,,False,needs_review,egypt_endocrine_formulary_2024.pdf,23,True
Testosterone,Testosterone undecanoate: 1000 mg/4ml (corresponding to 631.5,testosterone_undecanoate,1000 mg/4ml (corresponding to 631.5,IM,"IM 
Pharmacologic 
Category 
Androgen 
ATC: G03BA03 
Indications 
Hypogonadism due to androgen deficiency in men.",injection,,False,needs_review,egypt_endocrine_formulary_2024.pdf,23,True
Testosterone,"testosterone), 750mg /3ml (corresponding to 473.6 testosterone)",testosterone,750mg /3ml (corresponding to 473.6 testosterone),IM,"IM 
Pharmacologic 
Category 
Androgen 
ATC: G03BA03 
Indications 
Hypogonadism due to androgen deficiency in men.",injection,,False,needs_review,egypt_endocrine_formulary_2024.pdf,23,True
Acarbose,"Tablets: 25mg, 50mg, 100mg",tablet,"25mg, 50mg, 100mg",Oral,"Oral 
Pharmacologic 
Category 
Antidiabetic Agent, Alpha-Glucosidase Inhibitor. 
ATC: A10BF01 
Indications 
Treatment",solid_oral,,False,false,egypt_endocrine_formulary_2024.pdf,28,True
Metformin,"Tablets: 500mg, 850mg, 1000mg",tablet,"500mg, 850mg, 1000mg",Oral,"Oral 
Pharmacologic 
Category 
Antidiabetic Agent, Biguanide 
ATC: A10BA02 
Indications 
Diabetes mellitus, type 2, treatment: Management of type 2 diabetes",solid_oral,,False,false,egypt_endocrine_formulary_2024.pdf,31,True
Metformin,Oral Solution: 500 mg/5ml,oral_solution,500 mg/5ml,Oral,"Oral 
Pharmacologic 
Category 
Antidiabetic Agent, Biguanide 
ATC: A10BA02 
Indications 
Diabetes mellitus, type 2, treatment: Management of type 2 diabetes",other,,False,false,egypt_endocrine_formulary_2024.pdf,31,True
Metformin,"Modified Release Tablet: 500mg, 850mg, 1000mg And in combinations",tablet,"500mg, 850mg, 1000mg And in combinations",Oral,"Oral 
Pharmacologic 
Category 
Antidiabetic Agent, Biguanide 
ATC: A10BA02 
Indications 
Diabetes mellitus, type 2, treatment: Management of type 2 diabetes",solid_oral,,False,false,egypt_endocrine_formulary_2024.pdf,31,True
Alogliptin,"Tablets: 6.25 mg, 12.5 mg, 25 mg",tablet,"6.25 mg, 12.5 mg, 25 mg",Oral,"Oral 
Pharmacologic 
Category 
Antidiabetic Agent, Dipeptidyl Peptidase 4 (DPP-4) Inhibitor. 
ATC: A10BH04 
Indications 
Improve glycemic control in adults with type 2 diabetes mellitus in adjunct",solid_oral,,False,false,egypt_endocrine_formulary_2024.pdf,35,True
Linagliptin,Tablets: 5mg. And in combinations,tablet,5mg. And in combinations,Oral,"Oral 
Pharmacologic 
Category 
Antidiabetic Agent, Dipeptidyl Peptidase 4 (DPP-4) Inhibitor. 
ATC: A10BH05. 
Indications 
Improve glycemic control in adults with type 2 diabetes mellitus in adjunct",solid_oral,,False,false,egypt_endocrine_formulary_2024.pdf,37,True
Saxagliptin,"Tablets: 2.5 mg, 5mg",tablet,"2.5 mg, 5mg",Oral,"Oral. 
Pharmacologic 
Category 
Antidiabetic Agent, Dipeptidyl Peptidase 4 (DPP-4) Inhibitor 
ATC: A10BH03 
Indications 
Improve glycemic control in adults with type 2 diabetes mellitus in adjunct to",solid_oral,,False,false,egypt_endocrine_formulary_2024.pdf,39,True
Sitagliptin,"Tablets: 50mg, 100mg. And in combinations",tablet,"50mg, 100mg. And in combinations",Oral,"Oral 
Pharmacologic 
Category 
Antidiabetic Agent, Dipeptidyl Peptidase 4 (DPP-4) Inhibitor. 
ATC: A10BH01 
Indications 
Improve glycemic control in adults with type 2 diabetes mellitus in adjunct",solid_oral,,False,false,egypt_endocrine_formulary_2024.pdf,41,True
Vildagliptin,Tablets: 50 mg. And in combinations,tablet,50 mg. And in combinations,Oral,"Oral 
Pharmacologic 
Category 
Antidiabetic Agent, Dipeptidyl Peptidase 4 (DPP-4) Inhibitor. 
ATC: A10BH02 
Indications 
Improve glycemic control in adults with type 2 diabetes mellitus in adjunct to",solid_oral,,False,false,egypt_endocrine_formulary_2024.pdf,43,True
Dulaglutide,"Solution for SC injection: 0.75mg/0.5ml, 1.5mg/0.5ml",injection,"0.75mg/0.5ml, 1.5mg/0.5ml",SC,"SC. 
Pharmacologic 
Category 
Antidiabetic Agent, Glucagon-Like Peptide-1 (GLP-1) Receptor Agonist. 
ATC: A10BJ05 
Indications 
Biological medicine should be prescribed and dispensed by brand name.",injection,,False,needs_review,egypt_endocrine_formulary_2024.pdf,46,True
Exenatide,Powder for Suspension for Injection in prefilled pen (extended-release): 2mg,oral_suspension,2mg,SC,"SC 
Pharmacologic 
Category 
Antidiabetic Agent, Glucagon-Like Peptide-1 (GLP-1) Receptor Agonist 
ATC: A10BJ01 
Indications 
Diabetes mellitus, type 2, Management (extended-release): As an adjunct to",oral_liquid,,False,needs_review,egypt_endocrine_formulary_2024.pdf,49,True
Liraglutide,Solution for S.C injection: 6 mg/mL,injection,6 mg/mL,SC,"SC 
Pharmacologic 
Category 
Antidiabetic Agent, Glucagon-Like Peptide-1 (GLP-1) Receptor Agonist 
ATC: A10BJ02 
Indications",injection,,False,needs_review,egypt_endocrine_formulary_2024.pdf,52,True
Semaglutide,"Solution for SC injection: 0.25 mg, 0.5 mg",injection,"0.25 mg, 0.5 mg","Oral, SC","Oral, SC 
Pharmacologic 
Category 
Antidiabetic Agent, Glucagon-Like Peptide-1 (GLP-1) Receptor Agonist. 
ATC: A10BJ06 
Indications",injection,,False,needs_review,egypt_endocrine_formulary_2024.pdf,55,True
Semaglutide,Solution in prefilled pen: 1 mg,solution_in_prefilled_pen,1 mg,"Oral, SC","Oral, SC 
Pharmacologic 
Category 
Antidiabetic Agent, Glucagon-Like Peptide-1 (GLP-1) Receptor Agonist. 
ATC: A10BJ06 
Indications",injection,,False,needs_review,egypt_endocrine_formulary_2024.pdf,55,True
Semaglutide,"Tablets: 3 mg, 7 mg, 14 mg",tablet,"3 mg, 7 mg, 14 mg","Oral, SC","Oral, SC 
Pharmacologic 
Category 
Antidiabetic Agent, Glucagon-Like Peptide-1 (GLP-1) Receptor Agonist. 
ATC: A10BJ06 
Indications",injection,,False,needs_review,egypt_endocrine_formulary_2024.pdf,55,True
Repaglinide,"Tablets: 0.5mg, 1mg, 2mg",tablet,"0.5mg, 1mg, 2mg",Oral,"Oral 
Pharmacologic 
Category 
Antidiabetic Agent, Meglitinide Analog 
ATC: A10BX02 
Indications 
Diabetes mellitus, type 2, management in adults: Adjunct to diet and",solid_oral,,False,false,egypt_endocrine_formulary_2024.pdf,59,True
Canagliflozin,"Tablets: 100 mg, 300 mg",tablet,"100 mg, 300 mg",Oral,"Oral 
Pharmacologic 
Category 
Antidiabetic Agent, Sodium-Glucose Cotransporter 2 (SGLT2) Inhibitor. 
ATC: A10BK02 
Indications 
•",solid_oral,,False,false,egypt_endocrine_formulary_2024.pdf,62,True
Glibenclamide,Tablets: 5 mg,tablet,5 mg,Oral,"Oral 
Pharmacologic 
Category 
Antidiabetic Agent, Sulfonylurea 
ATC: A10BB01 
Indications 
Diabetes mellitus, type 2: Adjunct to diet and exercise to improve glycemic",solid_oral,,False,false,egypt_endocrine_formulary_2024.pdf,67,True
Glibenclamide,Scored Tablet: 5 mg. And in combination (as 2.5 or 5mg),tablet,5 mg. And in combination (as 2.5 or 5mg),Oral,"Oral 
Pharmacologic 
Category 
Antidiabetic Agent, Sulfonylurea 
ATC: A10BB01 
Indications 
Diabetes mellitus, type 2: Adjunct to diet and exercise to improve glycemic",solid_oral,,False,false,egypt_endocrine_formulary_2024.pdf,67,True
Gliclazide,"Tablets: 40mg, 80mg",tablet,"40mg, 80mg",Oral,"Oral 
Pharmacologic 
Category 
Antidiabetic Agent, Sulfonylurea. 
ATC: A10BB09 
Indications 
Diabetes mellitus, type 2, treatment: Adjunct to diet and exercise to improve",solid_oral,,False,false,egypt_endocrine_formulary_2024.pdf,69,True
Gliclazide,Modified Release Capsules: 30mg,capsule,30mg,Oral,"Oral 
Pharmacologic 
Category 
Antidiabetic Agent, Sulfonylurea. 
ATC: A10BB09 
Indications 
Diabetes mellitus, type 2, treatment: Adjunct to diet and exercise to improve",solid_oral,,False,false,egypt_endocrine_formulary_2024.pdf,69,True
Gliclazide,"Modified release tablets: 30mg, 60mg, 80",tablet,"30mg, 60mg, 80",Oral,"Oral 
Pharmacologic 
Category 
Antidiabetic Agent, Sulfonylurea. 
ATC: A10BB09 
Indications 
Diabetes mellitus, type 2, treatment: Adjunct to diet and exercise to improve",solid_oral,,False,false,egypt_endocrine_formulary_2024.pdf,69,True
Glimepiride,"Tablet: 1 mg ,2 mg, 3 mg, 4 mg, 6mg And in combination",tablet,"1 mg ,2 mg, 3 mg, 4 mg, 6mg And in combination",Oral,"Oral 
Pharmacologic 
Category 
Antidiabetic Agent, Sulfonylurea 
ATC: A10BB12 
Indications 
Diabetes mellitus, type 2, treatment: As an adjunct to diet and exercise to",solid_oral,,False,false,egypt_endocrine_formulary_2024.pdf,72,True
Glipizide,Tablets: 5mg. And in combination with metformin,tablet,5mg. And in combination with metformin,Oral,"Oral 
Pharmacologic 
Category 
Antidiabetic Agent, Sulfonylurea 
ATC: A10BB07 
Indications 
Diabetes mellitus, type 2, management in adults: Adjunct to diet and",solid_oral,,False,false,egypt_endocrine_formulary_2024.pdf,74,True
Pioglitazone,"Tablets: 15 mg, 30 mg, 45 mg",tablet,"15 mg, 30 mg, 45 mg",Oral,"Oral 
Pharmacologic 
Category 
Antidiabetic Agent, Thiazolidinedione. 
ATC: A10BG03 
Indications 
Improvent of glycemic control in adults with type 2 diabetes mellitus as an",solid_oral,,False,false,egypt_endocrine_formulary_2024.pdf,77,True
Carbimazole,Tablet 5mg,tablet,5mg,Oral,"Oral 
Pharmacologic 
Category 
Antithyroid Agent. 
ATC: H03BB01 
Indications 
Anti-thyroid agents in adults and children in all conditions where reduction of",solid_oral,,False,false,egypt_endocrine_formulary_2024.pdf,80,True
Ethinyl Estradiol and Etonogestrel,Vaginal Ring: Ethinyl estradiol 2.7 mg; Etonogestrel 11.7 mg,vaginal_suppository,Ethinyl estradiol 2.7 mg; Etonogestrel 11.7 mg,Vaginal,"Vaginal  
Pharmacologic 
Category",rectal,,False,needs_review,egypt_endocrine_formulary_2024.pdf,88,True
Ethinyl estradiol and Levonorgestrel,Tablets: Levonorgestrel 150 mcg; Ethinyl Estradiol 30 mcg,tablet,Levonorgestrel 150 mcg; Ethinyl Estradiol 30 mcg,Oral,"Oral  
Pharmacologic 
Category",solid_oral,,False,false,egypt_endocrine_formulary_2024.pdf,93,True
Ethinyl estradiol and Levonorgestrel,Pack of 3 different sets of tablets: Levonorgestrel/ Ethinyl Estradiol:,tablet,Levonorgestrel/ Ethinyl Estradiol:,Oral,"Oral  
Pharmacologic 
Category",solid_oral,,False,false,egypt_endocrine_formulary_2024.pdf,93,True
Ethinyl estradiol and Levonorgestrel,50mcg/30mcg + 125mcg/30mcg + 75mch/40mcg,50mcg_30mcg_125mcg_30mcg_75mch_40mcg,,Oral,"Oral  
Pharmacologic 
Category",other,,False,false,egypt_endocrine_formulary_2024.pdf,93,True
Copper containing device,Intrauterine device (IUD): Copper 208 mm2; 380 mm2,intrauterine_device_iud,Copper 208 mm2; 380 mm2,Intra-uterine,"Intra-uterine 
Pharmacologic 
Category",other,,False,false,egypt_endocrine_formulary_2024.pdf,99,True
Levonorgestrel-releasing intrauterine device,Intra-uterine device (IUD): Levonorgestrel 52 mg,intra_uterine_device_iud,Levonorgestrel 52 mg,Intra-uterine,"Intra-uterine 
Pharmacologic 
Category",other,,False,false,egypt_endocrine_formulary_2024.pdf,102,True
Ulipristal,"Tablets: 5mg, 30mg",tablet,"5mg, 30mg",Oral,"Oral 
Pharmacologic 
Category",solid_oral,,False,false,egypt_endocrine_formulary_2024.pdf,108,True
Etonogestrel-releasing implant,Subdermal Implant: Etonogestrel 68 mg,subdermal_implant,Etonogestrel 68 mg,Subdermal,"Subdermal 
Pharmacologic 
Category",other,,False,false,egypt_endocrine_formulary_2024.pdf,112,True
Levonorgestrel,"Tablets: 0.030 mg, 0.75 mg, 1.5mg",tablet,"0.030 mg, 0.75 mg, 1.5mg",Oral,"Oral 
Pharmacologic 
Category",solid_oral,,False,false,egypt_endocrine_formulary_2024.pdf,117,True
Medroxyprogesterone Acetate,Tablets: 5mg,tablet,5mg,"Oral, IM","Oral, IM 
Pharmacologic 
Category",injection,,False,needs_review,egypt_endocrine_formulary_2024.pdf,121,True
Medroxyprogesterone Acetate,Suspension for injection: 150mg/ml,oral_suspension,150mg/ml,"Oral, IM","Oral, IM 
Pharmacologic 
Category",oral_liquid,,False,needs_review,egypt_endocrine_formulary_2024.pdf,121,True
Medroxyprogesterone Acetate,Suspension in prefilled syringe: 104 mg/0.65ml,oral_suspension,104 mg/0.65ml,"Oral, IM","Oral, IM 
Pharmacologic 
Category",oral_liquid,,False,needs_review,egypt_endocrine_formulary_2024.pdf,121,True
Norethisterone (Norethindrone),Norethisterone Acetate: Tablets: 5 mg; 10 mg,norethisterone_acetate,Tablets: 5 mg; 10 mg,Oral,"Oral 
Pharmacologic 
Category",other,,False,false,egypt_endocrine_formulary_2024.pdf,126,True
Progesterone,Vaginal Gel: 8 % w/w,gel,8 % w/w,"Oral; Vaginal; I.M, Rectal","Oral; Vaginal; I.M, Rectal  
Pharmacologic 
Category 
Progestin 
ATC: G03DA04 
Indications 
Oral",rectal,,False,needs_review,egypt_endocrine_formulary_2024.pdf,130,True
Progesterone,Rectal or vaginal pessaries: 200 mg; 400 mg,vaginal_suppository,200 mg; 400 mg,"Oral; Vaginal; I.M, Rectal","Oral; Vaginal; I.M, Rectal  
Pharmacologic 
Category 
Progestin 
ATC: G03DA04 
Indications 
Oral",rectal,,False,needs_review,egypt_endocrine_formulary_2024.pdf,130,True
Progesterone,"Soft Gelatin Capsule: Progesterone micronized: 100 mg, 200 mg, 400",soft_capsule,"Progesterone micronized: 100 mg, 200 mg, 400","Oral; Vaginal; I.M, Rectal","Oral; Vaginal; I.M, Rectal  
Pharmacologic 
Category 
Progestin 
ATC: G03DA04 
Indications 
Oral",rectal,,False,needs_review,egypt_endocrine_formulary_2024.pdf,130,True
Progesterone,mg,mg,,"Oral; Vaginal; I.M, Rectal","Oral; Vaginal; I.M, Rectal  
Pharmacologic 
Category 
Progestin 
ATC: G03DA04 
Indications 
Oral",rectal,,False,needs_review,egypt_endocrine_formulary_2024.pdf,130,True
Progesterone,Oral or Vaginal soft gelatin capsule: Progesterone micronized 200 mg,soft_capsule,Progesterone micronized 200 mg,"Oral; Vaginal; I.M, Rectal","Oral; Vaginal; I.M, Rectal  
Pharmacologic 
Category 
Progestin 
ATC: G03DA04 
Indications 
Oral",rectal,,False,needs_review,egypt_endocrine_formulary_2024.pdf,130,True
Progesterone,Vaginal Tablets: 100 mg,tablet,100 mg,"Oral; Vaginal; I.M, Rectal","Oral; Vaginal; I.M, Rectal  
Pharmacologic 
Category 
Progestin 
ATC: G03DA04 
Indications 
Oral",rectal,,False,needs_review,egypt_endocrine_formulary_2024.pdf,130,True
Progesterone,"Oily solution for IM injection: 25mg, 50 mg, 100 mg",injection,"25mg, 50 mg, 100 mg","Oral; Vaginal; I.M, Rectal","Oral; Vaginal; I.M, Rectal  
Pharmacologic 
Category 
Progestin 
ATC: G03DA04 
Indications 
Oral",rectal,,False,needs_review,egypt_endocrine_formulary_2024.pdf,130,True
Progesterone,Rectal Suppositories: 200 mg,suppository,200 mg,"Oral; Vaginal; I.M, Rectal","Oral; Vaginal; I.M, Rectal  
Pharmacologic 
Category 
Progestin 
ATC: G03DA04 
Indications 
Oral",rectal,,False,needs_review,egypt_endocrine_formulary_2024.pdf,130,True
Betamethasone,Topical Aerosol Foam: 0.12 gm,inhalation_aerosol,0.12 gm,"Oral, IV, IM, Topical, intra-articular, intralesional","Oral, IV, IM, Topical, intra-articular, intralesional 
Pharmacologic 
Category 
Corticosteroid 
ATC code: 
D07AC01:  Topical 
H02AB01: Systemic",inhaler,,False,needs_review,egypt_endocrine_formulary_2024.pdf,138,True
Betamethasone,"Topical Ointment or cream: 1 mg/gm (0.1 gm/100g), 0.5 mg/gm",cream,"1 mg/gm (0.1 gm/100g), 0.5 mg/gm","Oral, IV, IM, Topical, intra-articular, intralesional","Oral, IV, IM, Topical, intra-articular, intralesional 
Pharmacologic 
Category 
Corticosteroid 
ATC code: 
D07AC01:  Topical 
H02AB01: Systemic",injection,,False,needs_review,egypt_endocrine_formulary_2024.pdf,138,True
Betamethasone,Topical Gel: 0.5 mg/gm,gel,0.5 mg/gm,"Oral, IV, IM, Topical, intra-articular, intralesional","Oral, IV, IM, Topical, intra-articular, intralesional 
Pharmacologic 
Category 
Corticosteroid 
ATC code: 
D07AC01:  Topical 
H02AB01: Systemic",injection,,False,needs_review,egypt_endocrine_formulary_2024.pdf,138,True
Betamethasone,Topical Solution:  0.1 gm,topical_solution,0.1 gm,"Oral, IV, IM, Topical, intra-articular, intralesional","Oral, IV, IM, Topical, intra-articular, intralesional 
Pharmacologic 
Category 
Corticosteroid 
ATC code: 
D07AC01:  Topical 
H02AB01: Systemic",injection,,False,needs_review,egypt_endocrine_formulary_2024.pdf,138,True
Betamethasone,Tablets: 0.5mg,tablet,0.5mg,"Oral, IV, IM, Topical, intra-articular, intralesional","Oral, IV, IM, Topical, intra-articular, intralesional 
Pharmacologic 
Category 
Corticosteroid 
ATC code: 
D07AC01:  Topical 
H02AB01: Systemic",injection,,False,needs_review,egypt_endocrine_formulary_2024.pdf,138,True
Betamethasone,"Solution for deep I.M, I.V slow Injection/Infusion, Subconjunctival, and local",iv_infusion,,"Oral, IV, IM, Topical, intra-articular, intralesional","Oral, IV, IM, Topical, intra-articular, intralesional 
Pharmacologic 
Category 
Corticosteroid 
ATC code: 
D07AC01:  Topical 
H02AB01: Systemic",injection,,False,needs_review,egypt_endocrine_formulary_2024.pdf,138,True
Betamethasone,injection in soft tissue: 4 mg/mL,injection,4 mg/mL,"Oral, IV, IM, Topical, intra-articular, intralesional","Oral, IV, IM, Topical, intra-articular, intralesional 
Pharmacologic 
Category 
Corticosteroid 
ATC code: 
D07AC01:  Topical 
H02AB01: Systemic",injection,,False,needs_review,egypt_endocrine_formulary_2024.pdf,138,True
Betamethasone,"Solution for I.M Injection, I.V Injection/Infusion: 8mg/2mL And in combinations",iv_infusion,8mg/2mL And in combinations,"Oral, IV, IM, Topical, intra-articular, intralesional","Oral, IV, IM, Topical, intra-articular, intralesional 
Pharmacologic 
Category 
Corticosteroid 
ATC code: 
D07AC01:  Topical 
H02AB01: Systemic",injection,,False,needs_review,egypt_endocrine_formulary_2024.pdf,138,True
Budesonide,Inhalation,inhalation,,"Oral Inhalation, Oral, Rectal, Nasal Inhalation","Oral Inhalation, Oral, Rectal, Nasal Inhalation  
Pharmacologic 
Category 
Corticosteroid 
ATC, Oral Inhalant : R03BA02 
ATC, Rectal: D07AC09 
ATC, Nasal: R01AD05",inhaler,,False,needs_review,egypt_endocrine_formulary_2024.pdf,145,True
Budesonide,"Inhalation powder, or Powder for Inhalation in Hard Capsule: 200 mcg, 400 mcg",capsule,"200 mcg, 400 mcg","Oral Inhalation, Oral, Rectal, Nasal Inhalation","Oral Inhalation, Oral, Rectal, Nasal Inhalation  
Pharmacologic 
Category 
Corticosteroid 
ATC, Oral Inhalant : R03BA02 
ATC, Rectal: D07AC09 
ATC, Nasal: R01AD05",inhaler,,False,needs_review,egypt_endocrine_formulary_2024.pdf,145,True
Budesonide,Suspension Aerosol for Inhalation: 200 mcg/dose,oral_suspension,200 mcg/dose,"Oral Inhalation, Oral, Rectal, Nasal Inhalation","Oral Inhalation, Oral, Rectal, Nasal Inhalation  
Pharmacologic 
Category 
Corticosteroid 
ATC, Oral Inhalant : R03BA02 
ATC, Rectal: D07AC09 
ATC, Nasal: R01AD05",inhaler,,False,needs_review,egypt_endocrine_formulary_2024.pdf,145,True
Budesonide,"Suspension for inhalation in nebules: 0.25 mg/ml, 0.25mg/2ml, 0.5mg/ml",oral_suspension,"0.25 mg/ml, 0.25mg/2ml, 0.5mg/ml","Oral Inhalation, Oral, Rectal, Nasal Inhalation","Oral Inhalation, Oral, Rectal, Nasal Inhalation  
Pharmacologic 
Category 
Corticosteroid 
ATC, Oral Inhalant : R03BA02 
ATC, Rectal: D07AC09 
ATC, Nasal: R01AD05",inhaler,,False,needs_review,egypt_endocrine_formulary_2024.pdf,145,True
Budesonide,"0.5 mg/2ml, 1 mg/2ml",0_5_mg_2ml_1_mg_2ml,,"Oral Inhalation, Oral, Rectal, Nasal Inhalation","Oral Inhalation, Oral, Rectal, Nasal Inhalation  
Pharmacologic 
Category 
Corticosteroid 
ATC, Oral Inhalant : R03BA02 
ATC, Rectal: D07AC09 
ATC, Nasal: R01AD05",inhaler,,False,needs_review,egypt_endocrine_formulary_2024.pdf,145,True
Budesonide,"Suspension for inhalation in Respules: 0.5mg, 1mg. Oral",oral_suspension,"0.5mg, 1mg. Oral","Oral Inhalation, Oral, Rectal, Nasal Inhalation","Oral Inhalation, Oral, Rectal, Nasal Inhalation  
Pharmacologic 
Category 
Corticosteroid 
ATC, Oral Inhalant : R03BA02 
ATC, Rectal: D07AC09 
ATC, Nasal: R01AD05",inhaler,,False,needs_review,egypt_endocrine_formulary_2024.pdf,145,True
Budesonide,Oral Hard Gelatin Capsule: 3mg,capsule,3mg,"Oral Inhalation, Oral, Rectal, Nasal Inhalation","Oral Inhalation, Oral, Rectal, Nasal Inhalation  
Pharmacologic 
Category 
Corticosteroid 
ATC, Oral Inhalant : R03BA02 
ATC, Rectal: D07AC09 
ATC, Nasal: R01AD05",inhaler,,False,needs_review,egypt_endocrine_formulary_2024.pdf,145,True
Budesonide,Oral Modified-Release Tablet: 9mg,extended_release_tablet,9mg,"Oral Inhalation, Oral, Rectal, Nasal Inhalation","Oral Inhalation, Oral, Rectal, Nasal Inhalation  
Pharmacologic 
Category 
Corticosteroid 
ATC, Oral Inhalant : R03BA02 
ATC, Rectal: D07AC09 
ATC, Nasal: R01AD05",inhaler,,False,needs_review,egypt_endocrine_formulary_2024.pdf,145,True
Budesonide,Rectal Enema: 2 mg,rectal_enema,2 mg,"Oral Inhalation, Oral, Rectal, Nasal Inhalation","Oral Inhalation, Oral, Rectal, Nasal Inhalation  
Pharmacologic 
Category 
Corticosteroid 
ATC, Oral Inhalant : R03BA02 
ATC, Rectal: D07AC09 
ATC, Nasal: R01AD05",inhaler,,False,needs_review,egypt_endocrine_formulary_2024.pdf,145,True
Budesonide,"Nasal spray: 32 mcg/metered dose, 64mcg/metered dose",nasal_spray,"32 mcg/metered dose, 64mcg/metered dose","Oral Inhalation, Oral, Rectal, Nasal Inhalation","Oral Inhalation, Oral, Rectal, Nasal Inhalation  
Pharmacologic 
Category 
Corticosteroid 
ATC, Oral Inhalant : R03BA02 
ATC, Rectal: D07AC09 
ATC, Nasal: R01AD05",inhaler,,False,needs_review,egypt_endocrine_formulary_2024.pdf,145,True
Dexamethasone,"Solution for I.M or I.V. Injection: 8mg/2ml, 4 mg/ml, 6.65 mg/ml",injection,"8mg/2ml, 4 mg/ml, 6.65 mg/ml","Oral, IM, IV, Ophthalmic, Intravitreal","Oral, IM, IV, Ophthalmic, Intravitreal. 
Pharmacologic 
Category 
Systemic: Anti-inflammatory Agent; Antiemetic; Corticosteroid. 
Ophthalmic, Otic: Anti-inflammatory Agent; Corticosteroid.  
ATC:  
Hormonal: H02AB02",ophthalmic,,False,needs_review,egypt_endocrine_formulary_2024.pdf,151,True
Dexamethasone,"Tablets: 0.5mg, 0.75 mg, 8mg",tablet,"0.5mg, 0.75 mg, 8mg","Oral, IM, IV, Ophthalmic, Intravitreal","Oral, IM, IV, Ophthalmic, Intravitreal. 
Pharmacologic 
Category 
Systemic: Anti-inflammatory Agent; Antiemetic; Corticosteroid. 
Ophthalmic, Otic: Anti-inflammatory Agent; Corticosteroid.  
ATC:  
Hormonal: H02AB02",ophthalmic,,False,needs_review,egypt_endocrine_formulary_2024.pdf,151,True
Dexamethasone,"Oral Syrup: 0.25 mg/5ml, 10 mg/100ml",oral_syrup,"0.25 mg/5ml, 10 mg/100ml","Oral, IM, IV, Ophthalmic, Intravitreal","Oral, IM, IV, Ophthalmic, Intravitreal. 
Pharmacologic 
Category 
Systemic: Anti-inflammatory Agent; Antiemetic; Corticosteroid. 
Ophthalmic, Otic: Anti-inflammatory Agent; Corticosteroid.  
ATC:  
Hormonal: H02AB02",ophthalmic,,False,needs_review,egypt_endocrine_formulary_2024.pdf,151,True
Dexamethasone,Eye / Ear Drops: 1 mg/ml,ear_drops,1 mg/ml,"Oral, IM, IV, Ophthalmic, Intravitreal","Oral, IM, IV, Ophthalmic, Intravitreal. 
Pharmacologic 
Category 
Systemic: Anti-inflammatory Agent; Antiemetic; Corticosteroid. 
Ophthalmic, Otic: Anti-inflammatory Agent; Corticosteroid.  
ATC:  
Hormonal: H02AB02",ophthalmic,,False,needs_review,egypt_endocrine_formulary_2024.pdf,151,True
Dexamethasone,Eye Ointment: 0.050 %,eye_ointment,0.050 %,"Oral, IM, IV, Ophthalmic, Intravitreal","Oral, IM, IV, Ophthalmic, Intravitreal. 
Pharmacologic 
Category 
Systemic: Anti-inflammatory Agent; Antiemetic; Corticosteroid. 
Ophthalmic, Otic: Anti-inflammatory Agent; Corticosteroid.  
ATC:  
Hormonal: H02AB02",ophthalmic,,False,needs_review,egypt_endocrine_formulary_2024.pdf,151,True
Dexamethasone,Intravitreal Implant in Applicator: 700 mcg And in combinations,intravitreal_implant_in_applicator,700 mcg And in combinations,"Oral, IM, IV, Ophthalmic, Intravitreal","Oral, IM, IV, Ophthalmic, Intravitreal. 
Pharmacologic 
Category 
Systemic: Anti-inflammatory Agent; Antiemetic; Corticosteroid. 
Ophthalmic, Otic: Anti-inflammatory Agent; Corticosteroid.  
ATC:  
Hormonal: H02AB02",ophthalmic,,False,needs_review,egypt_endocrine_formulary_2024.pdf,151,True
Fludrocortisone,Tablets: 0.1 mg,tablet,0.1 mg,Oral,"Oral. 
Pharmacologic 
Category 
Corticosteroid, Systemic. 
ATC: H02AA02. 
Indications 
Primary adrenal insufficiency (Addison disease): Partial replacement",solid_oral,,False,false,egypt_endocrine_formulary_2024.pdf,158,True
Hydrocortisone,"Lyophilized powder for solution for IM, IV injection: 100mg, 250 mg",injection,"100mg, 250 mg","IM, IV, Oral, Topical Ophthalmic","IM, IV, Oral, Topical Ophthalmic. 
Pharmacologic 
Category 
Corticosteroid, Systemic, Topical, Ophthalmic. 
ATC: 
Dermatological: D07AA02  
Systemic: H02AB09",ophthalmic,,False,needs_review,egypt_endocrine_formulary_2024.pdf,162,True
Hydrocortisone,Tablets: 10mg,tablet,10mg,"IM, IV, Oral, Topical Ophthalmic","IM, IV, Oral, Topical Ophthalmic. 
Pharmacologic 
Category 
Corticosteroid, Systemic, Topical, Ophthalmic. 
ATC: 
Dermatological: D07AA02  
Systemic: H02AB09",ophthalmic,,False,needs_review,egypt_endocrine_formulary_2024.pdf,162,True
Hydrocortisone,"Topical Cream: 0.01g, 0.1 gm/100g (10mg/gm) (1%)",cream,"0.01g, 0.1 gm/100g (10mg/gm) (1%)","IM, IV, Oral, Topical Ophthalmic","IM, IV, Oral, Topical Ophthalmic. 
Pharmacologic 
Category 
Corticosteroid, Systemic, Topical, Ophthalmic. 
ATC: 
Dermatological: D07AA02  
Systemic: H02AB09",ophthalmic,,False,needs_review,egypt_endocrine_formulary_2024.pdf,162,True
Hydrocortisone,Topical Ointment: 0.01 gm (1%),ointment,0.01 gm (1%),"IM, IV, Oral, Topical Ophthalmic","IM, IV, Oral, Topical Ophthalmic. 
Pharmacologic 
Category 
Corticosteroid, Systemic, Topical, Ophthalmic. 
ATC: 
Dermatological: D07AA02  
Systemic: H02AB09",ophthalmic,,False,needs_review,egypt_endocrine_formulary_2024.pdf,162,True
Hydrocortisone,Ophthalmic Ointment: 10 mg. And in combinations,eye_ointment,10 mg. And in combinations,"IM, IV, Oral, Topical Ophthalmic","IM, IV, Oral, Topical Ophthalmic. 
Pharmacologic 
Category 
Corticosteroid, Systemic, Topical, Ophthalmic. 
ATC: 
Dermatological: D07AA02  
Systemic: H02AB09",ophthalmic,,False,needs_review,egypt_endocrine_formulary_2024.pdf,162,True
Methylprednisolone,"Suspension for injection (IM, Intra-articular, soft tissue, Intralesional): 40 mg/ml",oral_suspension,40 mg/ml,"Oral, IV, IM, Intra-articular, Intralesional","Oral, IV, IM, Intra-articular, Intralesional 
Pharmacologic 
Category 
Corticosteroid. 
ATC: H02AB04 
Indications 
Systemic",oral_liquid,,False,needs_review,egypt_endocrine_formulary_2024.pdf,170,True
Methylprednisolone,80 mg/2ml,80_mg_2ml,,"Oral, IV, IM, Intra-articular, Intralesional","Oral, IV, IM, Intra-articular, Intralesional 
Pharmacologic 
Category 
Corticosteroid. 
ATC: H02AB04 
Indications 
Systemic",injection,,False,needs_review,egypt_endocrine_formulary_2024.pdf,170,True
Methylprednisolone,"Powder for reconstitution for I.M/IV injection or I.V infusion: 1.000 gm, 500mg",iv_infusion,"1.000 gm, 500mg","Oral, IV, IM, Intra-articular, Intralesional","Oral, IV, IM, Intra-articular, Intralesional 
Pharmacologic 
Category 
Corticosteroid. 
ATC: H02AB04 
Indications 
Systemic",injection,,False,needs_review,egypt_endocrine_formulary_2024.pdf,170,True
Methylprednisolone,"Tablets: 4 mg, 8 mg, 16mg",tablet,"4 mg, 8 mg, 16mg","Oral, IV, IM, Intra-articular, Intralesional","Oral, IV, IM, Intra-articular, Intralesional 
Pharmacologic 
Category 
Corticosteroid. 
ATC: H02AB04 
Indications 
Systemic",injection,,False,needs_review,egypt_endocrine_formulary_2024.pdf,170,True
Mometasone,Metered Nasal Spray: 50 mcg/actuation,nasal_spray,50 mcg/actuation,"Nasal, Topical, Inhalation","Nasal, Topical, Inhalation 
Pharmacologic 
Category 
Corticosteroid  
ATC: Topical (single agent): D07AC13, Nasal: R01AD09 
Indications 
Nasal spray",inhaler,,False,needs_review,egypt_endocrine_formulary_2024.pdf,179,True
Mometasone,"Topical Ointment: 1mg/gm (0.1%) (10gm, 15gm, 20gm, 25gm, 30gm)",ointment,"1mg/gm (0.1%) (10gm, 15gm, 20gm, 25gm, 30gm)","Nasal, Topical, Inhalation","Nasal, Topical, Inhalation 
Pharmacologic 
Category 
Corticosteroid  
ATC: Topical (single agent): D07AC13, Nasal: R01AD09 
Indications 
Nasal spray",inhaler,,False,needs_review,egypt_endocrine_formulary_2024.pdf,179,True
Mometasone,"Topical Lotion: 1mg/gm (15ml, 20ml, 60ml)",lotion,"1mg/gm (15ml, 20ml, 60ml)","Nasal, Topical, Inhalation","Nasal, Topical, Inhalation 
Pharmacologic 
Category 
Corticosteroid  
ATC: Topical (single agent): D07AC13, Nasal: R01AD09 
Indications 
Nasal spray",inhaler,,False,needs_review,egypt_endocrine_formulary_2024.pdf,179,True
Mometasone,"Topical Cream: 1mg/gm (15gm, 20gm, 25gm, 30gm, 40gm, 45gm). And in combinations as topical or inhalation forms",cream,"1mg/gm (15gm, 20gm, 25gm, 30gm, 40gm, 45gm). And in combinations as topical or inhalation forms","Nasal, Topical, Inhalation","Nasal, Topical, Inhalation 
Pharmacologic 
Category 
Corticosteroid  
ATC: Topical (single agent): D07AC13, Nasal: R01AD09 
Indications 
Nasal spray",inhaler,,False,needs_review,egypt_endocrine_formulary_2024.pdf,179,True
Prednisolone,"Orally disintegrating Tablets: 5mg, 15mg, 30mg",tablet,"5mg, 15mg, 30mg","Oral, Ophthalmic","Oral, Ophthalmic 
Pharmacologic 
Category 
Corticosteroid, systemic, ophthalmic 
ATC code: 
Local oral treatment: A01AC04. 
Systemic: H02AB06.",ophthalmic,,False,needs_review,egypt_endocrine_formulary_2024.pdf,183,True
Prednisolone,"Oro-dispersible tablet: 5mg, 20mg",orodispersible_tablet,"5mg, 20mg","Oral, Ophthalmic","Oral, Ophthalmic 
Pharmacologic 
Category 
Corticosteroid, systemic, ophthalmic 
ATC code: 
Local oral treatment: A01AC04. 
Systemic: H02AB06.",ophthalmic,,False,needs_review,egypt_endocrine_formulary_2024.pdf,183,True
Prednisolone,"Oral Solution: 5mg/5ml, 15mg/5ml",oral_solution,"5mg/5ml, 15mg/5ml","Oral, Ophthalmic","Oral, Ophthalmic 
Pharmacologic 
Category 
Corticosteroid, systemic, ophthalmic 
ATC code: 
Local oral treatment: A01AC04. 
Systemic: H02AB06.",ophthalmic,,False,needs_review,egypt_endocrine_formulary_2024.pdf,183,True
Prednisolone,Tablet: 5mg,tablet,5mg,"Oral, Ophthalmic","Oral, Ophthalmic 
Pharmacologic 
Category 
Corticosteroid, systemic, ophthalmic 
ATC code: 
Local oral treatment: A01AC04. 
Systemic: H02AB06.",ophthalmic,,False,needs_review,egypt_endocrine_formulary_2024.pdf,183,True
Prednisolone,Ophthalmic Suspension: 10 mg/ml (1%),oral_suspension,10 mg/ml (1%),"Oral, Ophthalmic","Oral, Ophthalmic 
Pharmacologic 
Category 
Corticosteroid, systemic, ophthalmic 
ATC code: 
Local oral treatment: A01AC04. 
Systemic: H02AB06.",ophthalmic,,False,needs_review,egypt_endocrine_formulary_2024.pdf,183,True
Prednisolone,Ophthalmic gel: 5mg/ml,gel,5mg/ml,"Oral, Ophthalmic","Oral, Ophthalmic 
Pharmacologic 
Category 
Corticosteroid, systemic, ophthalmic 
ATC code: 
Local oral treatment: A01AC04. 
Systemic: H02AB06.",ophthalmic,,False,needs_review,egypt_endocrine_formulary_2024.pdf,183,True
Triamcinolone,Suspension for injection IM or Intra-articular: 40 mg/ml,oral_suspension,40 mg/ml,"Intra-muscular, Intra-articular, Intralesional, Oral, Nasal, Topical","Intra-muscular, Intra-articular, Intralesional, Oral, Nasal, Topical 
Pharmacologic 
Category 
Corticosteroid 
ATC code: Systemic: A01AC01, H02AB08 
ATC code: Nasal: R01AD11 
ATC code: Topical: C05AA12, D07AB09, D07XB02",nasal,,False,needs_review,egypt_endocrine_formulary_2024.pdf,189,True
Triamcinolone,Suspension for Intralesional or intra-articular Injection: 10 mg/ml,oral_suspension,10 mg/ml,"Intra-muscular, Intra-articular, Intralesional, Oral, Nasal, Topical","Intra-muscular, Intra-articular, Intralesional, Oral, Nasal, Topical 
Pharmacologic 
Category 
Corticosteroid 
ATC code: Systemic: A01AC01, H02AB08 
ATC code: Nasal: R01AD11 
ATC code: Topical: C05AA12, D07AB09, D07XB02",nasal,,False,needs_review,egypt_endocrine_formulary_2024.pdf,189,True
Triamcinolone,Tablets: 4 mg,tablet,4 mg,"Intra-muscular, Intra-articular, Intralesional, Oral, Nasal, Topical","Intra-muscular, Intra-articular, Intralesional, Oral, Nasal, Topical 
Pharmacologic 
Category 
Corticosteroid 
ATC code: Systemic: A01AC01, H02AB08 
ATC code: Nasal: R01AD11 
ATC code: Topical: C05AA12, D07AB09, D07XB02",nasal,,False,needs_review,egypt_endocrine_formulary_2024.pdf,189,True
Triamcinolone,Nasal spray:  55 mcg/dose,nasal_spray,55 mcg/dose,"Intra-muscular, Intra-articular, Intralesional, Oral, Nasal, Topical","Intra-muscular, Intra-articular, Intralesional, Oral, Nasal, Topical 
Pharmacologic 
Category 
Corticosteroid 
ATC code: Systemic: A01AC01, H02AB08 
ATC code: Nasal: R01AD11 
ATC code: Topical: C05AA12, D07AB09, D07XB02",nasal,,False,needs_review,egypt_endocrine_formulary_2024.pdf,189,True
Triamcinolone,Oral paste: 1 mg/g,oral_paste,1 mg/g,"Intra-muscular, Intra-articular, Intralesional, Oral, Nasal, Topical","Intra-muscular, Intra-articular, Intralesional, Oral, Nasal, Topical 
Pharmacologic 
Category 
Corticosteroid 
ATC code: Systemic: A01AC01, H02AB08 
ATC code: Nasal: R01AD11 
ATC code: Topical: C05AA12, D07AB09, D07XB02",nasal,,False,needs_review,egypt_endocrine_formulary_2024.pdf,189,True
Triamcinolone,Topical cream: 1 mg/g,cream,1 mg/g,"Intra-muscular, Intra-articular, Intralesional, Oral, Nasal, Topical","Intra-muscular, Intra-articular, Intralesional, Oral, Nasal, Topical 
Pharmacologic 
Category 
Corticosteroid 
ATC code: Systemic: A01AC01, H02AB08 
ATC code: Nasal: R01AD11 
ATC code: Topical: C05AA12, D07AB09, D07XB02",nasal,,False,needs_review,egypt_endocrine_formulary_2024.pdf,189,True
Bromocriptine,Tablet: 2.5mg,tablet,2.5mg,"Oral, Vaginal","Oral, Vaginal 
Pharmacologic 
Category 
Dopamine (D2) Agonist: Anti-Parkinson Agent, Antidiabetic Agent, Ergot 
Derivative; Hyperprolactinemia Agent 
ATC: G02CB01, N04BC01  
Indications",rectal,,False,needs_review,egypt_endocrine_formulary_2024.pdf,197,True
Bromocriptine,Vaginal suppositories: 2.5mg,suppository,2.5mg,"Oral, Vaginal","Oral, Vaginal 
Pharmacologic 
Category 
Dopamine (D2) Agonist: Anti-Parkinson Agent, Antidiabetic Agent, Ergot 
Derivative; Hyperprolactinemia Agent 
ATC: G02CB01, N04BC01  
Indications",rectal,,False,needs_review,egypt_endocrine_formulary_2024.pdf,197,True
Cabergoline,"Tablets: 0.5mg, 1 mg, 2 mg",tablet,"0.5mg, 1 mg, 2 mg",Oral,"Oral  
Pharmacologic 
Category 
Ergot Derivative; Hyperprolactinemia Agent, Dopamine (D2) Agonist 
ATC: As Prolactin inhibitors: G02CB03  
As dopaminergic Agents antiparkinsonism: N04BC06  
Indications",solid_oral,,False,false,egypt_endocrine_formulary_2024.pdf,201,True
Estradiol,"Tablets: 1 mg, 2 mg estradiol valerate And in combinations",tablet,"1 mg, 2 mg estradiol valerate And in combinations",Oral,"Oral  
Pharmacologic 
Category 
Estrogen derivative  
ATC code: G03CA03 
Indications 
•",solid_oral,,False,false,egypt_endocrine_formulary_2024.pdf,205,True
Glucagon,Lyophilized Powder: 1 mg/ml,powder,1 mg/ml,"IV, IM, SC","IV, IM, SC 
Pharmacologic 
Category 
Antidote, Hypoglycemia; Diagnostic Agent 
ATC: H04AA01 
Indications 
•",injection,,False,needs_review,egypt_endocrine_formulary_2024.pdf,210,True
Degludec Long acting Insulin,Solution for SC injection (prefilled pen): 100 units/ml,injection,100 units/ml,SC,"SC 
Pharmacologic 
Category 
Insulin, Long-Acting 
ATC code: A10AE06 
Indications 
To improve glycemic control of diabetes mellitus, types 1 and 2 in adults",insulin_injection,,False,needs_review,egypt_endocrine_formulary_2024.pdf,214,True
Detemir Long-acting Insulin,Solution for injection in Pre-filled Syringe: 100 I.U./ml,injection,100 I.U./ml,SC,"SC 
Pharmacologic 
Category 
Insulin, Long-Acting 
ATC: A10AE05 
Indications 
Improvement of glycemic control of diabetes mellitus (type 1 and 2) in",insulin_injection,,False,needs_review,egypt_endocrine_formulary_2024.pdf,217,True
Clomiphene,Tablets: 50mg,tablet,50mg,Oral,"Oral. 
Pharmacologic 
Category 
Ovulation Stimulator; Selective Estrogen Receptor Modulator (SERM). 
ATC: G03GB02. 
Indications 
Treatment of ovulatory dysfunction in women desiring pregnancy.",solid_oral,,False,false,egypt_endocrine_formulary_2024.pdf,230,True
Follitropin Alfa,"Powder and solvent for injection: 75 I.U/VIAL, 150 I.U/VIAL",injection,"75 I.U/VIAL, 150 I.U/VIAL",SC,"SC 
Pharmacologic 
Category 
Gonadotropin; Ovulation Stimulator 
ATC: G03GA05 
Indications 
Biological medicines must be prescribed and dispensed by brand name.",injection,,False,needs_review,egypt_endocrine_formulary_2024.pdf,233,True
Follitropin Alfa,"Solution for injection in Pre-Filled Syringe: 150 I.U., 225 I.U., 300 I.U",injection,"150 I.U., 225 I.U., 300 I.U",SC,"SC 
Pharmacologic 
Category 
Gonadotropin; Ovulation Stimulator 
ATC: G03GA05 
Indications 
Biological medicines must be prescribed and dispensed by brand name.",injection,,False,needs_review,egypt_endocrine_formulary_2024.pdf,233,True
Follitropin Alfa,"Solution for injection in prefilled pen: 300 IU / 0.5 ml, 900 IU/ 1.5ml",injection,"300 IU / 0.5 ml, 900 IU/ 1.5ml",SC,"SC 
Pharmacologic 
Category 
Gonadotropin; Ovulation Stimulator 
ATC: G03GA05 
Indications 
Biological medicines must be prescribed and dispensed by brand name.",injection,,False,needs_review,egypt_endocrine_formulary_2024.pdf,233,True
Human Chorionic Gonadotropin,Powder and Solvent for Solution for injection: 5000 I.U,injection,5000 I.U,"IM, SC","IM, SC. 
Pharmacologic 
Category 
Gonadotropin; Ovulation Stimulator 
ATC: G03GA01 
Indications 
Biological medicines must be prescribed and dispensed by brand name.",injection,,False,needs_review,egypt_endocrine_formulary_2024.pdf,237,True
Human Chorionic Gonadotropin,"Lyophilized Powder: 1500 I.U., 5000 I.U",powder,"1500 I.U., 5000 I.U","IM, SC","IM, SC. 
Pharmacologic 
Category 
Gonadotropin; Ovulation Stimulator 
ATC: G03GA01 
Indications 
Biological medicines must be prescribed and dispensed by brand name.",injection,,False,needs_review,egypt_endocrine_formulary_2024.pdf,237,True
Human Chorionic Gonadotropin,Solution for injection in a prefilled syringe: 250 mcg/0.5ml (Recombinant),injection,250 mcg/0.5ml (Recombinant),"IM, SC","IM, SC. 
Pharmacologic 
Category 
Gonadotropin; Ovulation Stimulator 
ATC: G03GA01 
Indications 
Biological medicines must be prescribed and dispensed by brand name.",injection,,False,needs_review,egypt_endocrine_formulary_2024.pdf,237,True
Urofollitropin,"Powder and solvent for injection: 75 I.U., 150 I.U",injection,"75 I.U., 150 I.U",IM. SC,"IM. SC. 
Pharmacologic 
Category 
Gonadotropin; Ovulation Stimulator 
ATC: G03GA04 
Indications 
Biological medicines must be prescribed and dispensed by brand name.",injection,,False,needs_review,egypt_endocrine_formulary_2024.pdf,240,True
Carbetocin,Solution for I.M or slow I.V Injection: 100 mcg/ml,injection,100 mcg/ml,"IM, IV","IM, IV 
Pharmacologic 
Category 
Oxytocic Agent 
ATC: H01BB03 
Indications 
Prevention of postpartum hemorrhage by controlling uterine atony.",injection,,False,needs_review,egypt_endocrine_formulary_2024.pdf,244,True
Oxytocin,"Solution for slow I.V injection or infusion: 5 I.U./ml, 10 I.U./ml",iv_infusion,"5 I.U./ml, 10 I.U./ml","IV, IM","IV, IM 
Pharmacologic 
Category 
Oxytocic Agent 
ATC: H01BB02  
Indications 
•",injection,,False,needs_review,egypt_endocrine_formulary_2024.pdf,247,True
Oxytocin,Concentrate for solution for IM injection/ I.V. infusion or short infusion: 25,iv_infusion,25,"IV, IM","IV, IM 
Pharmacologic 
Category 
Oxytocic Agent 
ATC: H01BB02  
Indications 
•",injection,,False,needs_review,egypt_endocrine_formulary_2024.pdf,247,True
Oxytocin,"mg/ml (5 I.U), 50 mg/ml (10 I.U)",mg_ml_5_i_u,50 mg/ml (10 I.U),"IV, IM","IV, IM 
Pharmacologic 
Category 
Oxytocic Agent 
ATC: H01BB02  
Indications 
•",injection,,False,needs_review,egypt_endocrine_formulary_2024.pdf,247,True
Methylergometrine,Solution for I.M or slow I.V Injection: 0.2 mg/ml,injection,0.2 mg/ml,"IM, IV, Oral","IM, IV, Oral 
Pharmacologic 
Category 
Ergot Derivative 
ATC: G02AB01 
Indications 
Postpartum hemorrhage:",injection,,False,needs_review,egypt_endocrine_formulary_2024.pdf,251,True
Methylergometrine,Tablets: 0.125 mg,tablet,0.125 mg,"IM, IV, Oral","IM, IV, Oral 
Pharmacologic 
Category 
Ergot Derivative 
ATC: G02AB01 
Indications 
Postpartum hemorrhage:",injection,,False,needs_review,egypt_endocrine_formulary_2024.pdf,251,True
Desmopressin Acetate,Solution for injection: 4mcg/ml,injection,4mcg/ml,"Subcutaneous, Intramuscular, Intravenous, Oral, Sublingual, Nasal","Subcutaneous, Intramuscular, Intravenous, Oral, Sublingual, Nasal 
Pharmacologic 
Category 
Antihemophilic Agent; Hemostatic Agent; Hormone, Posterior Pituitary; 
Vasopressin Analog, Synthetic. 
ATC: H01BA02.  
Indications",nasal,,False,needs_review,egypt_endocrine_formulary_2024.pdf,255,True
Desmopressin Acetate,"Tablets: 0.1 mg, 0.2 mg",tablet,"0.1 mg, 0.2 mg","Subcutaneous, Intramuscular, Intravenous, Oral, Sublingual, Nasal","Subcutaneous, Intramuscular, Intravenous, Oral, Sublingual, Nasal 
Pharmacologic 
Category 
Antihemophilic Agent; Hemostatic Agent; Hormone, Posterior Pituitary; 
Vasopressin Analog, Synthetic. 
ATC: H01BA02.  
Indications",nasal,,False,needs_review,egypt_endocrine_formulary_2024.pdf,255,True
Desmopressin Acetate,Sublingual Tablet: 240 mcg,orodispersible_tablet,240 mcg,"Subcutaneous, Intramuscular, Intravenous, Oral, Sublingual, Nasal","Subcutaneous, Intramuscular, Intravenous, Oral, Sublingual, Nasal 
Pharmacologic 
Category 
Antihemophilic Agent; Hemostatic Agent; Hormone, Posterior Pituitary; 
Vasopressin Analog, Synthetic. 
ATC: H01BA02.  
Indications",nasal,,False,needs_review,egypt_endocrine_formulary_2024.pdf,255,True
Desmopressin Acetate,"Oral lyophilisate Tablet: 60 mcg, 120 mcg",tablet,"60 mcg, 120 mcg","Subcutaneous, Intramuscular, Intravenous, Oral, Sublingual, Nasal","Subcutaneous, Intramuscular, Intravenous, Oral, Sublingual, Nasal 
Pharmacologic 
Category 
Antihemophilic Agent; Hemostatic Agent; Hormone, Posterior Pituitary; 
Vasopressin Analog, Synthetic. 
ATC: H01BA02.  
Indications",nasal,,False,needs_review,egypt_endocrine_formulary_2024.pdf,255,True
Desmopressin Acetate,Nasal Spray: 0.1 mg/ml,nasal_spray,0.1 mg/ml,"Subcutaneous, Intramuscular, Intravenous, Oral, Sublingual, Nasal","Subcutaneous, Intramuscular, Intravenous, Oral, Sublingual, Nasal 
Pharmacologic 
Category 
Antihemophilic Agent; Hemostatic Agent; Hormone, Posterior Pituitary; 
Vasopressin Analog, Synthetic. 
ATC: H01BA02.  
Indications",nasal,,False,needs_review,egypt_endocrine_formulary_2024.pdf,255,True
Loperamide,Oro-dispersible tablet: 2 mg,orodispersible_tablet,2 mg,Oral,"Oral 
Pharmacologic 
Category 
Antidiarrheal 
ATC: A07DA03 
Indications",solid_oral,,False,false,egypt_gastrointestinal_formulary_2025.pdf,13,True
Loperamide,Oro-dispersible Film: 2 mg,orodispersible_tablet,2 mg,Oral,"Oral 
Pharmacologic 
Category 
Antidiarrheal 
ATC: A07DA03 
Indications",solid_oral,,False,false,egypt_gastrointestinal_formulary_2025.pdf,13,True
Loperamide,Capsule: 2 mg,capsule,2 mg,Oral,"Oral 
Pharmacologic 
Category 
Antidiarrheal 
ATC: A07DA03 
Indications",solid_oral,,False,false,egypt_gastrointestinal_formulary_2025.pdf,13,True
Aprepitant,"Capsule (containing immediate release pellets): 40mg, 125 mg",capsule,"40mg, 125 mg",Oral,"Oral 
Pharmacologic 
Category 
Antiemetic; Substance P/Neurokinin 1 Receptor Antagonist. 
ATC: A04AD12. 
Indications 
1. Aprepitant is used in combination with other medicines in the prevention of",solid_oral,,False,false,egypt_gastrointestinal_formulary_2025.pdf,17,True
Aprepitant,"Capsule: 80 mg, 125 mg",capsule,"80 mg, 125 mg",Oral,"Oral 
Pharmacologic 
Category 
Antiemetic; Substance P/Neurokinin 1 Receptor Antagonist. 
ATC: A04AD12. 
Indications 
1. Aprepitant is used in combination with other medicines in the prevention of",solid_oral,,False,false,egypt_gastrointestinal_formulary_2025.pdf,17,True
Granisetron,"Solution for IV injection \Infusion: 1mg/1ml, 3mg/3ml",iv_infusion,"1mg/1ml, 3mg/3ml","IV, Oral, Transdermal","IV, Oral, Transdermal. 
Pharmacologic 
Category 
Antiemetic; Selective 5-HT3 Receptor Antagonist. 
ATC: A04AA02. 
Indications 
Oral",injection,,False,needs_review,egypt_gastrointestinal_formulary_2025.pdf,21,True
Granisetron,"Tablet: 1mg, 2mg",tablet,"1mg, 2mg","IV, Oral, Transdermal","IV, Oral, Transdermal. 
Pharmacologic 
Category 
Antiemetic; Selective 5-HT3 Receptor Antagonist. 
ATC: A04AA02. 
Indications 
Oral",injection,,False,needs_review,egypt_gastrointestinal_formulary_2025.pdf,21,True
Granisetron,Oral Solution: 1mg/5ml,oral_solution,1mg/5ml,"IV, Oral, Transdermal","IV, Oral, Transdermal. 
Pharmacologic 
Category 
Antiemetic; Selective 5-HT3 Receptor Antagonist. 
ATC: A04AA02. 
Indications 
Oral",injection,,False,needs_review,egypt_gastrointestinal_formulary_2025.pdf,21,True
Granisetron,Transdermal Patch: 34.3 mg,transdermal_patch,34.3 mg,"IV, Oral, Transdermal","IV, Oral, Transdermal. 
Pharmacologic 
Category 
Antiemetic; Selective 5-HT3 Receptor Antagonist. 
ATC: A04AA02. 
Indications 
Oral",transdermal,,False,needs_review,egypt_gastrointestinal_formulary_2025.pdf,21,True
Ondansetron,"Solution for I.M Injection, IV Injection/Infusion: 4mg/2ml, 8mg/4ml",iv_infusion,"4mg/2ml, 8mg/4ml","Oral, Parenteral, Rectal","Oral, Parenteral, Rectal 
Pharmacologic 
Category 
Antiemetic; Selective 5-HT3 Receptor Antagonist 
ATC: A04AA01 
Indications 
• Management and prevention of nausea and vomiting associated with",rectal,,False,needs_review,egypt_gastrointestinal_formulary_2025.pdf,26,True
Ondansetron,"Tablet: 4 mg, 8 mg, 24 mg",tablet,"4 mg, 8 mg, 24 mg","Oral, Parenteral, Rectal","Oral, Parenteral, Rectal 
Pharmacologic 
Category 
Antiemetic; Selective 5-HT3 Receptor Antagonist 
ATC: A04AA01 
Indications 
• Management and prevention of nausea and vomiting associated with",rectal,,False,needs_review,egypt_gastrointestinal_formulary_2025.pdf,26,True
Ondansetron,"Orally disintegrating, dispersible, or fast-melting tablet: 4 mg, 8 mg",orodispersible_tablet,"4 mg, 8 mg","Oral, Parenteral, Rectal","Oral, Parenteral, Rectal 
Pharmacologic 
Category 
Antiemetic; Selective 5-HT3 Receptor Antagonist 
ATC: A04AA01 
Indications 
• Management and prevention of nausea and vomiting associated with",rectal,,False,needs_review,egypt_gastrointestinal_formulary_2025.pdf,26,True
Ondansetron,"Oral soluble film: 4 mg, 8 mg",oral_soluble_film,"4 mg, 8 mg","Oral, Parenteral, Rectal","Oral, Parenteral, Rectal 
Pharmacologic 
Category 
Antiemetic; Selective 5-HT3 Receptor Antagonist 
ATC: A04AA01 
Indications 
• Management and prevention of nausea and vomiting associated with",rectal,,False,needs_review,egypt_gastrointestinal_formulary_2025.pdf,26,True
Ondansetron,Oral Syrup or solution: 4 mg/5 ml,oral_syrup,4 mg/5 ml,"Oral, Parenteral, Rectal","Oral, Parenteral, Rectal 
Pharmacologic 
Category 
Antiemetic; Selective 5-HT3 Receptor Antagonist 
ATC: A04AA01 
Indications 
• Management and prevention of nausea and vomiting associated with",rectal,,False,needs_review,egypt_gastrointestinal_formulary_2025.pdf,26,True
Ondansetron,Rectal Suppositories: 16 mg,suppository,16 mg,"Oral, Parenteral, Rectal","Oral, Parenteral, Rectal 
Pharmacologic 
Category 
Antiemetic; Selective 5-HT3 Receptor Antagonist 
ATC: A04AA01 
Indications 
• Management and prevention of nausea and vomiting associated with",rectal,,False,needs_review,egypt_gastrointestinal_formulary_2025.pdf,26,True
Palonosetron,"Solution for IV injection or Infusion:  0.05 mg/mL (1.5 mL, 5 mL)",iv_infusion,"0.05 mg/mL (1.5 mL, 5 mL)","IV, Oral","IV, Oral 
Pharmacologic 
Category 
Antiemetic; Selective 5-HT3 Receptor Antagonist 
ATC: A04AA05 
Indications 
Oral",injection,,False,needs_review,egypt_gastrointestinal_formulary_2025.pdf,32,True
Palonosetron,Capsules: 0.5 mg,capsule,0.5 mg,"IV, Oral","IV, Oral 
Pharmacologic 
Category 
Antiemetic; Selective 5-HT3 Receptor Antagonist 
ATC: A04AA05 
Indications 
Oral",injection,,False,needs_review,egypt_gastrointestinal_formulary_2025.pdf,32,True
Domperidone,Oral suspension: 5 mg/ 5 ml,oral_suspension,5 mg/ 5 ml,"Oral, Rectal","Oral, Rectal 
Pharmacologic 
Category 
• Dopamine Antagonist; Gastrointestinal Agent, Prokinetic 
• ATC:  A03FA03 
Indications 
• Relief of the symptoms of nausea and vomiting.",rectal,,False,needs_review,egypt_gastrointestinal_formulary_2025.pdf,36,True
Domperidone,Film-coated tablet: 10 mg alone and in combination with (ergotamine tartrate 1,tablet,10 mg alone and in combination with (ergotamine tartrate 1,"Oral, Rectal","Oral, Rectal 
Pharmacologic 
Category 
• Dopamine Antagonist; Gastrointestinal Agent, Prokinetic 
• ATC:  A03FA03 
Indications 
• Relief of the symptoms of nausea and vomiting.",rectal,,False,needs_review,egypt_gastrointestinal_formulary_2025.pdf,36,True
Domperidone,"mg, paracetamol 250 mg, caffeine anhydrous 50 mg)",mg_paracetamol,"250 mg, caffeine anhydrous 50 mg)","Oral, Rectal","Oral, Rectal 
Pharmacologic 
Category 
• Dopamine Antagonist; Gastrointestinal Agent, Prokinetic 
• ATC:  A03FA03 
Indications 
• Relief of the symptoms of nausea and vomiting.",rectal,,False,needs_review,egypt_gastrointestinal_formulary_2025.pdf,36,True
Domperidone,Oro-dispersible tablets: 10 mg,orodispersible_tablet,10 mg,"Oral, Rectal","Oral, Rectal 
Pharmacologic 
Category 
• Dopamine Antagonist; Gastrointestinal Agent, Prokinetic 
• ATC:  A03FA03 
Indications 
• Relief of the symptoms of nausea and vomiting.",rectal,,False,needs_review,egypt_gastrointestinal_formulary_2025.pdf,36,True
Domperidone,Effervescent granules: 10 mg,effervescent_granules,10 mg,"Oral, Rectal","Oral, Rectal 
Pharmacologic 
Category 
• Dopamine Antagonist; Gastrointestinal Agent, Prokinetic 
• ATC:  A03FA03 
Indications 
• Relief of the symptoms of nausea and vomiting.",rectal,,False,needs_review,egypt_gastrointestinal_formulary_2025.pdf,36,True
Domperidone,Soft gelatin capsule: 10 mg,soft_capsule,10 mg,"Oral, Rectal","Oral, Rectal 
Pharmacologic 
Category 
• Dopamine Antagonist; Gastrointestinal Agent, Prokinetic 
• ATC:  A03FA03 
Indications 
• Relief of the symptoms of nausea and vomiting.",rectal,,False,needs_review,egypt_gastrointestinal_formulary_2025.pdf,36,True
Domperidone,Rectal suppository: 30 mg,suppository,30 mg,"Oral, Rectal","Oral, Rectal 
Pharmacologic 
Category 
• Dopamine Antagonist; Gastrointestinal Agent, Prokinetic 
• ATC:  A03FA03 
Indications 
• Relief of the symptoms of nausea and vomiting.",rectal,,False,needs_review,egypt_gastrointestinal_formulary_2025.pdf,36,True
Metoclopramide,"Tablets, Scored tablet: 10 mg",tablet,10 mg,"Oral, Rectal, Parenteral","Oral, Rectal, Parenteral 
Pharmacologic 
Category 
Antiemetic; Dopamine Antagonist; Gastrointestinal Agent, Prokinetic; 
Serotonin 5-HT4 Receptor Agonist. 
ATC: A03FA01 
Indications",rectal,,False,needs_review,egypt_gastrointestinal_formulary_2025.pdf,39,True
Metoclopramide,Oral solution: 1 mg/1 ml,oral_solution,1 mg/1 ml,"Oral, Rectal, Parenteral","Oral, Rectal, Parenteral 
Pharmacologic 
Category 
Antiemetic; Dopamine Antagonist; Gastrointestinal Agent, Prokinetic; 
Serotonin 5-HT4 Receptor Agonist. 
ATC: A03FA01 
Indications",rectal,,False,needs_review,egypt_gastrointestinal_formulary_2025.pdf,39,True
Metoclopramide,"Oral drops: 1mg/1 mL, 2 mg/1 ml",oral_drops,"1mg/1 mL, 2 mg/1 ml","Oral, Rectal, Parenteral","Oral, Rectal, Parenteral 
Pharmacologic 
Category 
Antiemetic; Dopamine Antagonist; Gastrointestinal Agent, Prokinetic; 
Serotonin 5-HT4 Receptor Agonist. 
ATC: A03FA01 
Indications",rectal,,False,needs_review,egypt_gastrointestinal_formulary_2025.pdf,39,True
Metoclopramide,"Rectal Suppositories: 10 mg, 20 mg",suppository,"10 mg, 20 mg","Oral, Rectal, Parenteral","Oral, Rectal, Parenteral 
Pharmacologic 
Category 
Antiemetic; Dopamine Antagonist; Gastrointestinal Agent, Prokinetic; 
Serotonin 5-HT4 Receptor Agonist. 
ATC: A03FA01 
Indications",rectal,,False,needs_review,egypt_gastrointestinal_formulary_2025.pdf,39,True
Metoclopramide,Solution for IM or IV Injection: 10 mg/2 ml,injection,10 mg/2 ml,"Oral, Rectal, Parenteral","Oral, Rectal, Parenteral 
Pharmacologic 
Category 
Antiemetic; Dopamine Antagonist; Gastrointestinal Agent, Prokinetic; 
Serotonin 5-HT4 Receptor Agonist. 
ATC: A03FA01 
Indications",rectal,,False,needs_review,egypt_gastrointestinal_formulary_2025.pdf,39,True
Itopride,Tablets: 50 mg,tablet,50 mg,Oral,"Oral 
Pharmacologic 
Category 
Gastrointestinal Agent, Prokinetic 
ATC: A03FA07 
Indications 
Treatment of gastrointestinal symptoms of functional, caused by gastric",solid_oral,,False,false,egypt_gastrointestinal_formulary_2025.pdf,45,True
Prucalopride,"Film-coated tablets: 1mg, 2 mg",tablet,"1mg, 2 mg",Oral,"Oral 
Pharmacologic 
Category 
Gastrointestinal Agent, Prokinetic; Serotonin 5-HT4 Receptor Agonist 
ATC: A06AX05 
Indications 
Symptomatic treatment of Chronic Idiopathic Constipation (CIC) in adults in",solid_oral,,False,false,egypt_gastrointestinal_formulary_2025.pdf,47,True
Simethicone,/Strengths,strengths,,Oral,"Oral 
Pharmacologic 
Category 
Antiflatulent 
Indications 
Symptomatic relief of flatulence, wind pains, bloating, abdominal distension, and 
other symptoms associated with intestinal gas.",other,,False,false,egypt_gastrointestinal_formulary_2025.pdf,52,True
Simethicone,"Chewable Tablets: 40 mg, 125 mg",chewable_tablet,"40 mg, 125 mg",Oral,"Oral 
Pharmacologic 
Category 
Antiflatulent 
Indications 
Symptomatic relief of flatulence, wind pains, bloating, abdominal distension, and 
other symptoms associated with intestinal gas.",solid_oral,,False,false,egypt_gastrointestinal_formulary_2025.pdf,52,True
Simethicone,Oro-dispersible Film: 62.5 mg,orodispersible_tablet,62.5 mg,Oral,"Oral 
Pharmacologic 
Category 
Antiflatulent 
Indications 
Symptomatic relief of flatulence, wind pains, bloating, abdominal distension, and 
other symptoms associated with intestinal gas.",solid_oral,,False,false,egypt_gastrointestinal_formulary_2025.pdf,52,True
Simethicone,"Oral Drops: 20 mg/ 1mL, 40 mg, 66.6 mg/ 1mL",oral_drops,"20 mg/ 1mL, 40 mg, 66.6 mg/ 1mL",Oral,"Oral 
Pharmacologic 
Category 
Antiflatulent 
Indications 
Symptomatic relief of flatulence, wind pains, bloating, abdominal distension, and 
other symptoms associated with intestinal gas.",oral_liquid,,False,needs_review,egypt_gastrointestinal_formulary_2025.pdf,52,True
Simethicone,Oral Suspension: 42 mg/ 5mL,oral_suspension,42 mg/ 5mL,Oral,"Oral 
Pharmacologic 
Category 
Antiflatulent 
Indications 
Symptomatic relief of flatulence, wind pains, bloating, abdominal distension, and 
other symptoms associated with intestinal gas.",oral_liquid,,False,needs_review,egypt_gastrointestinal_formulary_2025.pdf,52,True
Simethicone,Oral Emulsion: 100 mg/ 5mL,oral_emulsion,100 mg/ 5mL,Oral,"Oral 
Pharmacologic 
Category 
Antiflatulent 
Indications 
Symptomatic relief of flatulence, wind pains, bloating, abdominal distension, and 
other symptoms associated with intestinal gas.",oral_liquid,,False,needs_review,egypt_gastrointestinal_formulary_2025.pdf,52,True
Hyoscine-N-butyl bromide/ Scopolamine butylbromide,/Strengths,strengths,,"Oral, Parenteral, Rectal","Oral, Parenteral, Rectal 
Pharmacologic 
Category 
Anticholinergic Agent. 
ATC: A03BA03 
Indications 
Injection (adult only)",rectal,,False,needs_review,egypt_gastrointestinal_formulary_2025.pdf,55,True
Hyoscine-N-butyl bromide/ Scopolamine butylbromide,"Solution for I.M., S.C., or Slow IV injection: 20 mg/mL",injection,20 mg/mL,"Oral, Parenteral, Rectal","Oral, Parenteral, Rectal 
Pharmacologic 
Category 
Anticholinergic Agent. 
ATC: A03BA03 
Indications 
Injection (adult only)",rectal,,False,needs_review,egypt_gastrointestinal_formulary_2025.pdf,55,True
Hyoscine-N-butyl bromide/ Scopolamine butylbromide,Tablet: 10 mg,tablet,10 mg,"Oral, Parenteral, Rectal","Oral, Parenteral, Rectal 
Pharmacologic 
Category 
Anticholinergic Agent. 
ATC: A03BA03 
Indications 
Injection (adult only)",rectal,,False,needs_review,egypt_gastrointestinal_formulary_2025.pdf,55,True
Hyoscine-N-butyl bromide/ Scopolamine butylbromide,Oral Syrup: 5 mg/5mL,oral_syrup,5 mg/5mL,"Oral, Parenteral, Rectal","Oral, Parenteral, Rectal 
Pharmacologic 
Category 
Anticholinergic Agent. 
ATC: A03BA03 
Indications 
Injection (adult only)",rectal,,False,needs_review,egypt_gastrointestinal_formulary_2025.pdf,55,True
Hyoscine-N-butyl bromide/ Scopolamine butylbromide,Rectal Suppositories: 15 mg,suppository,15 mg,"Oral, Parenteral, Rectal","Oral, Parenteral, Rectal 
Pharmacologic 
Category 
Anticholinergic Agent. 
ATC: A03BA03 
Indications 
Injection (adult only)",rectal,,False,needs_review,egypt_gastrointestinal_formulary_2025.pdf,55,True
Mebeverine,"Tablets: 100 mg, 135 mg",tablet,"100 mg, 135 mg",Oral,"Oral 
Pharmacologic 
Category 
Antispasmodic Agent, Gastrointestinal 
ATC Code: A03AA04 
Indications 
• Symptomatic treatment of irritable bowel syndrome and other included",solid_oral,,False,false,egypt_gastrointestinal_formulary_2025.pdf,59,True
Mebeverine,Modified Release capsule or tablet: 200 mg,tablet,200 mg,Oral,"Oral 
Pharmacologic 
Category 
Antispasmodic Agent, Gastrointestinal 
ATC Code: A03AA04 
Indications 
• Symptomatic treatment of irritable bowel syndrome and other included",solid_oral,,False,false,egypt_gastrointestinal_formulary_2025.pdf,59,True
Mebeverine,Oral Suspension: 50 mg/ 5mL,oral_suspension,50 mg/ 5mL,Oral,"Oral 
Pharmacologic 
Category 
Antispasmodic Agent, Gastrointestinal 
ATC Code: A03AA04 
Indications 
• Symptomatic treatment of irritable bowel syndrome and other included",oral_liquid,,False,needs_review,egypt_gastrointestinal_formulary_2025.pdf,59,True
Dicyclomine (Dicycloverine) hydrochloride,Oral syrup: 10 mg/5mL,oral_syrup,10 mg/5mL,Oral,"Oral 
Pharmacologic 
Category 
Anticholinergic Agent 
ATC: A03AA07 
Indications 
Antispasmodic for the treatment of functional conditions involving smooth muscle",oral_liquid,,False,needs_review,egypt_gastrointestinal_formulary_2025.pdf,61,True
Dicyclomine (Dicycloverine) hydrochloride,"Tablets: 10 mg, 20 mg",tablet,"10 mg, 20 mg",Oral,"Oral 
Pharmacologic 
Category 
Anticholinergic Agent 
ATC: A03AA07 
Indications 
Antispasmodic for the treatment of functional conditions involving smooth muscle",solid_oral,,False,false,egypt_gastrointestinal_formulary_2025.pdf,61,True
Trimebutine,Oral Suspension: 24 mg/5 mL,oral_suspension,24 mg/5 mL,"Oral, IM, IV","Oral, IM, IV 
Pharmacologic 
Category 
Pharmacologic category: 
Antispasmodic Agent, Gastrointestinal; Opioid Agonist, Peripherally-Acting 
ATC Classification: 
A03AA05",oral_liquid,,False,needs_review,egypt_gastrointestinal_formulary_2025.pdf,63,True
Trimebutine,"Tablets: 100 mg, 200 mg",tablet,"100 mg, 200 mg","Oral, IM, IV","Oral, IM, IV 
Pharmacologic 
Category 
Pharmacologic category: 
Antispasmodic Agent, Gastrointestinal; Opioid Agonist, Peripherally-Acting 
ATC Classification: 
A03AA05",injection,,False,needs_review,egypt_gastrointestinal_formulary_2025.pdf,63,True
Trimebutine,I.M. and I.V. Injection: 50 mg,injection,50 mg,"Oral, IM, IV","Oral, IM, IV 
Pharmacologic 
Category 
Pharmacologic category: 
Antispasmodic Agent, Gastrointestinal; Opioid Agonist, Peripherally-Acting 
ATC Classification: 
A03AA05",injection,,False,needs_review,egypt_gastrointestinal_formulary_2025.pdf,63,True
Ursodeoxycholic acid,"Tablets: 250 mg, 450 mg, 500 mg",tablet,"250 mg, 450 mg, 500 mg",Oral,"Oral 
Pharmacologic 
Category 
Gallstone Dissolution Agent 
ATC: A05AA02 
Indications 
Adults",solid_oral,,False,false,egypt_gastrointestinal_formulary_2025.pdf,66,True
Ursodeoxycholic acid,"Capsules: 250 mg, 300 mg, 450 mg, 500 mg",capsule,"250 mg, 300 mg, 450 mg, 500 mg",Oral,"Oral 
Pharmacologic 
Category 
Gallstone Dissolution Agent 
ATC: A05AA02 
Indications 
Adults",solid_oral,,False,false,egypt_gastrointestinal_formulary_2025.pdf,66,True
Ursodeoxycholic acid,Prolonged Release Tablet: 450 mg,tablet,450 mg,Oral,"Oral 
Pharmacologic 
Category 
Gallstone Dissolution Agent 
ATC: A05AA02 
Indications 
Adults",solid_oral,,False,false,egypt_gastrointestinal_formulary_2025.pdf,66,True
Ursodeoxycholic acid,Oral Suspension: 250 mg/5mL,oral_suspension,250 mg/5mL,Oral,"Oral 
Pharmacologic 
Category 
Gallstone Dissolution Agent 
ATC: A05AA02 
Indications 
Adults",oral_liquid,,False,needs_review,egypt_gastrointestinal_formulary_2025.pdf,66,True
Famotidine,"Tablets: 20 mg, 40 mg",tablet,"20 mg, 40 mg","Oral, IV, IM","Oral, IV, IM 
Pharmacologic 
Category 
Histamine H2 Antagonist 
ATC: A02BA03 
Indications 
Adults (oral or injection)",injection,,False,needs_review,egypt_gastrointestinal_formulary_2025.pdf,70,True
Famotidine,"Oro-dispersible Film: 20 mg, 40 mg",orodispersible_tablet,"20 mg, 40 mg","Oral, IV, IM","Oral, IV, IM 
Pharmacologic 
Category 
Histamine H2 Antagonist 
ATC: A02BA03 
Indications 
Adults (oral or injection)",injection,,False,needs_review,egypt_gastrointestinal_formulary_2025.pdf,70,True
Famotidine,Powder for Oral Suspension: 40 mg/5 mL,oral_suspension,40 mg/5 mL,"Oral, IV, IM","Oral, IV, IM 
Pharmacologic 
Category 
Histamine H2 Antagonist 
ATC: A02BA03 
Indications 
Adults (oral or injection)",oral_liquid,,False,needs_review,egypt_gastrointestinal_formulary_2025.pdf,70,True
Famotidine,Effervescence Powder: 20 mg/sachet,powder,20 mg/sachet,"Oral, IV, IM","Oral, IV, IM 
Pharmacologic 
Category 
Histamine H2 Antagonist 
ATC: A02BA03 
Indications 
Adults (oral or injection)",injection,,False,needs_review,egypt_gastrointestinal_formulary_2025.pdf,70,True
Famotidine,Effervescent Granules: 20 mg/sachet,effervescent_granules,20 mg/sachet,"Oral, IV, IM","Oral, IV, IM 
Pharmacologic 
Category 
Histamine H2 Antagonist 
ATC: A02BA03 
Indications 
Adults (oral or injection)",injection,,False,needs_review,egypt_gastrointestinal_formulary_2025.pdf,70,True
Famotidine,"Solution for IM, IV injection, and IV infusion: 20 mg",iv_infusion,20 mg,"Oral, IV, IM","Oral, IV, IM 
Pharmacologic 
Category 
Histamine H2 Antagonist 
ATC: A02BA03 
Indications 
Adults (oral or injection)",injection,,False,needs_review,egypt_gastrointestinal_formulary_2025.pdf,70,True
Famotidine,Concentrate for Solution for IV Injection or Infusion: 20 mg,iv_infusion,20 mg,"Oral, IV, IM","Oral, IV, IM 
Pharmacologic 
Category 
Histamine H2 Antagonist 
ATC: A02BA03 
Indications 
Adults (oral or injection)",injection,,False,needs_review,egypt_gastrointestinal_formulary_2025.pdf,70,True
Esomeprazole,"Tablet or gastro-resistant tablet: 20 mg, 40 mg",tablet,"20 mg, 40 mg","Oral, IV","Oral, IV 
Pharmacologic 
Category 
Proton Pump Inhibitor, Substituted Benzimidazole.  
ATC: A02BC05 
Indications 
Oral",injection,,False,needs_review,egypt_gastrointestinal_formulary_2025.pdf,74,True
Esomeprazole,"Enteric-coated granules for delayed-release oral suspension: 2.5 mg, 5 mg, 10",oral_suspension,"2.5 mg, 5 mg, 10","Oral, IV","Oral, IV 
Pharmacologic 
Category 
Proton Pump Inhibitor, Substituted Benzimidazole.  
ATC: A02BC05 
Indications 
Oral",oral_liquid,,False,needs_review,egypt_gastrointestinal_formulary_2025.pdf,74,True
Esomeprazole,"mg, 20 mg, 40 mg",mg,"20 mg, 40 mg","Oral, IV","Oral, IV 
Pharmacologic 
Category 
Proton Pump Inhibitor, Substituted Benzimidazole.  
ATC: A02BC05 
Indications 
Oral",injection,,False,needs_review,egypt_gastrointestinal_formulary_2025.pdf,74,True
Esomeprazole,"Delayed-release capsule: 20 mg, 40 mg",capsule,"20 mg, 40 mg","Oral, IV","Oral, IV 
Pharmacologic 
Category 
Proton Pump Inhibitor, Substituted Benzimidazole.  
ATC: A02BC05 
Indications 
Oral",injection,,False,needs_review,egypt_gastrointestinal_formulary_2025.pdf,74,True
Esomeprazole,"Delayed-release powder for oral suspension in sachet: 20 mg, 40 mg",oral_suspension,"20 mg, 40 mg","Oral, IV","Oral, IV 
Pharmacologic 
Category 
Proton Pump Inhibitor, Substituted Benzimidazole.  
ATC: A02BC05 
Indications 
Oral",oral_liquid,,False,needs_review,egypt_gastrointestinal_formulary_2025.pdf,74,True
Esomeprazole,"Lyophilized powder for slow IV injection or infusion: 20 mg, 40 mg",iv_infusion,"20 mg, 40 mg","Oral, IV","Oral, IV 
Pharmacologic 
Category 
Proton Pump Inhibitor, Substituted Benzimidazole.  
ATC: A02BC05 
Indications 
Oral",injection,,False,needs_review,egypt_gastrointestinal_formulary_2025.pdf,74,True
Dexlansoprazole,"Delayed-release capsule: 30 mg, 60 mg",capsule,"30 mg, 60 mg",Oral,"Oral 
Pharmacologic 
Category 
Pharmacological category: Proton Pump Inhibitor 
 
ATC: A02BC06 
Indications",solid_oral,,False,false,egypt_gastrointestinal_formulary_2025.pdf,83,True
Lansoprazole,"Oro-dispersible Tablets: 15 mg, 30 mg",orodispersible_tablet,"15 mg, 30 mg",Oral,"Oral 
Pharmacologic 
category 
Pharmacological category: Proton Pump Inhibitor 
ATC: A02BC03 
Indications 
• Treatment of duodenal and gastric ulcers",solid_oral,,False,false,egypt_gastrointestinal_formulary_2025.pdf,87,True
Lansoprazole,"Delayed-release capsule: 15 mg, 30 mg",capsule,"15 mg, 30 mg",Oral,"Oral 
Pharmacologic 
category 
Pharmacological category: Proton Pump Inhibitor 
ATC: A02BC03 
Indications 
• Treatment of duodenal and gastric ulcers",solid_oral,,False,false,egypt_gastrointestinal_formulary_2025.pdf,87,True
Lansoprazole,Tablets and Capsules: Lansoprazole 30 mg (In combination with Amoxicillin 500,tablet,Lansoprazole 30 mg (In combination with Amoxicillin 500,Oral,"Oral 
Pharmacologic 
category 
Pharmacological category: Proton Pump Inhibitor 
ATC: A02BC03 
Indications 
• Treatment of duodenal and gastric ulcers",solid_oral,,False,false,egypt_gastrointestinal_formulary_2025.pdf,87,True
Lansoprazole,mg and Clarithromycin 500 mg),mg_and_clarithromycin,500 mg),Oral,"Oral 
Pharmacologic 
category 
Pharmacological category: Proton Pump Inhibitor 
ATC: A02BC03 
Indications 
• Treatment of duodenal and gastric ulcers",other,,False,false,egypt_gastrointestinal_formulary_2025.pdf,87,True
Omeprazole,Lyophilized powder for solution for IV infusion: 40 mg,iv_infusion,40 mg,"Oral, IV","Oral, IV 
Pharmacologic 
Category 
Proton Pump Inhibitor, Substituted Benzimidazole. 
ATC: A02BC01 
Indications 
• Treatment of esophageal reflux disease, including reflux esophagitis.",injection,,False,needs_review,egypt_gastrointestinal_formulary_2025.pdf,91,True
Omeprazole,"Modified release capsule containing pellets: 10 mg, 20 mg, 40 mg",capsule,"10 mg, 20 mg, 40 mg","Oral, IV","Oral, IV 
Pharmacologic 
Category 
Proton Pump Inhibitor, Substituted Benzimidazole. 
ATC: A02BC01 
Indications 
• Treatment of esophageal reflux disease, including reflux esophagitis.",injection,,False,needs_review,egypt_gastrointestinal_formulary_2025.pdf,91,True
Omeprazole,Enteric-coated capsules 20 mg,capsule,20 mg,"Oral, IV","Oral, IV 
Pharmacologic 
Category 
Proton Pump Inhibitor, Substituted Benzimidazole. 
ATC: A02BC01 
Indications 
• Treatment of esophageal reflux disease, including reflux esophagitis.",injection,,False,needs_review,egypt_gastrointestinal_formulary_2025.pdf,91,True
Pantoprazole,/Strengths,strengths,,"Oral, IV","Oral, IV 
Pharmacologic 
Category 
Proton Pump Inhibitor, Substituted Benzimidazole. 
ATC: A02BC02 
Indications 
• Short-term treatment of reflux symptoms (e.g., heartburn, acid regurgitation) in",injection,,False,needs_review,egypt_gastrointestinal_formulary_2025.pdf,96,True
Pantoprazole,"Enteric-coated tablet: 20 mg, 40 mg",tablet,"20 mg, 40 mg","Oral, IV","Oral, IV 
Pharmacologic 
Category 
Proton Pump Inhibitor, Substituted Benzimidazole. 
ATC: A02BC02 
Indications 
• Short-term treatment of reflux symptoms (e.g., heartburn, acid regurgitation) in",injection,,False,needs_review,egypt_gastrointestinal_formulary_2025.pdf,96,True
Pantoprazole,"Modified release tablets: 20 mg, 40 mg",tablet,"20 mg, 40 mg","Oral, IV","Oral, IV 
Pharmacologic 
Category 
Proton Pump Inhibitor, Substituted Benzimidazole. 
ATC: A02BC02 
Indications 
• Short-term treatment of reflux symptoms (e.g., heartburn, acid regurgitation) in",injection,,False,needs_review,egypt_gastrointestinal_formulary_2025.pdf,96,True
Pantoprazole,Powder for solution for IV injection or infusion: 40 mg,iv_infusion,40 mg,"Oral, IV","Oral, IV 
Pharmacologic 
Category 
Proton Pump Inhibitor, Substituted Benzimidazole. 
ATC: A02BC02 
Indications 
• Short-term treatment of reflux symptoms (e.g., heartburn, acid regurgitation) in",injection,,False,needs_review,egypt_gastrointestinal_formulary_2025.pdf,96,True
Rabeprazole,"Enteric-coated Tablets: 10 mg, 20 mg",tablet,"10 mg, 20 mg",Oral,"Oral 
Pharmacologic 
category 
Pharmacological category: Proton Pump Inhibitor 
 
ATC: A02BC04 
Indications",solid_oral,,False,false,egypt_gastrointestinal_formulary_2025.pdf,102,True
Mesalazine (Mesalamine),Tablet: 500 mg,tablet,500 mg,"Oral, rectal","Oral, rectal 
Pharmacologic 
Category 
5-Aminosalicylic Acid Derivative 
ATC:  A07EC02 
Indications 
Oral",rectal,,False,needs_review,egypt_gastrointestinal_formulary_2025.pdf,107,True
Mesalazine (Mesalamine),"Modified release tablets: 400 mg, 500 mg, 800 mg",tablet,"400 mg, 500 mg, 800 mg","Oral, rectal","Oral, rectal 
Pharmacologic 
Category 
5-Aminosalicylic Acid Derivative 
ATC:  A07EC02 
Indications 
Oral",rectal,,False,needs_review,egypt_gastrointestinal_formulary_2025.pdf,107,True
Mesalazine (Mesalamine),"Prolonged release granules: 1 gm, 2 gm, 4 gm",granules,"1 gm, 2 gm, 4 gm","Oral, rectal","Oral, rectal 
Pharmacologic 
Category 
5-Aminosalicylic Acid Derivative 
ATC:  A07EC02 
Indications 
Oral",rectal,,False,needs_review,egypt_gastrointestinal_formulary_2025.pdf,107,True
Mesalazine (Mesalamine),Capsules Containing extended-release pellets: 500 mg,capsule,500 mg,"Oral, rectal","Oral, rectal 
Pharmacologic 
Category 
5-Aminosalicylic Acid Derivative 
ATC:  A07EC02 
Indications 
Oral",rectal,,False,needs_review,egypt_gastrointestinal_formulary_2025.pdf,107,True
Mesalazine (Mesalamine),Rectal Suppositories: 1 gm,suppository,1 gm,"Oral, rectal","Oral, rectal 
Pharmacologic 
Category 
5-Aminosalicylic Acid Derivative 
ATC:  A07EC02 
Indications 
Oral",rectal,,False,needs_review,egypt_gastrointestinal_formulary_2025.pdf,107,True
Mesalazine (Mesalamine),Rectal Suspension: 1 gm/100mL,oral_suspension,1 gm/100mL,"Oral, rectal","Oral, rectal 
Pharmacologic 
Category 
5-Aminosalicylic Acid Derivative 
ATC:  A07EC02 
Indications 
Oral",rectal,,False,needs_review,egypt_gastrointestinal_formulary_2025.pdf,107,True
Sulfasalazine,Tablet: 500 mg,tablet,500 mg,Oral,"Oral 
Pharmacologic 
Category 
5-Aminosalicylic Acid Derivative; Antirheumatic, Disease Modifying. 
ATC: A07EC01 
Indications 
• Treatment and maintenance of remission of ulcerative colitis.",solid_oral,,False,false,egypt_gastrointestinal_formulary_2025.pdf,111,True
Glycerin,"Rectal Suppositories: 1.4 gm, 1.47 gm, 1.61 gm. 70% w/w",suppository,"1.4 gm, 1.47 gm, 1.61 gm. 70% w/w",Rectal,"Rectal 
Pharmacologic 
Category 
Laxative, Osmotic 
ATC: A06AX01 
Indications 
• For occasional use as a stimulant laxative for the treatment of constipation.",rectal,,False,needs_review,egypt_gastrointestinal_formulary_2025.pdf,117,True
Glycerin,Infantile rectal suppository: 0.7gm,suppository,0.7gm,Rectal,"Rectal 
Pharmacologic 
Category 
Laxative, Osmotic 
ATC: A06AX01 
Indications 
• For occasional use as a stimulant laxative for the treatment of constipation.",rectal,,False,needs_review,egypt_gastrointestinal_formulary_2025.pdf,117,True
Lactulose,Syrup or oral solution: 3.35 gm/5 mL,oral_syrup,3.35 gm/5 mL,Oral,"Oral 
Pharmacologic 
Category 
Ammonium Detoxicant; Laxative, Osmotic  
ATC: A06AD11 
Indications 
• Treatment of constipation.",oral_liquid,,False,needs_review,egypt_gastrointestinal_formulary_2025.pdf,119,True
Lactulose,Granules in sachet for oral solution: 6 gm/ sachet,oral_solution,6 gm/ sachet,Oral,"Oral 
Pharmacologic 
Category 
Ammonium Detoxicant; Laxative, Osmotic  
ATC: A06AD11 
Indications 
• Treatment of constipation.",other,,False,false,egypt_gastrointestinal_formulary_2025.pdf,119,True
Lactulose,Powder for oral solution: 10 gm/sachet,oral_solution,10 gm/sachet,Oral,"Oral 
Pharmacologic 
Category 
Ammonium Detoxicant; Laxative, Osmotic  
ATC: A06AD11 
Indications 
• Treatment of constipation.",other,,False,false,egypt_gastrointestinal_formulary_2025.pdf,119,True
Polyethylene glycol 3350 (macrogol),Powder for oral suspension (in combinations): 6.563 grams per sachet. 13.125 grams per sachet. 100 grams per pouch,oral_suspension,6.563 grams per sachet. 13.125 grams per sachet. 100 grams per pouch,Oral,"Oral 
Pharmacologic 
Category 
Laxative, Osmotic 
ATC: A06AD65 
Indications 
Products containing 6.563 grams per sachet:",oral_liquid,,False,needs_review,egypt_gastrointestinal_formulary_2025.pdf,122,True
Bisacodyl,"Enteric-coated tablet: 5 mg, 10 mg",tablet,"5 mg, 10 mg","Oral, Rectal","Oral, Rectal 
Pharmacologic 
Category 
Laxative, Stimulant 
ATC: A06AG02 
Indications 
• Short-term relief of occasional constipation whenever a stimulant laxative is",rectal,,False,needs_review,egypt_gastrointestinal_formulary_2025.pdf,130,True
Bisacodyl,"Suppository: 5 mg, 10 mg",suppository,"5 mg, 10 mg","Oral, Rectal","Oral, Rectal 
Pharmacologic 
Category 
Laxative, Stimulant 
ATC: A06AG02 
Indications 
• Short-term relief of occasional constipation whenever a stimulant laxative is",rectal,,False,needs_review,egypt_gastrointestinal_formulary_2025.pdf,130,True
Bisacodyl,Enema: 10 mg/30 mL,enema,10 mg/30 mL,"Oral, Rectal","Oral, Rectal 
Pharmacologic 
Category 
Laxative, Stimulant 
ATC: A06AG02 
Indications 
• Short-term relief of occasional constipation whenever a stimulant laxative is",rectal,,False,needs_review,egypt_gastrointestinal_formulary_2025.pdf,130,True
Sodium Picosulfate,/Strengths,strengths,,Oral,"Oral 
Pharmacologic 
Category 
Osmotic Laxative; Stimulant Laxative 
ATC: A06AB08 
Indications 
Tablets: Symptomatic treatment of constipation.",other,,False,false,egypt_gastrointestinal_formulary_2025.pdf,133,True
Sodium Picosulfate,Oral drops 7.5 mg/mL,oral_drops,7.5 mg/mL,Oral,"Oral 
Pharmacologic 
Category 
Osmotic Laxative; Stimulant Laxative 
ATC: A06AB08 
Indications 
Tablets: Symptomatic treatment of constipation.",oral_liquid,,False,needs_review,egypt_gastrointestinal_formulary_2025.pdf,133,True
Sodium Picosulfate,Tablets: 5 mg,tablet,5 mg,Oral,"Oral 
Pharmacologic 
Category 
Osmotic Laxative; Stimulant Laxative 
ATC: A06AB08 
Indications 
Tablets: Symptomatic treatment of constipation.",solid_oral,,False,false,egypt_gastrointestinal_formulary_2025.pdf,133,True
Docusate sodium,"Oral solution or syrup: 12.5 mg/5 mL, 20 mg/5 mL, 50 mg/5 mL",oral_syrup,"12.5 mg/5 mL, 20 mg/5 mL, 50 mg/5 mL","Oral, Rectal, Otic","Oral, Rectal, Otic 
Pharmacologic 
Category 
Laxative, Stimulant; Stool Softener 
Oral ATC: A06AA02 
Indications 
Oral",otic,,False,needs_review,egypt_gastrointestinal_formulary_2025.pdf,135,True
Docusate sodium,Capsules: 100 mg,capsule,100 mg,"Oral, Rectal, Otic","Oral, Rectal, Otic 
Pharmacologic 
Category 
Laxative, Stimulant; Stool Softener 
Oral ATC: A06AA02 
Indications 
Oral",otic,,False,needs_review,egypt_gastrointestinal_formulary_2025.pdf,135,True
Docusate sodium,Rectal micro enema: 120 mg/10 gm,rectal_micro_enema,120 mg/10 gm,"Oral, Rectal, Otic","Oral, Rectal, Otic 
Pharmacologic 
Category 
Laxative, Stimulant; Stool Softener 
Oral ATC: A06AA02 
Indications 
Oral",otic,,False,needs_review,egypt_gastrointestinal_formulary_2025.pdf,135,True
Docusate sodium,Ear drops (wax): 5 gm/100 mL,ear_drops,5 gm/100 mL,"Oral, Rectal, Otic","Oral, Rectal, Otic 
Pharmacologic 
Category 
Laxative, Stimulant; Stool Softener 
Oral ATC: A06AA02 
Indications 
Oral",otic,,False,needs_review,egypt_gastrointestinal_formulary_2025.pdf,135,True
Lubiprostone,"Capsule: 8 mcg, 24 mcg",capsule,"8 mcg, 24 mcg",Oral,"Oral 
Pharmacologic 
Category 
Chloride Channel Activator; Gastrointestinal Agent, Miscellaneous 
ATC: A06AX03  
Indications 
Treatment of",solid_oral,,False,false,egypt_gastrointestinal_formulary_2025.pdf,140,True
Bismuth subcitrate,Film-coated tablet:295.1 mg equivalent to 120 mg bismuth oxide,tablet,295.1 mg equivalent to 120 mg bismuth oxide,Oral,"Oral 
Pharmacologic 
Category 
Pharmacological category 
Gastrointestinal Agent, Miscellaneous 
ATC 
A02BX05",solid_oral,,False,false,egypt_gastrointestinal_formulary_2025.pdf,142,True
Bismuth subcitrate,"Capsule: 140 mg of bismuth subcitrate potassium, in combination with 125 mg of",capsule,"140 mg of bismuth subcitrate potassium, in combination with 125 mg of",Oral,"Oral 
Pharmacologic 
Category 
Pharmacological category 
Gastrointestinal Agent, Miscellaneous 
ATC 
A02BX05",solid_oral,,False,false,egypt_gastrointestinal_formulary_2025.pdf,142,True
Bismuth subcitrate,"metronidazole, and 125 mg of tetracycline hydrochloride",metronidazole_and,125 mg of tetracycline hydrochloride,Oral,"Oral 
Pharmacologic 
Category 
Pharmacological category 
Gastrointestinal Agent, Miscellaneous 
ATC 
A02BX05",other,,False,false,egypt_gastrointestinal_formulary_2025.pdf,142,True
Phenobarbital,Elixir: 15mg/5ml,oral_solution,15mg/5ml,"Oral, IV, IM","Oral, IV, IM 
Pharmacologic 
Category 
Antiseizure Agent, Barbiturate. 
ATC: N03AA02 
Indications 
Management of all forms of epilepsy, except absence seizures.",injection,,False,needs_review,egypt_nervous_system_formulary_2025.pdf,13,True
Phenobarbital,"Tablets: 15mg, 30mg, 60mg, 100mg",tablet,"15mg, 30mg, 60mg, 100mg","Oral, IV, IM","Oral, IV, IM 
Pharmacologic 
Category 
Antiseizure Agent, Barbiturate. 
ATC: N03AA02 
Indications 
Management of all forms of epilepsy, except absence seizures.",injection,,False,needs_review,egypt_nervous_system_formulary_2025.pdf,13,True
Phenobarbital,Solution for injection: 40mg/ml,injection,40mg/ml,"Oral, IV, IM","Oral, IV, IM 
Pharmacologic 
Category 
Antiseizure Agent, Barbiturate. 
ATC: N03AA02 
Indications 
Management of all forms of epilepsy, except absence seizures.",injection,,False,needs_review,egypt_nervous_system_formulary_2025.pdf,13,True
Clonazepam,"Tablet: 0.5 mg, 2 mg",tablet,"0.5 mg, 2 mg",Oral,"Oral 
Pharmacologic 
Category 
Anti-seizure agent, Benzodiazepine. 
ATC: N03AE01 
Indications 
• All clinical forms of epileptic disease and seizures in infants, children and",solid_oral,,False,false,egypt_nervous_system_formulary_2025.pdf,17,True
Clonazepam,"Orally disintegrating tablets: 0.5mg, 1 mg, 2mg",tablet,"0.5mg, 1 mg, 2mg",Oral,"Oral 
Pharmacologic 
Category 
Anti-seizure agent, Benzodiazepine. 
ATC: N03AE01 
Indications 
• All clinical forms of epileptic disease and seizures in infants, children and",solid_oral,,False,false,egypt_nervous_system_formulary_2025.pdf,17,True
Clonazepam,Oral drops: 2.5 mg/ml,oral_drops,2.5 mg/ml,Oral,"Oral 
Pharmacologic 
Category 
Anti-seizure agent, Benzodiazepine. 
ATC: N03AE01 
Indications 
• All clinical forms of epileptic disease and seizures in infants, children and",oral_liquid,,False,needs_review,egypt_nervous_system_formulary_2025.pdf,17,True
Diazepam,"Solution for I.M Injection, I.V Injection/Infusion: 10 mg/2ml",iv_infusion,10 mg/2ml,"IM, IV, Oral, Rectal","IM, IV, Oral, Rectal 
Pharmacologic 
Category 
Anticonvulsant, Antiseizure Agent, Benzodiazepine. 
ATC: N05BA01 
Indications 
•",rectal,,False,needs_review,egypt_nervous_system_formulary_2025.pdf,21,True
Diazepam,"Tablets: 2mg, 5mg, 10mg",tablet,"2mg, 5mg, 10mg","IM, IV, Oral, Rectal","IM, IV, Oral, Rectal 
Pharmacologic 
Category 
Anticonvulsant, Antiseizure Agent, Benzodiazepine. 
ATC: N05BA01 
Indications 
•",rectal,,False,needs_review,egypt_nervous_system_formulary_2025.pdf,21,True
Diazepam,Oral Syrup: 2mg/5ml,oral_syrup,2mg/5ml,"IM, IV, Oral, Rectal","IM, IV, Oral, Rectal 
Pharmacologic 
Category 
Anticonvulsant, Antiseizure Agent, Benzodiazepine. 
ATC: N05BA01 
Indications 
•",rectal,,False,needs_review,egypt_nervous_system_formulary_2025.pdf,21,True
Diazepam,Rectal Suppositories: 10 mg,suppository,10 mg,"IM, IV, Oral, Rectal","IM, IV, Oral, Rectal 
Pharmacologic 
Category 
Anticonvulsant, Antiseizure Agent, Benzodiazepine. 
ATC: N05BA01 
Indications 
•",rectal,,False,needs_review,egypt_nervous_system_formulary_2025.pdf,21,True
Carbamazepine,Oral suspension: 100 mg/5ml,oral_suspension,100 mg/5ml,Oral,"Oral 
Pharmacologic 
Category 
Anticonvulsant, miscellaneous 
ATC: N03AF01 
Indications 
•",oral_liquid,,False,needs_review,egypt_nervous_system_formulary_2025.pdf,27,True
Carbamazepine,"Tablet: 200 mg, 400 mg",tablet,"200 mg, 400 mg",Oral,"Oral 
Pharmacologic 
Category 
Anticonvulsant, miscellaneous 
ATC: N03AF01 
Indications 
•",solid_oral,,False,false,egypt_nervous_system_formulary_2025.pdf,27,True
Carbamazepine,Chewable Tablets: 100mg,chewable_tablet,100mg,Oral,"Oral 
Pharmacologic 
Category 
Anticonvulsant, miscellaneous 
ATC: N03AF01 
Indications 
•",solid_oral,,False,false,egypt_nervous_system_formulary_2025.pdf,27,True
Carbamazepine,"Modified Release Tablet: 200mg, 300mg, 400mg, 600mg",tablet,"200mg, 300mg, 400mg, 600mg",Oral,"Oral 
Pharmacologic 
Category 
Anticonvulsant, miscellaneous 
ATC: N03AF01 
Indications 
•",solid_oral,,False,false,egypt_nervous_system_formulary_2025.pdf,27,True
Oxcarbazepine,"Tablet: 150 mg, 300 mg, 600 mg",tablet,"150 mg, 300 mg, 600 mg",Oral,"Oral 
Pharmacologic 
Category 
Anti-seizure agent 
ATC: N03AF02 
Indications 
Immediate-Release Formulations: treatment of partial-onset seizures",solid_oral,,False,false,egypt_nervous_system_formulary_2025.pdf,34,True
Oxcarbazepine,"Extended-release tablet: 150 mg, 300 mg, 600 mg",extended_release_tablet,"150 mg, 300 mg, 600 mg",Oral,"Oral 
Pharmacologic 
Category 
Anti-seizure agent 
ATC: N03AF02 
Indications 
Immediate-Release Formulations: treatment of partial-onset seizures",other,,False,false,egypt_nervous_system_formulary_2025.pdf,34,True
Oxcarbazepine,Oral suspension: 300 mg/5ml (100ml),oral_suspension,300 mg/5ml (100ml),Oral,"Oral 
Pharmacologic 
Category 
Anti-seizure agent 
ATC: N03AF02 
Indications 
Immediate-Release Formulations: treatment of partial-onset seizures",oral_liquid,,False,needs_review,egypt_nervous_system_formulary_2025.pdf,34,True
Lamotrigine,Tablet: 25 mg; 50 mg; 100 mg; 200 mg,tablet,25 mg; 50 mg; 100 mg; 200 mg,Unspecified,,solid_oral,,False,false,egypt_nervous_system_formulary_2025.pdf,40,True
Lamotrigine,"Tablet (chewable; dispersible): 2 mg; 5mg, 25 mg, 50mg, 100mg. Administration Oral",chewable_tablet,"2 mg; 5mg, 25 mg, 50mg, 100mg. Administration Oral",Unspecified,,solid_oral,,False,false,egypt_nervous_system_formulary_2025.pdf,40,True
Phenytoin,"Capsule: 50mg, 100mg",capsule,"50mg, 100mg","Oral, IM, IV, Topical","Oral, IM, IV, Topical 
Pharmacologic 
Category 
Antiseizure Agent, Hydantoin. 
ATC: N03AB02 
Indications 
Oral",injection,,False,needs_review,egypt_nervous_system_formulary_2025.pdf,47,True
Phenytoin,Suspension: 30 mg/5ml,oral_suspension,30 mg/5ml,"Oral, IM, IV, Topical","Oral, IM, IV, Topical 
Pharmacologic 
Category 
Antiseizure Agent, Hydantoin. 
ATC: N03AB02 
Indications 
Oral",oral_liquid,,False,needs_review,egypt_nervous_system_formulary_2025.pdf,47,True
Phenytoin,Topical cream: 2 gm/100g,cream,2 gm/100g,"Oral, IM, IV, Topical","Oral, IM, IV, Topical 
Pharmacologic 
Category 
Antiseizure Agent, Hydantoin. 
ATC: N03AB02 
Indications 
Oral",injection,,False,needs_review,egypt_nervous_system_formulary_2025.pdf,47,True
Phenytoin,Topical Spray: 40 mg/150ml,topical_spray,40 mg/150ml,"Oral, IM, IV, Topical","Oral, IM, IV, Topical 
Pharmacologic 
Category 
Antiseizure Agent, Hydantoin. 
ATC: N03AB02 
Indications 
Oral",injection,,False,needs_review,egypt_nervous_system_formulary_2025.pdf,47,True
Phenytoin,Injection: 50 mg/ml; 250 mg/5ml,injection,50 mg/ml; 250 mg/5ml,"Oral, IM, IV, Topical","Oral, IM, IV, Topical 
Pharmacologic 
Category 
Antiseizure Agent, Hydantoin. 
ATC: N03AB02 
Indications 
Oral",injection,,False,needs_review,egypt_nervous_system_formulary_2025.pdf,47,True
Ethosuximide,Capsule: 250 mg,capsule,250 mg,Oral,"Oral 
Pharmacologic 
Category 
Antiseizure Agent, Succinimide. 
ATC: N03AD01 
Indications 
•",solid_oral,,False,false,egypt_nervous_system_formulary_2025.pdf,55,True
Ethosuximide,Syrup: 250 mg/5 ml,oral_syrup,250 mg/5 ml,Oral,"Oral 
Pharmacologic 
Category 
Antiseizure Agent, Succinimide. 
ATC: N03AD01 
Indications 
•",oral_liquid,,False,needs_review,egypt_nervous_system_formulary_2025.pdf,55,True
Lacosamide,/Strengths,strengths,,"Oral, IV","Oral, IV 
Pharmacologic 
Category 
Antiseizure Agent, Miscellaneous 
ATC: N03AX18 
Indications 
• Treatment of partial-onset seizures with or without secondary",injection,,False,needs_review,egypt_nervous_system_formulary_2025.pdf,59,True
Lacosamide,"Tablet: 50 mg, 100 mg, 200 mg",tablet,"50 mg, 100 mg, 200 mg","Oral, IV","Oral, IV 
Pharmacologic 
Category 
Antiseizure Agent, Miscellaneous 
ATC: N03AX18 
Indications 
• Treatment of partial-onset seizures with or without secondary",injection,,False,needs_review,egypt_nervous_system_formulary_2025.pdf,59,True
Lacosamide,Oral Solution: 10 mg/ml,oral_solution,10 mg/ml,"Oral, IV","Oral, IV 
Pharmacologic 
Category 
Antiseizure Agent, Miscellaneous 
ATC: N03AX18 
Indications 
• Treatment of partial-onset seizures with or without secondary",injection,,False,needs_review,egypt_nervous_system_formulary_2025.pdf,59,True
Lacosamide,Solution for I.V. Infusion: 10 mg/ml,iv_infusion,10 mg/ml,"Oral, IV","Oral, IV 
Pharmacologic 
Category 
Antiseizure Agent, Miscellaneous 
ATC: N03AX18 
Indications 
• Treatment of partial-onset seizures with or without secondary",injection,,False,needs_review,egypt_nervous_system_formulary_2025.pdf,59,True
Levetiracetam,"Film coated tablets: 250mg, 500mg, 750mg, 1000mg",tablet,"250mg, 500mg, 750mg, 1000mg","Oral, IV","Oral, IV 
Pharmacologic 
Category 
Antiseizure Agent, Miscellaneous 
ATC: N03AX14 
Indications 
Monotherapy",injection,,False,needs_review,egypt_nervous_system_formulary_2025.pdf,63,True
Levetiracetam,Orally disintegrating tablets: 500mg,tablet,500mg,"Oral, IV","Oral, IV 
Pharmacologic 
Category 
Antiseizure Agent, Miscellaneous 
ATC: N03AX14 
Indications 
Monotherapy",injection,,False,needs_review,egypt_nervous_system_formulary_2025.pdf,63,True
Levetiracetam,"Modified release tablets: 500mg, 750mg, 1000mg, 1500mg",tablet,"500mg, 750mg, 1000mg, 1500mg","Oral, IV","Oral, IV 
Pharmacologic 
Category 
Antiseizure Agent, Miscellaneous 
ATC: N03AX14 
Indications 
Monotherapy",injection,,False,needs_review,egypt_nervous_system_formulary_2025.pdf,63,True
Levetiracetam,"Syrup: 100mg/ml (100ml, 120ml or 300ml)",oral_syrup,"100mg/ml (100ml, 120ml or 300ml)","Oral, IV","Oral, IV 
Pharmacologic 
Category 
Antiseizure Agent, Miscellaneous 
ATC: N03AX14 
Indications 
Monotherapy",oral_liquid,,False,needs_review,egypt_nervous_system_formulary_2025.pdf,63,True
Levetiracetam,Injection: 500mg/5ml,injection,500mg/5ml,"Oral, IV","Oral, IV 
Pharmacologic 
Category 
Antiseizure Agent, Miscellaneous 
ATC: N03AX14 
Indications 
Monotherapy",injection,,False,needs_review,egypt_nervous_system_formulary_2025.pdf,63,True
Gabapentin,Capsule or Tablets :100 mg; 300 mg; 400 mg; 600 mg; 800 mg,tablet,100 mg; 300 mg; 400 mg; 600 mg; 800 mg,Oral,"Oral 
Pharmacologic 
Category 
Ant seizure Agent, Miscellaneous; GABA Analog 
ATC: N02BF01 
 
Indications",solid_oral,,False,false,egypt_nervous_system_formulary_2025.pdf,68,True
Gabapentin,Extended-release tablets: 300 mg; 600 mg,extended_release_tablet,300 mg; 600 mg,Oral,"Oral 
Pharmacologic 
Category 
Ant seizure Agent, Miscellaneous; GABA Analog 
ATC: N02BF01 
 
Indications",other,,False,false,egypt_nervous_system_formulary_2025.pdf,68,True
Gabapentin,Oral solution or Syrup: 250 mg/5ml,oral_syrup,250 mg/5ml,Oral,"Oral 
Pharmacologic 
Category 
Ant seizure Agent, Miscellaneous; GABA Analog 
ATC: N02BF01 
 
Indications",oral_liquid,,False,needs_review,egypt_nervous_system_formulary_2025.pdf,68,True
Magnesium Sulfate Heptahydrate,Solution for IM and IV injection or slow IV infusion:  1gm/2ml,iv_infusion,1gm/2ml,"IM, IV","IM, IV 
Pharmacologic 
Category 
Antiseizure Agent, Miscellaneous; Electrolyte Supplement, Parenteral 
Magnesium Salt. 
ATC: B05XA05 
Indications",injection,,False,needs_review,egypt_nervous_system_formulary_2025.pdf,74,True
Magnesium Sulfate Heptahydrate,0.5gm/5ml (10%),0_5gm_5ml_10,,"IM, IV","IM, IV 
Pharmacologic 
Category 
Antiseizure Agent, Miscellaneous; Electrolyte Supplement, Parenteral 
Magnesium Salt. 
ATC: B05XA05 
Indications",injection,,False,needs_review,egypt_nervous_system_formulary_2025.pdf,74,True
Magnesium Sulfate Heptahydrate,"Solution for IV injection or infusion: 1gm/10ml, 2.5gm/25ml",iv_infusion,"1gm/10ml, 2.5gm/25ml","IM, IV","IM, IV 
Pharmacologic 
Category 
Antiseizure Agent, Miscellaneous; Electrolyte Supplement, Parenteral 
Magnesium Salt. 
ATC: B05XA05 
Indications",injection,,False,needs_review,egypt_nervous_system_formulary_2025.pdf,74,True
Magnesium Sulfate Heptahydrate,"Solution for IV infusion:  1gm/10ml, 10gm/100ml (10%)",iv_infusion,"1gm/10ml, 10gm/100ml (10%)","IM, IV","IM, IV 
Pharmacologic 
Category 
Antiseizure Agent, Miscellaneous; Electrolyte Supplement, Parenteral 
Magnesium Salt. 
ATC: B05XA05 
Indications",injection,,False,needs_review,egypt_nervous_system_formulary_2025.pdf,74,True
Valproic acid,"Capsule: 150, 250, 300 mg",capsule,"150, 250, 300 mg","Oral, IV","Oral, IV 
Pharmacologic 
Category 
Antimanic Agent; Antiseizure Agent, Miscellaneous; Histone Deacetylase 
Inhibitor. 
ATC: N03AG01 
Indications",injection,,False,needs_review,egypt_nervous_system_formulary_2025.pdf,83,True
Valproic acid,Syrup: 250 mg/5ml,oral_syrup,250 mg/5ml,"Oral, IV","Oral, IV 
Pharmacologic 
Category 
Antimanic Agent; Antiseizure Agent, Miscellaneous; Histone Deacetylase 
Inhibitor. 
ATC: N03AG01 
Indications",oral_liquid,,False,needs_review,egypt_nervous_system_formulary_2025.pdf,83,True
Valproic acid,"Modified release tablet: 250, 500 mg",tablet,"250, 500 mg","Oral, IV","Oral, IV 
Pharmacologic 
Category 
Antimanic Agent; Antiseizure Agent, Miscellaneous; Histone Deacetylase 
Inhibitor. 
ATC: N03AG01 
Indications",injection,,False,needs_review,egypt_nervous_system_formulary_2025.pdf,83,True
Valproic acid,"Oral drops: 200, 300 mg/ml",oral_drops,"200, 300 mg/ml","Oral, IV","Oral, IV 
Pharmacologic 
Category 
Antimanic Agent; Antiseizure Agent, Miscellaneous; Histone Deacetylase 
Inhibitor. 
ATC: N03AG01 
Indications",oral_liquid,,False,needs_review,egypt_nervous_system_formulary_2025.pdf,83,True
Valproic acid,Solution for IV injection: 500 mg/5ml,injection,500 mg/5ml,"Oral, IV","Oral, IV 
Pharmacologic 
Category 
Antimanic Agent; Antiseizure Agent, Miscellaneous; Histone Deacetylase 
Inhibitor. 
ATC: N03AG01 
Indications",injection,,False,needs_review,egypt_nervous_system_formulary_2025.pdf,83,True
Amantadine,Capsule: 100mg,capsule,100mg,"Oral, IV","Oral, IV  
Pharmacologic 
Category 
Anti-Parkinson Agent, Dopamine Agonist; Antiviral Agent. 
ATC: N04BB01 
Indications 
•",injection,,False,needs_review,egypt_nervous_system_formulary_2025.pdf,90,True
Amantadine,Tablets: 100mg,tablet,100mg,"Oral, IV","Oral, IV  
Pharmacologic 
Category 
Anti-Parkinson Agent, Dopamine Agonist; Antiviral Agent. 
ATC: N04BB01 
Indications 
•",injection,,False,needs_review,egypt_nervous_system_formulary_2025.pdf,90,True
Amantadine,Solution for IV infusion: 200mg/500ml,iv_infusion,200mg/500ml,"Oral, IV","Oral, IV  
Pharmacologic 
Category 
Anti-Parkinson Agent, Dopamine Agonist; Antiviral Agent. 
ATC: N04BB01 
Indications 
•",injection,,False,needs_review,egypt_nervous_system_formulary_2025.pdf,90,True
Carbidopa and Levodopa,"Tablets: Carbidopa/ Levodopa: 25mg/100mg, 25mg/250mg",tablet,"Carbidopa/ Levodopa: 25mg/100mg, 25mg/250mg",Oral,"Oral 
Pharmacologic 
Category 
Anti-Parkinson Agent, Decarboxylase Inhibitor, Dopamine Precursor. 
ATC: N04BA02 
Indications 
•",solid_oral,,False,false,egypt_nervous_system_formulary_2025.pdf,94,True
Carbidopa and Levodopa,Controlled Release Tablet: Carbidopa/ Levodopa: 50mg/200mg,tablet,Carbidopa/ Levodopa: 50mg/200mg,Oral,"Oral 
Pharmacologic 
Category 
Anti-Parkinson Agent, Decarboxylase Inhibitor, Dopamine Precursor. 
ATC: N04BA02 
Indications 
•",solid_oral,,False,false,egypt_nervous_system_formulary_2025.pdf,94,True
Pramipexole,"Tablets: 0.18 mg, 0.35 mg, 0.7 mg (base)",tablet,"0.18 mg, 0.35 mg, 0.7 mg (base)",Oral,"Oral 
Pharmacologic 
Category 
Anti-Parkinson Agent, Dopamine Agonist. 
ATC: N04BC05 
Indications 
-",solid_oral,,False,false,egypt_nervous_system_formulary_2025.pdf,98,True
Pramipexole,0.25 mg pramipexole dihydrochloride monohydrate equivalent to 0.18 mg pramipexole,0_25_mg_pramipexole_dihydrochloride_monohydrate_equivalent_to_0_18_mg_pramipexole,,Oral,"Oral 
Pharmacologic 
Category 
Anti-Parkinson Agent, Dopamine Agonist. 
ATC: N04BC05 
Indications 
-",other,,False,false,egypt_nervous_system_formulary_2025.pdf,98,True
Pramipexole,0.5 mg pramipexole dihydrochloride monohydrate equivalent to 0.35 mg pramipexole,0_5_mg_pramipexole_dihydrochloride_monohydrate_equivalent_to_0_35_mg_pramipexole,,Oral,"Oral 
Pharmacologic 
Category 
Anti-Parkinson Agent, Dopamine Agonist. 
ATC: N04BC05 
Indications 
-",other,,False,false,egypt_nervous_system_formulary_2025.pdf,98,True
Pramipexole,1 mg pramipexole dihydrochloride monohydrate equivalent to 0.7 mg pramipexole,1_mg_pramipexole_dihydrochloride_monohydrate_equivalent_to_0_7_mg_pramipexole,,Oral,"Oral 
Pharmacologic 
Category 
Anti-Parkinson Agent, Dopamine Agonist. 
ATC: N04BC05 
Indications 
-",other,,False,false,egypt_nervous_system_formulary_2025.pdf,98,True
Rasagiline,/Strengths,strengths,,Oral,"Oral 
Pharmacologic 
Category 
Anti-Parkinson Agent, MAO Type B Inhibitor 
ATC code: N04BD02 
Indications 
Idiopathic Parkinson's disease in adults as monotherapy (without levodopa)",other,,False,false,egypt_nervous_system_formulary_2025.pdf,102,True
Rasagiline,"Tablets: 0.5 mg, 1 mg",tablet,"0.5 mg, 1 mg",Oral,"Oral 
Pharmacologic 
Category 
Anti-Parkinson Agent, MAO Type B Inhibitor 
ATC code: N04BD02 
Indications 
Idiopathic Parkinson's disease in adults as monotherapy (without levodopa)",solid_oral,,False,false,egypt_nervous_system_formulary_2025.pdf,102,True
Neostigmine,"Solution for IM, IV and SC injection: 0.5 mg/ml (1 ml), 1 mg/ml (5 ml), 2.5",injection,"0.5 mg/ml (1 ml), 1 mg/ml (5 ml), 2.5","IM, IV, SC, Oral","IM, IV, SC, Oral 
Pharmacologic 
Category 
Acetylcholinesterase Inhibitor 
ATC: N07AA01 
Indications 
•",injection,,False,needs_review,egypt_nervous_system_formulary_2025.pdf,108,True
Neostigmine,mg/ml (5ml),mg_ml,5ml),"IM, IV, SC, Oral","IM, IV, SC, Oral 
Pharmacologic 
Category 
Acetylcholinesterase Inhibitor 
ATC: N07AA01 
Indications 
•",injection,,False,needs_review,egypt_nervous_system_formulary_2025.pdf,108,True
Neostigmine,Tablets: 15 mg,tablet,15 mg,"IM, IV, SC, Oral","IM, IV, SC, Oral 
Pharmacologic 
Category 
Acetylcholinesterase Inhibitor 
ATC: N07AA01 
Indications 
•",injection,,False,needs_review,egypt_nervous_system_formulary_2025.pdf,108,True
Pyridostigmine,Tablets: 60 mg,tablet,60 mg,Oral,"Oral 
Pharmacologic 
Category 
Acetylcholinesterase Inhibitor 
ATC: N07AA02 
Indications 
•",solid_oral,,False,false,egypt_nervous_system_formulary_2025.pdf,112,True
Pyridostigmine,Sustained Release Tablets: 180 mg,tablet,180 mg,Oral,"Oral 
Pharmacologic 
Category 
Acetylcholinesterase Inhibitor 
ATC: N07AA02 
Indications 
•",solid_oral,,False,false,egypt_nervous_system_formulary_2025.pdf,112,True
Cladribine,Tablets: 10 mg,tablet,10 mg,"Oral, SC, IV","Oral, SC, IV 
Pharmacologic 
Category 
Antimetabolite (Purine Analog); Antineoplastic Agent, Immunosuppressant 
Agent. 
ATC: L01BB04 - L04AA40 
Indications",injection,,False,needs_review,egypt_nervous_system_formulary_2025.pdf,116,True
Cladribine,Solution for S.C Injection and I.V Infusion: 2 mg/ml,iv_infusion,2 mg/ml,"Oral, SC, IV","Oral, SC, IV 
Pharmacologic 
Category 
Antimetabolite (Purine Analog); Antineoplastic Agent, Immunosuppressant 
Agent. 
ATC: L01BB04 - L04AA40 
Indications",injection,,False,needs_review,egypt_nervous_system_formulary_2025.pdf,116,True
Dimethyl Fumarate,/Strengths,strengths,,Oral,"Oral 
Pharmacologic 
Category 
Fumaric Acid Derivative 
ATC: L04AX07 
Indications 
Treatment of adult and pediatric patients aged 13 years and older with",other,,False,false,egypt_nervous_system_formulary_2025.pdf,121,True
Dimethyl Fumarate,"Delayed Release Capsule: 120 mg, 240 mg",capsule,"120 mg, 240 mg",Oral,"Oral 
Pharmacologic 
Category 
Fumaric Acid Derivative 
ATC: L04AX07 
Indications 
Treatment of adult and pediatric patients aged 13 years and older with",solid_oral,,False,false,egypt_nervous_system_formulary_2025.pdf,121,True
Fingolimod,/Strengths,strengths,,Oral,"Oral 
Pharmacologic 
Category 
Sphingosine 1-Phosphate (S1P) Receptor Modulator 
ATC: L04AE01 
Indications 
Disease modifying therapy in highly active relapsing remitting multiple",other,,False,false,egypt_nervous_system_formulary_2025.pdf,124,True
Fingolimod,Capsules: 0.5 mg,capsule,0.5 mg,Oral,"Oral 
Pharmacologic 
Category 
Sphingosine 1-Phosphate (S1P) Receptor Modulator 
ATC: L04AE01 
Indications 
Disease modifying therapy in highly active relapsing remitting multiple",solid_oral,,False,false,egypt_nervous_system_formulary_2025.pdf,124,True
Glatiramer acetate,"Prefilled syringe: 20 mg, 40mg",prefilled_syringe,"20 mg, 40mg",Injection (S.C.),"Injection (S.C.) 
Pharmacologic 
Category 
Antineoplastic and Immunomodulating Agents, Immunostimulant 
ATC: L03AX13 
Indications 
- Treatment of relapsing forms of multiple sclerosis (MS) in adults.",other,,False,false,egypt_nervous_system_formulary_2025.pdf,129,True
Abacavir Sulphate,Tablets,tablet,,Oral,"Oral 
Pharmacologic 
Category 
• 
Nucleoside reverse transcriptase inhibitor (NRTI) 
• 
ATC: J05AF06",solid_oral,,False,false,egypt_respiratory_formulary_2026.pdf,10,True
Abacavir Sulphate,Abacavir 300 mg,abacavir,300 mg,Oral,"Oral 
Pharmacologic 
Category 
• 
Nucleoside reverse transcriptase inhibitor (NRTI) 
• 
ATC: J05AF06",other,,False,false,egypt_respiratory_formulary_2026.pdf,10,True
Abacavir Sulphate,Abacavir + Lamivudine (120/60 mg),abacavir_lamivudine_120,60 mg),Oral,"Oral 
Pharmacologic 
Category 
• 
Nucleoside reverse transcriptase inhibitor (NRTI) 
• 
ATC: J05AF06",other,,False,false,egypt_respiratory_formulary_2026.pdf,10,True
Abacavir Sulphate,Abacavir + Lamivudine (60/30mg),abacavir_lamivudine_60,30mg),Oral,"Oral 
Pharmacologic 
Category 
• 
Nucleoside reverse transcriptase inhibitor (NRTI) 
• 
ATC: J05AF06",other,,False,false,egypt_respiratory_formulary_2026.pdf,10,True
Lamivudine,Tablets,tablet,,"• 
Oral","• 
Oral 
Pharmacologic 
Category 
• 
Nucleoside reverse transcriptase inhibitor (NRTI) 
•",solid_oral,,False,false,egypt_respiratory_formulary_2026.pdf,13,True
Lamivudine,Lamivudine 150 mg,lamivudine,150 mg,"• 
Oral","• 
Oral 
Pharmacologic 
Category 
• 
Nucleoside reverse transcriptase inhibitor (NRTI) 
•",other,,False,false,egypt_respiratory_formulary_2026.pdf,13,True
Lamivudine,Lamivudine/Zidovudine 150/300 mg,lamivudine_zidovudine_150,300 mg,"• 
Oral","• 
Oral 
Pharmacologic 
Category 
• 
Nucleoside reverse transcriptase inhibitor (NRTI) 
•",other,,False,false,egypt_respiratory_formulary_2026.pdf,13,True
Lamivudine,Abacavir + Lamivudine (120/60 mg),abacavir_lamivudine_120,60 mg),"• 
Oral","• 
Oral 
Pharmacologic 
Category 
• 
Nucleoside reverse transcriptase inhibitor (NRTI) 
•",other,,False,false,egypt_respiratory_formulary_2026.pdf,13,True
Lamivudine,Abacavir + Lamivudine (60/30 mg),abacavir_lamivudine_60,30 mg),"• 
Oral","• 
Oral 
Pharmacologic 
Category 
• 
Nucleoside reverse transcriptase inhibitor (NRTI) 
•",other,,False,false,egypt_respiratory_formulary_2026.pdf,13,True
Tenofovir Disoproxil Fumarate,Tablets:,tablet,,"• 
Oral","• 
Oral  
Pharmacological 
Category 
• 
Reverse Transcriptase Inhibitor; Antiretroviral, Nucleotide (Anti-
HIV)",solid_oral,,False,false,egypt_respiratory_formulary_2026.pdf,17,True
Tenofovir Disoproxil Fumarate,Emtricitabine/Tenofovir disoproxil fumarate 200/300 mg,tablet,300 mg,"• 
Oral","• 
Oral  
Pharmacological 
Category 
• 
Reverse Transcriptase Inhibitor; Antiretroviral, Nucleotide (Anti-
HIV)",solid_oral,,False,false,egypt_respiratory_formulary_2026.pdf,17,True
Zidovudine,Tablets: Lamivudine/zidovudine 150/300 mg,tablet,Lamivudine/zidovudine 150/300 mg,Oral,"Oral 
Pharmacologic 
Category 
Antiretroviral, Reverse Transcriptase Inhibitor, Nucleoside (Anti-HIV) 
ATC: J05AF01 
Indications 
•",solid_oral,,False,false,egypt_respiratory_formulary_2026.pdf,21,True
Zidovudine,Syrup: 10 mg/ml,oral_syrup,10 mg/ml,Oral,"Oral 
Pharmacologic 
Category 
Antiretroviral, Reverse Transcriptase Inhibitor, Nucleoside (Anti-HIV) 
ATC: J05AF01 
Indications 
•",oral_liquid,,False,needs_review,egypt_respiratory_formulary_2026.pdf,21,True
Efavirenz,"Efavirenz (EFV) 200, 600 mg as a film-coated tablet",efavirenz_efv_200,600 mg as a film-coated tablet,Oral,"Oral  
Pharmacologic 
Category 
• 
Pharmacologic category: Antiretroviral, Reverse Transcriptase 
Inhibitor, Non-nucleoside (Anti-HIV) (NNRTIs) 
•",other,,False,false,egypt_respiratory_formulary_2026.pdf,24,True
Etravirine,Tablets 100 mg or 200 mg,tablet,100 mg or 200 mg,Oral,"Oral  
Pharmacologic 
Category 
• 
Antiretroviral, Reverse Transcriptase Inhibitor, Non-nucleoside (Anti-
HIV) (NNRTI) 
•",solid_oral,,False,false,egypt_respiratory_formulary_2026.pdf,29,True
Nevirapine,Suspension: 50mg/5ml,oral_suspension,50mg/5ml,Oral,"Oral 
Pharmacologic 
Category 
Antiretroviral, Reverse Transcriptase Inhibitor, Non-nucleoside (Anti-HIV) 
ATC: J05AG01 
Indications 
•",oral_liquid,,False,needs_review,egypt_respiratory_formulary_2026.pdf,33,True
Lopinavir/Ritonavir,"Tablets: 200/50 mg, 100/25 mg",tablet,"200/50 mg, 100/25 mg",Oral,"Oral 
Pharmacologic 
Category 
• 
Antiretroviral, Protease Inhibitor (Anti-HIV) 
• 
ATC: J05AR10",solid_oral,,False,false,egypt_respiratory_formulary_2026.pdf,35,True
Lopinavir/Ritonavir,Pellets or granules: 40/10 mg,granules,40/10 mg,Oral,"Oral 
Pharmacologic 
Category 
• 
Antiretroviral, Protease Inhibitor (Anti-HIV) 
• 
ATC: J05AR10",solid_oral,,False,false,egypt_respiratory_formulary_2026.pdf,35,True
Cabotegravir,Intramuscular Injection:  Apretude: 600 mg/3 mL (3 mL),injection,Apretude: 600 mg/3 mL (3 mL),Oral/injection,"Oral/injection 
Pharmacologic 
Category 
• Antiretroviral, Integrase Inhibitor (Anti-HIV). 
• ATC classification: J05AJ04. 
Indications 
Cabotegravir is indicated, in combination with safer sex practices or in",injection,,False,needs_review,egypt_respiratory_formulary_2026.pdf,40,True
Cabotegravir,"Tablet, Oral: Apretude: 30 mg, Vocabria: 30 mg",tablet,"Apretude: 30 mg, Vocabria: 30 mg",Oral/injection,"Oral/injection 
Pharmacologic 
Category 
• Antiretroviral, Integrase Inhibitor (Anti-HIV). 
• ATC classification: J05AJ04. 
Indications 
Cabotegravir is indicated, in combination with safer sex practices or in",solid_oral,,False,false,egypt_respiratory_formulary_2026.pdf,40,True
Dolutegravir,"Film Coated Tablets: 50 mg, 10mg",tablet,"50 mg, 10mg",Oral,"Oral 
Pharmacologic 
Category 
Antiretroviral, Integrase Inhibitor (Anti-HIV) 
ATC:  J05AJ03  
Indications 
Treatment of HIV-1 infection in combination with other antiretroviral agents",solid_oral,,False,false,egypt_respiratory_formulary_2026.pdf,44,True
Raltegravir,"Tablet 400 mg, 25 mg",tablet,"400 mg, 25 mg",Oral,"Oral 
Pharmacologic 
Category 
Antiretroviral, Integrase Inhibitor (Anti-HIV) 
ATC: J05AJ01 
Indications 
Treatment of HIV-1 infection in combination with other antiretroviral agent’s",solid_oral,,False,false,egypt_respiratory_formulary_2026.pdf,47,True
Abacavir and Lamivudine,Tablet: Abacavir and Lamivudine 600 mg/300 mg (was in the EDA drug database but cancelled),tablet,Abacavir and Lamivudine 600 mg/300 mg (was in the EDA drug database but cancelled),Oral,"Oral  
Pharmacologic 
Category 
• 
Antiretroviral, Reverse Transcriptase Inhibitor, Nucleoside (Anti-HIV) 
• 
(ATC) Classification: J05AR02",solid_oral,,False,false,egypt_respiratory_formulary_2026.pdf,49,True
Abacavir and Lamivudine,"Tablets for oral suspension: Abacavir and lamivudine 60 mg/30 mg, 120",tablet,"Abacavir and lamivudine 60 mg/30 mg, 120",Oral,"Oral  
Pharmacologic 
Category 
• 
Antiretroviral, Reverse Transcriptase Inhibitor, Nucleoside (Anti-HIV) 
• 
(ATC) Classification: J05AR02",solid_oral,,False,false,egypt_respiratory_formulary_2026.pdf,49,True
Abacavir and Lamivudine,mg/60 mg,mg_60_mg,,Oral,"Oral  
Pharmacologic 
Category 
• 
Antiretroviral, Reverse Transcriptase Inhibitor, Nucleoside (Anti-HIV) 
• 
(ATC) Classification: J05AR02",other,,False,false,egypt_respiratory_formulary_2026.pdf,49,True
Emtricitabine; tenofovir disoproxil,Emtricitabine 200 mg; tenofovir disoproxil fumarate 300 mg equivalent to 245,tablet,200 mg; tenofovir disoproxil fumarate 300 mg equivalent to 245,Oral,"Oral  
Pharmacologic 
Category 
Pharmacologic category 
Antiretroviral, Reverse Transcriptase Inhibitor, Nucleoside (Anti-HIV);  
ATC Classification: J05AR03 
Indications",solid_oral,,False,false,egypt_respiratory_formulary_2026.pdf,53,True
Emtricitabine; tenofovir disoproxil,mg tenofovir disoproxil (film-coated tablet),tablet,,Oral,"Oral  
Pharmacologic 
Category 
Pharmacologic category 
Antiretroviral, Reverse Transcriptase Inhibitor, Nucleoside (Anti-HIV);  
ATC Classification: J05AR03 
Indications",solid_oral,,False,false,egypt_respiratory_formulary_2026.pdf,53,True
Lamivudine/Zidovudine,Film-coated tablet: Lamivudine/Zidovudine 150 mg/300 mg,tablet,Lamivudine/Zidovudine 150 mg/300 mg,Oral,"Oral 
Pharmacologic 
Category 
• 
Antiretroviral, Reverse Transcriptase Inhibitor, Nucleoside (Anti-HIV) 
• 
ATC classification: J05AR01",solid_oral,,False,false,egypt_respiratory_formulary_2026.pdf,57,True
"Tenofovir Disoproxil, Lamivudine, and Efavirenz",Efavirenz (EFV) 600 mg/ lamivudine (3TC) 300 mg/tenofovir disoproxil,efavirenz_efv,600 mg/ lamivudine (3TC) 300 mg/tenofovir disoproxil,Oral,"Oral  
Pharmacologic 
Category 
• 
Pharmacologic category: Antiviral for systemic use; antivirals for 
treatment of HIV infections, combinations, Antiretroviral (efavirenz 
(EFV), a non-nucleoside reverse transcriptase inhibitor, and lamivudine",other,,False,false,egypt_respiratory_formulary_2026.pdf,60,True
"Tenofovir Disoproxil, Lamivudine, and Efavirenz",fumarate (TDF) 300 mg (equivalent to 245 mg of tenofovir disoproxil),fumarate_tdf,300 mg (equivalent to 245 mg of tenofovir disoproxil),Oral,"Oral  
Pharmacologic 
Category 
• 
Pharmacologic category: Antiviral for systemic use; antivirals for 
treatment of HIV infections, combinations, Antiretroviral (efavirenz 
(EFV), a non-nucleoside reverse transcriptase inhibitor, and lamivudine",other,,False,false,egypt_respiratory_formulary_2026.pdf,60,True
"Tenofovir Disoproxil, Lamivudine, and Efavirenz",tablet,tablet,,Oral,"Oral  
Pharmacologic 
Category 
• 
Pharmacologic category: Antiviral for systemic use; antivirals for 
treatment of HIV infections, combinations, Antiretroviral (efavirenz 
(EFV), a non-nucleoside reverse transcriptase inhibitor, and lamivudine",solid_oral,,False,false,egypt_respiratory_formulary_2026.pdf,60,True
"Tenofovir Disoproxil, Lamivudine, and Efavirenz",Efavirenz 400 mg/lamivudine 300 mg/ tenofovir disoproxil fumarate 300,efavirenz,400 mg/lamivudine 300 mg/ tenofovir disoproxil fumarate 300,Oral,"Oral  
Pharmacologic 
Category 
• 
Pharmacologic category: Antiviral for systemic use; antivirals for 
treatment of HIV infections, combinations, Antiretroviral (efavirenz 
(EFV), a non-nucleoside reverse transcriptase inhibitor, and lamivudine",other,,False,false,egypt_respiratory_formulary_2026.pdf,60,True
"Tenofovir Disoproxil, Lamivudine, and Efavirenz",mg (equivalent to 245 mg of tenofovir disoproxil) tablet,mg_equivalent_to,245 mg of tenofovir disoproxil) tablet,Oral,"Oral  
Pharmacologic 
Category 
• 
Pharmacologic category: Antiviral for systemic use; antivirals for 
treatment of HIV infections, combinations, Antiretroviral (efavirenz 
(EFV), a non-nucleoside reverse transcriptase inhibitor, and lamivudine",other,,False,false,egypt_respiratory_formulary_2026.pdf,60,True
Dasatinib,"Tablet: 50 mg, 70mg, 140mg",tablet,"50 mg, 70mg, 140mg",Oral,"Oral 
Pharmacologic 
Category 
Antineoplastic Agent, BCR-ABL Tyrosine Kinase Inhibitor. 
ATC code: L01EA02. 
Indications",solid_oral,,False,false,egypt_targeted_anticancer_formulary_2025.pdf,14,True
Imatinib,Tablets: 100 mg and 400 mg,tablet,100 mg and 400 mg,Oral,"Oral 
Pharmacologic 
Category 
Antineoplastic Agent, BCR-ABL Tyrosine Kinase Inhibitor 
ATC Code: L01EA01 
Indications",solid_oral,,False,false,egypt_targeted_anticancer_formulary_2025.pdf,21,True
Imatinib,Capsules: 100 mg and 400 mg,capsule,100 mg and 400 mg,Oral,"Oral 
Pharmacologic 
Category 
Antineoplastic Agent, BCR-ABL Tyrosine Kinase Inhibitor 
ATC Code: L01EA01 
Indications",solid_oral,,False,false,egypt_targeted_anticancer_formulary_2025.pdf,21,True
Nilotinib,"Capsules: 150mg, 200mg",capsule,"150mg, 200mg",Oral,"Oral 
Pharmacologic 
Category 
Antineoplastic Agent, BCR-ABL Tyrosine Kinase Inhibitor. 
ATC: L01EA03 
Indications",solid_oral,,False,false,egypt_targeted_anticancer_formulary_2025.pdf,30,True
Ibrutinib,Capsules: 140 mg,capsule,140 mg,Oral,"Oral 
Pharmacologic 
Category 
Antineoplastic Agent, Tyrosine Kinase Inhibitor. 
ATC Code: L01EL01. 
Indications",solid_oral,,False,false,egypt_targeted_anticancer_formulary_2025.pdf,38,True
Abemaciclib,"Tablet: 50 mg, 100 mg, 150 mg, 200 mg",tablet,"50 mg, 100 mg, 150 mg, 200 mg",Oral,"Oral  
 
Pharmacologic 
Category 
Antineoplastic Agent, Cyclin-Dependent Kinase Inhibitor. 
ATC Code: L01EF03. 
Indications",solid_oral,,False,false,egypt_targeted_anticancer_formulary_2025.pdf,44,True
Ribociclib,Tablets: 200 mg,tablet,200 mg,Oral,"Oral 
Pharmacologic 
Category 
Antineoplastic Agent, Cyclin-Dependent Kinase Inhibitor 
ATC: L01EF02 
Indications",solid_oral,,False,false,egypt_targeted_anticancer_formulary_2025.pdf,50,True
Erlotinib,"Tablet: 100 mg, 150 mg",tablet,"100 mg, 150 mg",Oral,"Oral 
Pharmacologic 
Category 
Epidermal Growth Factor Receptor (EGFR) Inhibitor; Tyrosine Kinase Inhibitor, 
Antineoplastic Agent 
ATC: L01EB02 
Indications",solid_oral,,False,false,egypt_targeted_anticancer_formulary_2025.pdf,56,True
Gefitinib,Tablets: 250 mg,tablet,250 mg,Oral,"Oral 
Pharmacologic 
Category 
Antineoplastic Agent, Epidermal Growth Factor Receptor (EGFR) Inhibitor; Tyrosine 
Kinase Inhibitor. 
ATC Code: L01EB01. 
Indications",solid_oral,,False,false,egypt_targeted_anticancer_formulary_2025.pdf,61,True
Lapatinib,Tablets: 250 mg,tablet,250 mg,Oral,"Oral 
Pharmacologic 
Category 
Antineoplastic Agent, Anti-HER2; Epidermal Growth Factor Receptor (EGFR) 
Inhibitor, Tyrosine Kinase Inhibitor. 
ATC Code: L01EH01. 
Indications",solid_oral,,False,false,egypt_targeted_anticancer_formulary_2025.pdf,65,True
Everolimus,"Tablets: 0.25 mg, 0.75 mg, 5 mg, 10 mg",tablet,"0.25 mg, 0.75 mg, 5 mg, 10 mg",Oral,"Oral  
Pharmacologic 
Category 
Antineoplastic Agent, Immunosuppressant Agent; mTOR Kinase Inhibitor 
ATC: L01EG02, L04AH02  
Indications",solid_oral,,False,false,egypt_targeted_anticancer_formulary_2025.pdf,70,True
Sorafenib,"Tablets: 200 mg, 400 mg",tablet,"200 mg, 400 mg",Oral,"Oral 
Pharmacologic 
Category 
Antineoplastic Agent, Tyrosine Kinase Inhibitor; Vascular Endothelial 
Growth Factor (VEGF) Inhibitor. 
ATC Code: L01EX02. 
Indications",solid_oral,,False,false,egypt_targeted_anticancer_formulary_2025.pdf,81,True
Sunitinib,"Capsules: 12.5mg, 25mg, 37.5 mg, 50mg",capsule,"12.5mg, 25mg, 37.5 mg, 50mg",Oral,"Oral 
Pharmacologic 
Category 
Antineoplastic Agent, BCR-ABL Tyrosine Kinase Inhibitor, Vascular endothelial 
growth factor (VEGF) inhibitor. 
ATC: L01EX01  
Indications",solid_oral,,False,false,egypt_targeted_anticancer_formulary_2025.pdf,87,True
Rituximab,"Solution for injection: 100 mg/10 mL, 500 mg/50 mL",injection,"100 mg/10 mL, 500 mg/50 mL","IV, SC","IV, SC 
Pharmacologic 
Category 
Antineoplastic 
Agent, 
Anti-CD20, Monoclonal 
Antibody, Antirheumatic,",injection,,False,needs_review,egypt_targeted_anticancer_formulary_2025.pdf,96,True
Rituximab,Solution for S.C injection:  1400 mg/ 11.7 ml,injection,1400 mg/ 11.7 ml,"IV, SC","IV, SC 
Pharmacologic 
Category 
Antineoplastic 
Agent, 
Anti-CD20, Monoclonal 
Antibody, Antirheumatic,",injection,,False,needs_review,egypt_targeted_anticancer_formulary_2025.pdf,96,True
Cetuximab,Solution for Infusion: 100mg (5 mg/ml),iv_infusion,100mg (5 mg/ml),IV,"IV 
Pharmacologic 
Category 
Antineoplastic Agent, Epidermal Growth Factor Receptor (EGFR) Inhibitor, 
Monoclonal Antibody. 
ATC: L01FE01 
Indications",injection,,False,needs_review,egypt_targeted_anticancer_formulary_2025.pdf,104,True
Pertuzumab,Concentrate Solution for IV Infusion: 420 mg. Solution for subcutaneous,iv_infusion,420 mg. Solution for subcutaneous,"IV, SC","IV, SC 
Pharmacologic 
Category 
Antineoplastic Agent, Anti-HER2, Monoclonal Antibody 
Pertuzumab: ATC: L01FD02. 
Pertuzumab and trastuzumab: ATC: L01FY01. 
Indications",injection,,False,needs_review,egypt_targeted_anticancer_formulary_2025.pdf,108,True
Pertuzumab,injection: 1200,injection,1200,"IV, SC","IV, SC 
Pharmacologic 
Category 
Antineoplastic Agent, Anti-HER2, Monoclonal Antibody 
Pertuzumab: ATC: L01FD02. 
Pertuzumab and trastuzumab: ATC: L01FY01. 
Indications",injection,,False,needs_review,egypt_targeted_anticancer_formulary_2025.pdf,108,True
Pertuzumab,mg pertuzumab/600,mg_pertuzumab_600,,"IV, SC","IV, SC 
Pharmacologic 
Category 
Antineoplastic Agent, Anti-HER2, Monoclonal Antibody 
Pertuzumab: ATC: L01FD02. 
Pertuzumab and trastuzumab: ATC: L01FY01. 
Indications",injection,,False,needs_review,egypt_targeted_anticancer_formulary_2025.pdf,108,True
Pertuzumab,"mg trastuzumab/Hyaluronidase 30000 units, 600",mg_trastuzumab_hyaluronidase,"30000 units, 600","IV, SC","IV, SC 
Pharmacologic 
Category 
Antineoplastic Agent, Anti-HER2, Monoclonal Antibody 
Pertuzumab: ATC: L01FD02. 
Pertuzumab and trastuzumab: ATC: L01FY01. 
Indications",injection,,False,needs_review,egypt_targeted_anticancer_formulary_2025.pdf,108,True
Pertuzumab,mg,mg,,"IV, SC","IV, SC 
Pharmacologic 
Category 
Antineoplastic Agent, Anti-HER2, Monoclonal Antibody 
Pertuzumab: ATC: L01FD02. 
Pertuzumab and trastuzumab: ATC: L01FY01. 
Indications",injection,,False,needs_review,egypt_targeted_anticancer_formulary_2025.pdf,108,True
Pertuzumab,trastuzumab/Hyaluronidase 20000 units,trastuzumab_hyaluronidase,20000 units,"IV, SC","IV, SC 
Pharmacologic 
Category 
Antineoplastic Agent, Anti-HER2, Monoclonal Antibody 
Pertuzumab: ATC: L01FD02. 
Pertuzumab and trastuzumab: ATC: L01FY01. 
Indications",injection,,False,needs_review,egypt_targeted_anticancer_formulary_2025.pdf,108,True
Trastuzumab,"Powder for IV Infusion: 150 mg, 440 mg",iv_infusion,"150 mg, 440 mg","IV, SC","IV, SC  
Pharmacologic 
Category 
 
Antineoplastic Agent, Anti-HER2; Monoclonal Antibody 
Trastuzumab: L01FD01             
Indications",injection,,False,needs_review,egypt_targeted_anticancer_formulary_2025.pdf,113,True
Trastuzumab,Solution for SC injection: 600 mg,injection,600 mg,"IV, SC","IV, SC  
Pharmacologic 
Category 
 
Antineoplastic Agent, Anti-HER2; Monoclonal Antibody 
Trastuzumab: L01FD01             
Indications",injection,,False,needs_review,egypt_targeted_anticancer_formulary_2025.pdf,113,True
Nivolumab,"Solution for IV infusion: 40mg/4 ml, 100mg/ 10ml",iv_infusion,"40mg/4 ml, 100mg/ 10ml",IV,"IV 
Pharmacologic 
Category 
Anti-PD-1 Monoclonal Antibody, Immune Checkpoint Inhibitor, Antineoplastic Agent. 
ATC Code: L01FF01 
Indications",injection,,False,needs_review,egypt_targeted_anticancer_formulary_2025.pdf,118,True
Bevacizumab,"Concentrate Solution for Infusion: 100 mg/4mL, 400 mg/16mL",iv_infusion,"100 mg/4mL, 400 mg/16mL",IV,"IV  
Pharmacologic 
Category 
Antineoplastic Agent, Monoclonal Antibody; Vascular Endothelial Growth Factor 
(VEGF) Inhibitor. 
ATC Code: L01FG01 
Indications",injection,,False,needs_review,egypt_targeted_anticancer_formulary_2025.pdf,127,True
Bortezomib,Powder for solution for SC / IV injection: 3.5 mg,injection,3.5 mg,SC / IV,"SC / IV 
Pharmacologic 
Category 
Antineoplastic Agent, Proteasome Inhibitor  
ATC: L01XG01  
Indications 
Treatment of adult patients with",injection,,False,needs_review,egypt_targeted_anticancer_formulary_2025.pdf,136,True
Bortezomib,Solution for injection: 3.5 mg,injection,3.5 mg,SC / IV,"SC / IV 
Pharmacologic 
Category 
Antineoplastic Agent, Proteasome Inhibitor  
ATC: L01XG01  
Indications 
Treatment of adult patients with",injection,,False,needs_review,egypt_targeted_anticancer_formulary_2025.pdf,136,True
Denosumab,"Prefilled syringe for injection: 60 mg, 120mg",injection,"60 mg, 120mg",SC,"SC 
Pharmacologic 
Category 
Bone-Modifying Agent; RANK ligand (RANKL) inhibitor, Monoclonal Antibody. 
ATC: M05BX04 
Indications 
120 mg",injection,,False,needs_review,egypt_targeted_anticancer_formulary_2025.pdf,145,True
tablets,"Short term treatment of reflux symptoms (e.g. heart burn ,acid",short_term_treatment_of_reflux_symptoms_e_g_heart_burn_acid,,Topical,,otic,,False,needs_review,egypt_otc_drug_list_2026.pdf,1,True
tablets,Indicated in adults for short term treatment of symptoms (e.g,indicated_in_adults_for_short_term_treatment_of_symptoms_e_g,,Topical,,other,,False,false,egypt_otc_drug_list_2026.pdf,1,True
Symptomatic Gastroesophageal reflux disease in adults ≥ 18,years of age,years_of_age,,Topical,,otic,,False,needs_review,egypt_otc_drug_list_2026.pdf,1,True
Pantoprazole sesquihydrate 22.55 Gastro-resistant enteric,coated tablets,tablet,,Oral,,solid_oral,,False,false,egypt_otc_drug_list_2026.pdf,1,True
Symptomatic gastro-esophageal reflux disease in adults.,-ة ﻻرتجاع المريء المعدي الناتجة عن ارتجاع الحمضᘘعﻼج اﻷعراض المصاح,ة_ﻻرتجاع_المريء_المعدي_الناتجة_عن_ارتجاع_الحمضᘘعﻼج_اﻷعراض_المصاح,,Topical,,other,,False,false,egypt_otc_drug_list_2026.pdf,1,True
Treatment of symptoms associated with mild reflux disease,"(heartburn, acid regurgitation, pain on swallowing) in adults ≥",heartburn_acid_regurgitation_pain_on_swallowing_in_adults,,Topical,,otic,,False,needs_review,egypt_otc_drug_list_2026.pdf,1,True
"Carton box contains 2 (Al / Al) strips, each of 7 enteric coated",tablets with insert leaflet,tablet,,Oral,,solid_oral,,False,false,egypt_otc_drug_list_2026.pdf,1,True
Symptomatic Treatment of Heartburn and acid regurgitation in,gastroesophageal reflux disease in adults  ᡽ᣎᗫᖁمرض اﻻرتجاع الم,gastroesophageal_reflux_disease_in_adults_ᣎᗫᖁمرض_اﻻرتجاع_الم,,Topical,,other,,False,false,egypt_otc_drug_list_2026.pdf,1,True
Hard Gelatin Capsules,containing enteric,containing_enteric,,Topical,,other,,False,false,egypt_otc_drug_list_2026.pdf,1,True
For Symptomatic Treatment of heartburn and acid,regurgitation in gastro-oesophageal reflux disease in adults ≥,regurgitation_in_gastro_oesophageal_reflux_disease_in_adults,,Topical,,other,,False,false,egypt_otc_drug_list_2026.pdf,1,True
Carton box contains one silica desiccant in LDPE capsule and 14,capsules in transparent amber brown type III glass bottle with,capsule,,Oral,,solid_oral,,False,false,egypt_otc_drug_list_2026.pdf,1,True
Relief of heartburn and other symptoms associated with Gasto-,Oesophageal Reflux Disease(GORD) in adults,oesophageal_reflux_disease_gord_in_adults,,Topical,,other,,False,false,egypt_otc_drug_list_2026.pdf,1,True
Treatment of symptomatic Gastro-Oesophageal Reflux Disease,in adults,in_adults,,Topical,,other,,False,false,egypt_otc_drug_list_2026.pdf,1,True
Treatment of symptomatic gastro-oesophageal reflux disease in,adults,adults,,Topical,,other,,False,false,egypt_otc_drug_list_2026.pdf,1,True
Pharmaceutical Care Central Administration,General Administration for Drug Utilization and,general_administration_for_drug_utilization_and,,Topical,,other,,False,false,egypt_otc_drug_list_2026.pdf,1,True
Hard gelatin capsules,containing enteric,containing_enteric,,Topical,,other,,False,false,egypt_otc_drug_list_2026.pdf,2,True
Treatment of symptomatic gastro-oesophageal reflux disease in,adults,adults,,Topical,,other,,False,false,egypt_otc_drug_list_2026.pdf,2,True
Gastroesophageal reflux disease‟ (GERD). This is where acid,from the stomach escapes into the gullet (the tube which,capsule,,Oral,,solid_oral,,False,false,egypt_otc_drug_list_2026.pdf,2,True
Esomeprazole Magnesium Trihydra Enteric Coated,Granules for delayed,granules,,Topical,,solid_oral,,False,false,egypt_otc_drug_list_2026.pdf,2,True
For short treatment of heart burn and other symptoms,"associated with GERD in adults: Pack of 7,10  or 14 free (Polyester /Al /LD Polyethylene ) from",associated_with_gerd_in_adults,"Pack of 7,10  or 14 free (Polyester /Al /LD Polyethylene ) from",Topical,,other,,False,false,egypt_otc_drug_list_2026.pdf,2,True
Short term treatment of heartburn and other symptoms and,other symptoms associated with GERD in adults: Carton box contains 14 Aluminum sachets composed of 3 layers,other_symptoms_associated_with_gerd_in_adults,Carton box contains 14 Aluminum sachets composed of 3 layers,Topical,,other,,False,false,egypt_otc_drug_list_2026.pdf,2,True
Indicated where reduction of gastric acid secretion is required,in non-erosive reflux disease (i.e. heartburn and regurgitation): in adults (18 years of age and over),in_non_erosive_reflux_disease_i_e_heartburn_and_regurgitation,in adults (18 years of age and over),Topical,,otic,,False,needs_review,egypt_otc_drug_list_2026.pdf,2,True
Famotidine/Calcium Carbonate/M Chewable Tablets,10 mg /800 mg /165 mg,10_mg_800_mg_165_mg,,Topical,,other,,False,false,egypt_otc_drug_list_2026.pdf,2,True
Potassium Bicarbonate /Sodium AlOral suspension,100 mg/500 mg,100_mg_500_mg,,Topical,,other,,False,false,egypt_otc_drug_list_2026.pdf,2,True
Magaldrate (Anhydrous)    /SimethOral suspension,0.54 gm/0.04 gm /5 ml,0_54_gm_0_04_gm_5_ml,,Topical,,other,,False,false,egypt_otc_drug_list_2026.pdf,2,True
Carton box containing amber brown plastic (PET) bottle containing,100 ml suspension with HDPE plastic cap with insert leaflet,capsule,,Oral,,solid_oral,,False,false,egypt_otc_drug_list_2026.pdf,2,True
Calcium Carbonate /Simethicone  / Chewable Tablets,680 mg/25 mg /80 mg,680_mg_25_mg_80_mg,,Topical,,other,,False,false,egypt_otc_drug_list_2026.pdf,2,True
540 mg /5 ml,As in insert leaflet in adults and children aged 12 years and over Printed box containing brown plastic (PET) bottle of 100 ml or 200,as_in_insert_leaflet_in_adults_and_children_aged_12_years_and_over_printed_box_containing_brown_plastic_pet_bottle_of,100 ml or 200,Topical,,otic,,False,needs_review,egypt_otc_drug_list_2026.pdf,2,True
Dried Aluminum Hydroxide Gel /M Oral suspension,525 mg / 600 mg / 5 ml: As in insert leaflet in adults and adolescents over 15 years of,525_mg_600_mg_5_ml,As in insert leaflet in adults and adolescents over 15 years of,Topical,,other,,False,false,egypt_otc_drug_list_2026.pdf,2,True
Aluminum Hydroxide 460 mg equivOral suspension,460 mg / 400 mg / 4.3 ml,460_mg_400_mg_4_3_ml,,Topical,,other,,False,false,egypt_otc_drug_list_2026.pdf,2,True
Magnesium Hydroxide /AluminiumOral suspension,4 gm /3.5 gm / 100 ml,4_gm_3_5_gm_100_ml,,Topical,,other,,False,false,egypt_otc_drug_list_2026.pdf,3,True
Aluminum Hydroxide 175 mg equivOral suspension,175 mg / 25 mg / 200 mg /,175_mg_25_mg_200_mg,,Topical,,other,,False,false,egypt_otc_drug_list_2026.pdf,3,True
"Symptomatic relief of dyspepsia, heartburn and flatulence in",adults ≥ 18 years of age,adults_18_years_of_age,,Topical,,otic,,False,needs_review,egypt_otc_drug_list_2026.pdf,3,True
Calcium Carbonate / Heavy Magne Chewable Tablets,680 mg /80 mg,680_mg_80_mg,,Topical,,other,,False,false,egypt_otc_drug_list_2026.pdf,3,True
Sodium Alginate /Sodium Hydroge Oral suspension in bottle500 mg/213 mg/325 mg / 10As in insert leaflet in adults and children 12 years and over,Amber glass type III bottle containing 150 ml suspension with,amber_glass_type_iii_bottle_containing,150 ml suspension with,Topical,,other,,False,false,egypt_otc_drug_list_2026.pdf,3,True
Oral Suspension in sachet500 mg/213 mg/325 mg,"As in insert leaflet in adults and children 12 years and over: Carton box containing 2, 6, 12, 24 and 36 units dose stick pack style",as_in_insert_leaflet_in_adults_and_children_12_years_and_over,"Carton box containing 2, 6, 12, 24 and 36 units dose stick pack style",Topical,,otic,,False,needs_review,egypt_otc_drug_list_2026.pdf,3,True
Syrup,1.0976 gm ( Eq. to Zinc: 400 mg )/100 ml syrup,1_0976_gm_eq_to_zinc,400 mg )/100 ml syrup,Topical,,other,,False,false,egypt_otc_drug_list_2026.pdf,3,True
Loperamide Hydrochloride  /Simet Tablets,2 mg/125 mg Tablets: As in insert leaflet in adults and adolescents over 12 years of,tablet,As in insert leaflet in adults and adolescents over 12 years of,Oral,,solid_oral,,False,false,egypt_otc_drug_list_2026.pdf,3,True
Treatment of sudden short lived (acute) attacks of diarrhea in,"adults and children aged 12 years and over: Carton box contains (AL/AL) blister of 6 tablets , consisting of a seal",adults_and_children_aged_12_years_and_over,"Carton box contains (AL/AL) blister of 6 tablets , consisting of a seal",Topical,,otic,,False,needs_review,egypt_otc_drug_list_2026.pdf,3,True
"Symptomatic Treatment of acute diarrhea in adults, as a","supplement to dietary measures: Carton box containing 1 (AL / PVC / PVDC) blisters , each of 10 film",supplement_to_dietary_measures,"Carton box containing 1 (AL / PVC / PVDC) blisters , each of 10 film",Topical,,other,,False,false,egypt_otc_drug_list_2026.pdf,3,True
Symptomatic Treatment of acute diarrhea in adults,Carton box containing one (Al / Transparent colorless PVC) blister: of 10 capsules and an insert leaflet,carton_box_containing_one_al_transparent_colorless_pvc_blister,of 10 capsules and an insert leaflet,Topical,,other,,False,false,egypt_otc_drug_list_2026.pdf,3,True
13.125 gm/0.1785,gm/0.3507 gm/ 0.0466: gm/13.8 gm,gm_0_3507_gm_0_0466,gm/13.8 gm,Topical,,other,,False,false,egypt_otc_drug_list_2026.pdf,4,True
Macrogol 3350 / Sodium Chloride / Sachet Powder for oral,solution in sachets: 6.563 gm /175.4 mg /  89.3,solution_in_sachets,6.563 gm /175.4 mg /  89.3,Topical,,other,,False,false,egypt_otc_drug_list_2026.pdf,4,True
"Carton box containing 30 sachets, each of 6.9 gm powder made of",laminate consisting of four layers (paper/LDPE/AL foil/LDPE) with,laminate_consisting_of_four_layers_paper_ldpe_al_foil_ldpe_with,,Topical,,other,,False,false,egypt_otc_drug_list_2026.pdf,4,True
Sodium Picosulfate,112.5 mg / 15 ml: 112.5 mg / 15 ml,112_5_mg_15_ml,112.5 mg / 15 ml,Topical,,other,,False,false,egypt_otc_drug_list_2026.pdf,4,True
Carton box containing opaque (low density polyethylene ) bottle of,15 ml or 30 ml with dropper screw cap and an inner leaflet,capsule,,Oral,,solid_oral,,False,false,egypt_otc_drug_list_2026.pdf,4,True
Short term treatment of constipation whenever stimulant,laxative is required in children aged 4 to 10 years of age: Carton box containing 1 or 2 (opaque milky PVC / PE) rotoplast,laxative_is_required_in_children_aged_4_to_10_years_of_age,Carton box containing 1 or 2 (opaque milky PVC / PE) rotoplast,Topical,,otic,,False,needs_review,egypt_otc_drug_list_2026.pdf,4,True
Short term treatment of constipation whenever stimulant,laxative is required in adults and children over 10 years of age: Carton box containing 1 or 2 (opaque milky PVC / LDPE) rotoplast,laxative_is_required_in_adults_and_children_over_10_years_of_age,Carton box containing 1 or 2 (opaque milky PVC / LDPE) rotoplast,Topical,,otic,,False,needs_review,egypt_otc_drug_list_2026.pdf,4,True
As in insert leaflet in adults ≥ 18 years of age,Carton box containing 1 or 3 (AL/Transparent PVC) Strips each of 10,carton_box_containing_1_or_3_al_transparent_pvc_strips_each_of_10,,Topical,,other,,False,false,egypt_otc_drug_list_2026.pdf,4,True
Syrup,667 gm / L,667_gm_l,,Topical,,other,,False,false,egypt_otc_drug_list_2026.pdf,4,True
67 g / 100 ml,"Treatment of chronic constipation in adults, adolescents",treatment_of_chronic_constipation_in_adults_adolescents,,Topical,,other,,False,false,egypt_otc_drug_list_2026.pdf,4,True
Plantago Ovata seed (Plantago Ova Granules in sachets,2.6 gm/0.11 gm/0.34 -: 0.66 gm,2_6_gm_0_11_gm_0_34,0.66 gm,Topical,,other,,False,false,egypt_otc_drug_list_2026.pdf,4,True
Ispaghula Seed Powder/Tinnevelly Granules in sachets,2.6 gm /500 mg/110 mg: As in insert leaflet in adults and children over 12 years of age,2_6_gm_500_mg_110_mg,As in insert leaflet in adults and children over 12 years of age,Topical,,other,,False,false,egypt_otc_drug_list_2026.pdf,4,True
Senna folium/Rhei radix / Wood Ch Tablets,150 mg / 13.75 mg -24.75: mg / 180 mg / 50 mg,150_mg_13_75_mg_24_75,mg / 180 mg / 50 mg,Topical,,other,,False,false,egypt_otc_drug_list_2026.pdf,4,True
110 mg/2600 mg/500 mg,For short term use in cases of occasional constipation in adults: and children over 12 years of age,for_short_term_use_in_cases_of_occasional_constipation_in_adults,and children over 12 years of age,Topical,,other,,False,false,egypt_otc_drug_list_2026.pdf,4,True
Sodium Citrate /Sodium Lauryl Sulf Solution Enema,450 mg / 45 mg /5 ml,450_mg_45_mg_5_ml,,Topical,,other,,False,false,egypt_otc_drug_list_2026.pdf,4,True
Carton box contains 4 single dose white (LDPE) plastic tube with,white (LDPE) plastic nozzle each containing 5 ml rectal solution with,white_ldpe_plastic_nozzle_each_containing,5 ml rectal solution with,Topical,,other,,False,false,egypt_otc_drug_list_2026.pdf,4,True
1.4 gm,For occasional use as a stimulant laxative used for treatment of: constipation in adults and children over 12 years of age,for_occasional_use_as_a_stimulant_laxative_used_for_treatment_of,constipation in adults and children over 12 years of age,Topical,,other,,False,false,egypt_otc_drug_list_2026.pdf,5,True
0.7 gm,For occasional use as a stimulant laxative used for treatment of,for_occasional_use_as_a_stimulant_laxative_used_for_treatment_of,,Topical,,other,,False,false,egypt_otc_drug_list_2026.pdf,5,True
1.47 g,For occasional use as stimulant laxative for the treatment of,for_occasional_use_as_stimulant_laxative_for_the_treatment_of,,Topical,,other,,False,false,egypt_otc_drug_list_2026.pdf,5,True
0.7359 g,For occasional use as stimulant laxative for the treatment of,for_occasional_use_as_stimulant_laxative_for_the_treatment_of,,Topical,,other,,False,false,egypt_otc_drug_list_2026.pdf,5,True
20 mg / 5 ml,For gentle reliable relief from occasional constipation in adults: and pediatric 6 years of age and over,for_gentle_reliable_relief_from_occasional_constipation_in_adults,and pediatric 6 years of age and over,Topical,,other,,False,false,egypt_otc_drug_list_2026.pdf,5,True
Mebeverine HCL  / Dimethicone      Film Coated Tablets,135 mg/40 mg: As in insert leaflet in adults and children over 18 years of age,135_mg_40_mg,As in insert leaflet in adults and children over 18 years of age,Topical,,other,,False,false,egypt_otc_drug_list_2026.pdf,5,True
Mebeverine  Hydrochloride,Modified release,modified_release,,Topical,,other,,False,false,egypt_otc_drug_list_2026.pdf,5,True
"Symptomatic treatment of abdominal pain and cramps ,bowel",disturbances and intestinal discomfort related to irritable: bowel syndrome in adults and children over 12 years of age,tablet,bowel syndrome in adults and children over 12 years of age,Oral,,solid_oral,,False,false,egypt_otc_drug_list_2026.pdf,5,True
As in insert leaflet in adults ≥ 18 years of age,"Carton box contains 1,2 or 3 (Al / Transparent PVC) strips, each of: 10 tablets and an inner leaflet",carton_box_contains_1_2_or_3_al_transparent_pvc_strips_each_of,10 tablets and an inner leaflet,Topical,,other,,False,false,egypt_otc_drug_list_2026.pdf,5,True
Otilonium Bromide,Film Coated Tablets,tablet,,Oral,,solid_oral,,False,false,egypt_otc_drug_list_2026.pdf,5,True
As in insert leaflet in adults ≥ 18 years of age,"Carton box contains 2 ( Al / white opaque PVC) strips , each of 10",carton_box_contains_2_al_white_opaque_pvc_strips_each_of_10,,Topical,,other,,False,false,egypt_otc_drug_list_2026.pdf,5,True
60 mg/300 mg,"As in insert leaflet in patients ≥ 18 years of age: Carton box containing 1,2 or 3 (AL/PVC) strips each of 12 soft",as_in_insert_leaflet_in_patients_18_years_of_age,"Carton box containing 1,2 or 3 (AL/PVC) strips each of 12 soft",Topical,,otic,,False,needs_review,egypt_otc_drug_list_2026.pdf,5,True
Phloroglucinol  / Trimethylphlorog Film Coated Tablets,62.233 mg / 80 mg: In adults ≥ 18 years in the following indications only:,62_233_mg_80_mg,In adults ≥ 18 years in the following indications only:,Topical,,other,,False,false,egypt_otc_drug_list_2026.pdf,5,True
Hyoscine - N - Butyl Bromide          Sugar Coated Tablets,10 mg: As in insert leaflet in adults and children aged 6 years and over,10_mg,As in insert leaflet in adults and children aged 6 years and over,Topical,,other,,False,false,egypt_otc_drug_list_2026.pdf,5,True
Oro-dispersible film,62.5 mg: As in insert leaflet in adults and children over 12 years of age,62_5_mg,As in insert leaflet in adults and children over 12 years of age,Topical,,other,,False,false,egypt_otc_drug_list_2026.pdf,5,True
42,Simethicone,simethicone,,Topical,,other,,False,false,egypt_otc_drug_list_2026.pdf,5,True
Carton box containing amber glass bottle (type III) containing 30 ml,emulsion capped with plastic polypropylene cap with low density,capsule,,Oral,,solid_oral,,False,false,egypt_otc_drug_list_2026.pdf,5,True
Oral drops,66.6 mg ( as Simethicone: Emulsion 30%     222 mg,66_6_mg_as_simethicone,Emulsion 30%     222 mg,Topical,,other,,False,false,egypt_otc_drug_list_2026.pdf,6,True
Carton box containing LDPE plastic bottle of 20 ml containing 15 ml,with LDPE nozzle & white HDPE cap with insert leaflet.: Carton box containing LDPE plastic bottle of 37 ml containing 30 ml,capsule,Carton box containing LDPE plastic bottle of 37 ml containing 30 ml,Oral,,solid_oral,,False,false,egypt_otc_drug_list_2026.pdf,6,True
Oral Strip,62.5 mg,62_5_mg,,Topical,,other,,False,false,egypt_otc_drug_list_2026.pdf,6,True
Caraway oil / Dill oil /Sodium bicar Syrup,5 mg /5 mg/50 mg / 5 ml: As in insert leaflet in children 6 months and over,5_mg_5_mg_50_mg_5_ml,As in insert leaflet in children 6 months and over,Topical,,other,,False,false,egypt_otc_drug_list_2026.pdf,6,True
Dill seed oil /  Caraway seed oil /So Syrup,2.25 mg /2.5 mg/50 mg: As in insert leaflet in children 6 months and over,2_25_mg_2_5_mg_50_mg,As in insert leaflet in children 6 months and over,Topical,,other,,False,false,egypt_otc_drug_list_2026.pdf,6,True
Peppermint Oil  / Anise Oil               Soft Gelatin Capsules,56 mg /100 mg: As in insert leaflet in adults above 18 years old,56_mg_100_mg,As in insert leaflet in adults above 18 years old,Topical,,other,,False,false,egypt_otc_drug_list_2026.pdf,6,True
"Sodium Bicarbonate/Citric Acid An Sachet ,Effervescent",granules for oral,granules,,Topical,,solid_oral,,False,false,egypt_otc_drug_list_2026.pdf,6,True
Citric Acid Anhydrous /Sodium BicaEffervescent Granules,1.092 gm /2.631 gm: /1.191 gm /5 gm,1_092_gm_2_631_gm,/1.191 gm /5 gm,Topical,,other,,False,false,egypt_otc_drug_list_2026.pdf,6,True
"Sodium Bicarbonate /Citric Acid An Sachet ,Effervescent",granules for oral,granules,,Topical,,solid_oral,,False,false,egypt_otc_drug_list_2026.pdf,6,True
"Citric Acid Anhydrous  / Sodium Bic Sachet ,Effervescent",granules for oral,granules,,Topical,,solid_oral,,False,false,egypt_otc_drug_list_2026.pdf,6,True
Citric Acid Anhydrous/Sodium BicaEffervescent Granules,1.102 gm /2.65gm /1.202: gm/ 5 gm,1_102_gm_2_65gm_1_202,gm/ 5 gm,Topical,,other,,False,false,egypt_otc_drug_list_2026.pdf,6,True
"Sodium Bicarbonate /Tartaric Acid  Sachet ,Effervescent",granules for oral,granules,,Topical,,solid_oral,,False,false,egypt_otc_drug_list_2026.pdf,6,True
Papain* (6000 USP units / mg)/San Film Coated Tablets,100 mg / 30 mg,100_mg_30_mg,,Topical,,other,,False,false,egypt_otc_drug_list_2026.pdf,6,True
Dicyclomine HCl / Papain (600000  Enteric Coated Tablets,5 mg / 100 mg / 36 mg/10: mg/30 mg,5_mg_100_mg_36_mg_10,mg/30 mg,Topical,,other,,False,false,egypt_otc_drug_list_2026.pdf,6,True
Papain 6000 I.U/Pepsin (1:15000)/SSyrup,80 mg /8 mg / 12 mg / 5 ml Adjunct treatment in functional indigestion due to digestive,80_mg_8_mg_12_mg_5_ml_adjunct_treatment_in_functional_indigestion_due_to_digestive,,Topical,,other,,False,false,egypt_otc_drug_list_2026.pdf,7,True
55mcg (0.055% w/w or,mg/actuation): Treatment of  perennial allergic rhinitis in Adults ≥ 18 years,mg_actuation,Treatment of  perennial allergic rhinitis in Adults ≥ 18 years,Topical,,other,,False,false,egypt_otc_drug_list_2026.pdf,7,True
55 mcg/spray,Treatment of symptoms of perennial allergic rhinitis in adults ≥,treatment_of_symptoms_of_perennial_allergic_rhinitis_in_adults,,Topical,,other,,False,false,egypt_otc_drug_list_2026.pdf,7,True
Carton box contains 20 ml white HDPE bottle with 0.1 ml dosage,"screw on spray pump unit (white pp actuator, transparent pp dust",topical_spray,,Topical,,other,,False,false,egypt_otc_drug_list_2026.pdf,7,True
Micronized 55 µg,Treatment of symptoms of perennial allergic rhinitis in adults ≥,treatment_of_symptoms_of_perennial_allergic_rhinitis_in_adults,,Topical,,other,,False,false,egypt_otc_drug_list_2026.pdf,7,True
Carton box containing 1 white opaque HDPE (High density poly,ethylene) bottle of 20 g capacity containing 16.5 g suspension with: at least 120 sprays of white to off-white aqueous suspension with,capsule,at least 120 sprays of white to off-white aqueous suspension with,Oral,,solid_oral,,False,false,egypt_otc_drug_list_2026.pdf,7,True
Treatment of Perennial Allergic Rhinitis in adults ≥ 18 years of,age: Carton box containing amber glass type (III) bottle of capacity 15 ml,age,Carton box containing amber glass type (III) bottle of capacity 15 ml,Topical,,other,,False,false,egypt_otc_drug_list_2026.pdf,7,True
Fluticasone Propionate,Nasal Spray: micronized 0.05 mg /100,nasal_spray,micronized 0.05 mg /100,Topical,,nasal,,False,needs_review,egypt_otc_drug_list_2026.pdf,7,True
Nasal Spray,"27.5 mcg /Spray actuation  Treatment of the nasal symptoms (rhinorrhea, nasal",topical_spray,,Topical,,other,,False,false,egypt_otc_drug_list_2026.pdf,7,True
Fluticasone Furoate (Micronized)  Metered Nasal Spray,27.5 mcg (D90 NMT 45,27_5_mcg_d90_nmt_45,,Topical,,other,,False,false,egypt_otc_drug_list_2026.pdf,7,True
Mometasone Furoate Monohydrat,Nasal spray: 0.052 mg equivalent to,nasal_spray,0.052 mg equivalent to,Topical,,nasal,,False,needs_review,egypt_otc_drug_list_2026.pdf,7,True
Nasal Spray,64 mcg / dose,64_mcg_dose,,Topical,,other,,False,false,egypt_otc_drug_list_2026.pdf,7,True
Levocetirizine Dihydrochloride,Film Coated Tablets,tablet,,Oral,,solid_oral,,False,false,egypt_otc_drug_list_2026.pdf,8,True
Symptomatic treatment of allergic rhinitis in adults and,"children 6 years of age and older: Carton box containing 1,2 or 3 (Al/Transparent PVC) strips each of",children_6_years_of_age_and_older,"Carton box containing 1,2 or 3 (Al/Transparent PVC) strips each of",Topical,,otic,,False,needs_review,egypt_otc_drug_list_2026.pdf,8,True
Levocetirizine Dihydrochloride,Syrup: 5mg/10ml,oral_syrup,5mg/10ml,Oral,,oral_liquid,,False,needs_review,egypt_otc_drug_list_2026.pdf,8,True
Levocetirizine Dihydrochloride,Oral drops: 5mg/1ml,oral_drops,5mg/1ml,Oral,,oral_liquid,,False,needs_review,egypt_otc_drug_list_2026.pdf,8,True
Symptomatic treatment of allergic rhinitis in adults and,"children 12 years of age and older.: Carton box containing 1 , 2 (Al/Opaque PVC / PVDC ) strip each of",children_12_years_of_age_and_older,"Carton box containing 1 , 2 (Al/Opaque PVC / PVDC ) strip each of",Topical,,otic,,False,needs_review,egypt_otc_drug_list_2026.pdf,8,True
Oral Solution,2.5 mg/5ml: Perennial Allergic Rhinitis in adults and children ≥ 2 years of age Carton box containing amber PET (Polyethylene terephthalate ),2_5_mg_5ml,Perennial Allergic Rhinitis in adults and children ≥ 2 years of age Carton box containing amber PET (Polyethylene terephthalate ),Topical,,other,,False,false,egypt_otc_drug_list_2026.pdf,8,True
Levocetirizine Hydrochloride 0.5 mOral Solution,0.5 mg / ml,0_5_mg_ml,,Topical,,other,,False,false,egypt_otc_drug_list_2026.pdf,8,True
Levocetirizine Dihydrochloride,Oro-dispersible tablet,orodispersible_tablet,,Oral,,solid_oral,,False,false,egypt_otc_drug_list_2026.pdf,8,True
Symptomatic treatment of allergic rhinitis in adults and,"children aged 6 years and above: Carton box containing 1 , 2 or 3 (ALU / ALU) strips each of 10 tablets",children_aged_6_years_and_above,"Carton box containing 1 , 2 or 3 (ALU / ALU) strips each of 10 tablets",Topical,,otic,,False,needs_review,egypt_otc_drug_list_2026.pdf,8,True
2.5 mg / 5 ml,Symptomatic treatment of Perennial Allergic Rhinitis in adults: and children aged 2 years and above,symptomatic_treatment_of_perennial_allergic_rhinitis_in_adults,and children aged 2 years and above,Topical,,other,,False,false,egypt_otc_drug_list_2026.pdf,8,True
"Oral  Drops,Solution",5 mg / 1ml,5_mg_1ml,,Topical,,other,,False,false,egypt_otc_drug_list_2026.pdf,8,True
2.5 mg / 5 ml,Symptomatic treatment of allergic rhinitis in adults and: children aged 2 years and above,symptomatic_treatment_of_allergic_rhinitis_in_adults_and,children aged 2 years and above,Topical,,other,,False,false,egypt_otc_drug_list_2026.pdf,8,True
Symptomatic treatment of allergic rhinitis in adults and,"children aged 6 years and above: Carton box containing 1 ,2 or 3 (AL / Transparent PVC) strips, each",children_aged_6_years_and_above,"Carton box containing 1 ,2 or 3 (AL / Transparent PVC) strips, each",Topical,,otic,,False,needs_review,egypt_otc_drug_list_2026.pdf,8,True
Relief of symptoms associated with perennial allergic rhinitis in,"adults and children 12 years of age and over: Carton box containing 1 , 2 or 3 (Al / opaque PVC) strips, each of  10",adults_and_children_12_years_of_age_and_over,"Carton box containing 1 , 2 or 3 (Al / opaque PVC) strips, each of  10",Topical,,otic,,False,needs_review,egypt_otc_drug_list_2026.pdf,8,True
Levocetirizine Dihydrochloride,Oral Solution: 2.5 mg/5 ml,oral_solution,2.5 mg/5 ml,Oral,,other,,False,false,egypt_otc_drug_list_2026.pdf,8,True
Symptomatic treatment of allergic rhinitis in adults and,"children aged 6 years and over: Carton box contains 1, 2 or 3 (Al/transparent triple layer",children_aged_6_years_and_over,"Carton box contains 1, 2 or 3 (Al/transparent triple layer",Topical,,otic,,False,needs_review,egypt_otc_drug_list_2026.pdf,8,True
Symptomatic treatment of allergic Rhinitis in adults,"Carton box containing 1 or 2 ( Al / transparent PVC ) strips , each of: 10 film coated tablets with insert leaflets",carton_box_containing_1_or_2_al_transparent_pvc_strips_each_of,10 film coated tablets with insert leaflets,Topical,,other,,False,false,egypt_otc_drug_list_2026.pdf,9,True
Symptomatic treatment of allergic Rhinitis in adults,Carton box contains 1 or 2 (Al/Transparent Colorless: PVC/LDPE/PVDC) Strips each of 10 film coated tablets with insert,carton_box_contains_1_or_2_al_transparent_colorless,PVC/LDPE/PVDC) Strips each of 10 film coated tablets with insert,Topical,,other,,False,false,egypt_otc_drug_list_2026.pdf,9,True
"Relieve the symptoms of hay fever (sneezing, itchy, runny,",blocked up nose and red and watery eyes) and other forms of,blocked_up_nose_and_red_and_watery_eyes_and_other_forms_of,,Topical,,ophthalmic,,False,needs_review,egypt_otc_drug_list_2026.pdf,9,True
Cetirizine dihydrochloride,Oral drops: 10 mg/ ml,oral_drops,10 mg/ ml,Oral,,oral_liquid,,False,needs_review,egypt_otc_drug_list_2026.pdf,9,True
For the relief of nasal and ocular symptoms of perennial,"allergic rhinitis in adults ,adolescents and children aged 12",allergic_rhinitis_in_adults_adolescents_and_children_aged_12,,Topical,,other,,False,false,egypt_otc_drug_list_2026.pdf,9,True
Syrup,1 mg/ml,1_mg_ml,,Topical,,other,,False,false,egypt_otc_drug_list_2026.pdf,9,True
5 mg /ml,Relief of nasal and ocular symptoms of Perennial Allergic: Rhinitis in adults and children aged 2 years and above,relief_of_nasal_and_ocular_symptoms_of_perennial_allergic,Rhinitis in adults and children aged 2 years and above,Topical,,nasal,,False,needs_review,egypt_otc_drug_list_2026.pdf,9,True
Relief of nasal and ocular symptoms of Perennial Allergic,"Rhinitis in adults and children aged 6 years and above: A carton box containing 2 (Al/Transparent PVC) strips , each of 10",rhinitis_in_adults_and_children_aged_6_years_and_above,"A carton box containing 2 (Al/Transparent PVC) strips , each of 10",Topical,,otic,,False,needs_review,egypt_otc_drug_list_2026.pdf,9,True
0.05 gm/100 ml,Fast 24 hour and effective relief of multi nasal and non-nasal,fast_24_hour_and_effective_relief_of_multi_nasal_and_non_nasal,,Topical,,nasal,,False,needs_review,egypt_otc_drug_list_2026.pdf,9,True
Fast 24 hour and effective relief of multi nasal and non-nasal,"symptoms associated with allergic rhinitis, including sneezing",symptoms_associated_with_allergic_rhinitis_including_sneezing,,Topical,,other,,False,false,egypt_otc_drug_list_2026.pdf,9,True
Indicated in adults and pediatrics aged 12 years and older for,"the relief of symptoms associated with allergic rhinitis.: Carton box containing 1,2 or 3 (AL / PVC) strips, each of 10 film",the_relief_of_symptoms_associated_with_allergic_rhinitis,"Carton box containing 1,2 or 3 (AL / PVC) strips, each of 10 film",Topical,,other,,False,false,egypt_otc_drug_list_2026.pdf,10,True
Fexofenadine Hydrochloride,Film Coated Tablets,tablet,,Oral,,solid_oral,,False,false,egypt_otc_drug_list_2026.pdf,10,True
Relief of symptoms associated with seasonal allergic rhinitis,and allergic rhinitis in adults and children aged 12 years or older: Carton box contains 1 or 2 ( AL / colorless transparent PVDC ) strips,and_allergic_rhinitis_in_adults_and_children_aged_12_years_or_older,Carton box contains 1 or 2 ( AL / colorless transparent PVDC ) strips,Topical,,otic,,False,needs_review,egypt_otc_drug_list_2026.pdf,10,True
Relief of symptoms associated with seasonal allergic rhinitis in,"adults and children 12 years of age and older: Carton box contains 1,2 or 3 (AL / Transparent (PVC / PVDC)) strips",adults_and_children_12_years_of_age_and_older,"Carton box contains 1,2 or 3 (AL / Transparent (PVC / PVDC)) strips",Topical,,otic,,False,needs_review,egypt_otc_drug_list_2026.pdf,10,True
Relief of symptoms associated with seasonal allergic rhinitis in,adults and children 12 years and older,adults_and_children_12_years_and_older,,Topical,,otic,,False,needs_review,egypt_otc_drug_list_2026.pdf,10,True
Relief of symptoms associated with seasonal allergic rhinitis,and allergic rhinitis in adults and children aged 12 years or older: Carton box containing 1 or 2 ( Al / transparent PVC ) strips each of,and_allergic_rhinitis_in_adults_and_children_aged_12_years_or_older,Carton box containing 1 or 2 ( Al / transparent PVC ) strips each of,Topical,,otic,,False,needs_review,egypt_otc_drug_list_2026.pdf,10,True
Relief of symptoms associated with seasonal allergic rhinitis,and allergic rhinitis in adults and children aged 12 years or,and_allergic_rhinitis_in_adults_and_children_aged_12_years_or,,Topical,,otic,,False,needs_review,egypt_otc_drug_list_2026.pdf,10,True
Relief of symptoms associated with seasonal allergic rhinitis in,adults and children 12 years of age or older: Carton box containing 1 or 2 (Al / white opaque PVC/PE/PVDC),adults_and_children_12_years_of_age_or_older,Carton box containing 1 or 2 (Al / white opaque PVC/PE/PVDC),Topical,,otic,,False,needs_review,egypt_otc_drug_list_2026.pdf,10,True
Relief of symptoms associated with seasonal allergic rhinitis in,adults and children 12 years of age or older: Carton box containing 1 or 2 (Al/Opaque PVC/ PE/PVDC) blisters,adults_and_children_12_years_of_age_or_older,Carton box containing 1 or 2 (Al/Opaque PVC/ PE/PVDC) blisters,Topical,,otic,,False,needs_review,egypt_otc_drug_list_2026.pdf,10,True
Fexofenadine Hydrochloride,Oral suspension: 30  mg /5 ml,oral_suspension,30  mg /5 ml,Oral,,oral_liquid,,False,needs_review,egypt_otc_drug_list_2026.pdf,10,True
Fexofenadine Hydrochloride,Oral suspension: 30  mg /5 ml Oral,oral_suspension,30  mg /5 ml Oral,Oral,,oral_liquid,,False,needs_review,egypt_otc_drug_list_2026.pdf,10,True
30  mg /5 ml,Relief of symptoms of perennial allergic rhinitis from 2 years of,relief_of_symptoms_of_perennial_allergic_rhinitis_from_2_years_of,,Topical,,otic,,False,needs_review,egypt_otc_drug_list_2026.pdf,10,True
30 mg / 5 ml,Relief of symptoms associated with seasonal allergic rhinitis: from 2 years of age,relief_of_symptoms_associated_with_seasonal_allergic_rhinitis,from 2 years of age,Topical,,other,,False,false,egypt_otc_drug_list_2026.pdf,10,True
1 mg /ml,Relieve symptoms associated with allergic rhinitis (for example,relieve_symptoms_associated_with_allergic_rhinitis_for_example,,Topical,,other,,False,false,egypt_otc_drug_list_2026.pdf,11,True
"Relieve symptoms associated with allergic rhinitis (for example,","hay fever) such as sneezing, rummy or itchy nose and burning: or itchy eyes in adults and children over 6 years of age with",hay_fever_such_as_sneezing_rummy_or_itchy_nose_and_burning,or itchy eyes in adults and children over 6 years of age with,Topical,,other,,False,false,egypt_otc_drug_list_2026.pdf,11,True
1 mg / ml,Symptomatic treatment of allergic rhinitis in adults and: children over 2 years of age,symptomatic_treatment_of_allergic_rhinitis_in_adults_and,children over 2 years of age,Topical,,other,,False,false,egypt_otc_drug_list_2026.pdf,11,True
Symptomatic treatment of allergic rhinitis in adults and,children over 12 years of age: Carton box contains 2 (Al / transparent colorless PVC) strips each of,children_over_12_years_of_age,Carton box contains 2 (Al / transparent colorless PVC) strips each of,Topical,,otic,,False,needs_review,egypt_otc_drug_list_2026.pdf,11,True
25 mg,"as approved in insert: A carton box containing 10, 20 or 30 oral dissolvable films each is",as_approved_in_insert,"A carton box containing 10, 20 or 30 oral dissolvable films each is",Topical,,other,,False,false,egypt_otc_drug_list_2026.pdf,11,True
10 mg Tablets,Relieves the symptoms of allergic rhinitis such as sneezing,relieves_the_symptoms_of_allergic_rhinitis_such_as_sneezing,,Topical,,other,,False,false,egypt_otc_drug_list_2026.pdf,11,True
Naphazoline Hydrochloride / ChlorNasal drops,50 mg/ 50 mg / 100 ml: As in insert leaflet in adults and children aged 12 years and over Carton box containing plastic ( low density polyethylene) dropper,50_mg_50_mg_100_ml,As in insert leaflet in adults and children aged 12 years and over Carton box containing plastic ( low density polyethylene) dropper,Topical,,other,,False,false,egypt_otc_drug_list_2026.pdf,11,True
Chlorpheniramine Maleate / Naph Nasal gel,0.5 gm / 0.125 gm / 100 ml As in insert leaflet in adults and children aged 12 years and over Carton box containing printed aluminum tube and aluminum: nozzle not sealed containing 5 gm gel and white HDPE cap with,0_5_gm_0_125_gm_100_ml_as_in_insert_leaflet_in_adults_and_children_aged_12_years_and_over_carton_box_containing_printed_aluminum_tube_and_aluminum,nozzle not sealed containing 5 gm gel and white HDPE cap with,Topical,,otic,,False,needs_review,egypt_otc_drug_list_2026.pdf,11,True
0.5 mg/ml,As in insert leaflet in adults and children over 12 years of age: Carton box contains white (HDPE) plastic bottle (it’s capacity 40 ml),as_in_insert_leaflet_in_adults_and_children_over_12_years_of_age,Carton box contains white (HDPE) plastic bottle (it’s capacity 40 ml),Topical,,otic,,False,needs_review,egypt_otc_drug_list_2026.pdf,11,True
1 mg / 1 ml,For Various types of colds and to facilitate the outflow of,for_various_types_of_colds_and_to_facilitate_the_outflow_of,,Topical,,other,,False,false,egypt_otc_drug_list_2026.pdf,11,True
Paracetamol    /Phenylephrine HydPowder for Oral Solution 600 mg /10 mg,"As in insert leaflet in adults and children aged 16 years and over Carton box contains 10 ( paper ,polyethylene , aluminium foil",as_in_insert_leaflet_in_adults_and_children_aged_16_years_and_over_carton_box_contains_10_paper_polyethylene_aluminium_foil,,Topical,,otic,,False,needs_review,egypt_otc_drug_list_2026.pdf,11,True
Paracetamol    /Phenylephrine HydTablets,500 mg / 5 mg: As in insert leaflet in adults and children aged 12 years and over Carton box containing 2 ( Al/Transparent colorless PVDC) strips,500_mg_5_mg,As in insert leaflet in adults and children aged 12 years and over Carton box containing 2 ( Al/Transparent colorless PVDC) strips,Topical,,other,,False,false,egypt_otc_drug_list_2026.pdf,11,True
Chloropheniramine Maleate / ParaSachet  Powder for oral,solution in sachets: 4 mg / 500 mg /30 mg/500,solution_in_sachets,4 mg / 500 mg /30 mg/500,Topical,,other,,False,false,egypt_otc_drug_list_2026.pdf,11,True
Paracetamol /Caffeine  /PhenylephFilm Coated Tablets,500 mg /25 mg/5 mg: As in insert leaflet in adults and children aged 16 years and over Carton box containing 2 (Al+Child resistant foil /Opaque white PVC,500_mg_25_mg_5_mg,As in insert leaflet in adults and children aged 16 years and over Carton box containing 2 (Al+Child resistant foil /Opaque white PVC,Topical,,other,,False,false,egypt_otc_drug_list_2026.pdf,12,True
Paracetamol/Caffeine /PhenylephrFilm Coated Tablets,"500 mg / 25 mg / 5 mg: As in insert leaflet in adults and children aged 16 years and over Carton box containing 1,2 or 3 (Alu / white opaque PVDC / PVC)",500_mg_25_mg_5_mg,"As in insert leaflet in adults and children aged 16 years and over Carton box containing 1,2 or 3 (Alu / white opaque PVDC / PVC)",Topical,,other,,False,false,egypt_otc_drug_list_2026.pdf,12,True
Paracetamol /Diphenhydramine HySachet Powder for oral,solution in sachets: 650 mg / 25 mg / 10 mg,solution_in_sachets,650 mg / 25 mg / 10 mg,Topical,,other,,False,false,egypt_otc_drug_list_2026.pdf,12,True
Paracetamol/Diphenhydramine HyFilm coated tablet,325 mg / 12.5 mg/5 mg: As in insert leaflet in adults and children 12 years of age and,325_mg_12_5_mg_5_mg,As in insert leaflet in adults and children 12 years of age and,Topical,,other,,False,false,egypt_otc_drug_list_2026.pdf,12,True
Micronized/Guaifenesin/,Phenylephrine Hydrochloride: Powder for Oral solution 1000 mg /200 mg /12.2 mg As in insert leaflet in adults and children 12 years of age and,phenylephrine_hydrochloride,Powder for Oral solution 1000 mg /200 mg /12.2 mg As in insert leaflet in adults and children 12 years of age and,Topical,,other,,False,false,egypt_otc_drug_list_2026.pdf,12,True
Paracetamol /Ascorbic Acid,(Vitamin C): Granules for Oral Suspens500 mg /300 mg,vitamin_c,Granules for Oral Suspens500 mg /300 mg,Topical,,other,,False,false,egypt_otc_drug_list_2026.pdf,12,True
Chlorpheniramine Maleate / Pheny Syrup,2.5 mg/ 5 mg / 5 ml: As in insert leaflet in adults and children aged 6 years of age,2_5_mg_5_mg_5_ml,As in insert leaflet in adults and children aged 6 years of age,Topical,,other,,False,false,egypt_otc_drug_list_2026.pdf,12,True
Paracetamol /Phenylephrine Hydro Tablets,500 mg/5 mg/2 mg: As in insert leaflet in adults and children aged 12 years and,500_mg_5_mg_2_mg,As in insert leaflet in adults and children aged 12 years and,Topical,,other,,False,false,egypt_otc_drug_list_2026.pdf,12,True
0.5 mg,Prevention of sore throat in adults and adolescents ≥ 12 years,prevention_of_sore_throat_in_adults_and_adolescents_12_years,,Topical,,otic,,False,needs_review,egypt_otc_drug_list_2026.pdf,12,True
35.4 mg equivalent to,Cloperastine HCl 20 mg /5,cloperastine_hcl,20 mg /5,Topical,,other,,False,false,egypt_otc_drug_list_2026.pdf,12,True
Oral suspension,"( Particle size : 50% < 20: Micron, 90% < 75 Micron)",particle_size,"50% < 20: Micron, 90% < 75 Micron)",Topical,,other,,False,false,egypt_otc_drug_list_2026.pdf,12,True
Diphenhydramine Hydrochloride /ASyrup,14 mg / 135 mg / 5 ml: As in insert leaflet in adults and children ≥ 12 years of age,14_mg_135_mg_5_ml,As in insert leaflet in adults and children ≥ 12 years of age,Topical,,other,,False,false,egypt_otc_drug_list_2026.pdf,13,True
Thyme fluid extract  / Primula root Elixir,0.325 g /  0.162 g / 5 ml سنوات6  و اﻷطفال من عمرᡧᢕᣌالغᘘ الᡧᣚ دᢔᣂﻻت الᡧᡧᣂة لᘘحة المصاح᜻حاﻻت الCarton box containing amber glass hydrolytic type ꟺ bottle: containing 100 ml solution with PP plastic cap & PE ring and,0_325_g_0_162_g_5_ml_سنوات6_و_اﻷطفال_من_عمرᡧᢕᣌالغᘘ_الᡧᣚ_دᢔᣂﻻت_الᡧᡧᣂة_لᘘحة_المصاح_حاﻻت_الcarton_box_containing_amber_glass_hydrolytic_type_ꟺ_bottle,containing 100 ml solution with PP plastic cap & PE ring and,Topical,,other,,False,false,egypt_otc_drug_list_2026.pdf,13,True
Tilia flowers aqueous extract   /Gu Syrup,0.0625   gm/0.125: gm/0.05 gm/0.025,0_0625_gm_0_125,gm/0.05 gm/0.025,Topical,,other,,False,false,egypt_otc_drug_list_2026.pdf,13,True
Guava leaves aqueous extract  /Til Syrup,0.458 gm/0.115 gm/0.015: gm /5ml,0_458_gm_0_115_gm_0_015,gm /5ml,Topical,,other,,False,false,egypt_otc_drug_list_2026.pdf,13,True
60 mg/20 mg/20 mg/35,mg / 5 ml,mg,5 ml,Topical,,other,,False,false,egypt_otc_drug_list_2026.pdf,13,True
Thyme all herb Liquid Extract (Thymus Vulgaris) 60 mg /BiƩer Fennel Dried Ripe Fruit Liquid Extract (Foeniculum Vulgare) 20 mg,Syrup: 61 mg/20 mg/20 mg/35,oral_syrup,61 mg/20 mg/20 mg/35,Oral,,oral_liquid,,False,needs_review,egypt_otc_drug_list_2026.pdf,13,True
Syrup,35 mg / 5 ml: As in insert leaflet in adults and children 2 years of age and over Carton box containing amber (type III ) glass bottle containing 100,35_mg_5_ml,As in insert leaflet in adults and children 2 years of age and over Carton box containing amber (type III ) glass bottle containing 100,Topical,,other,,False,false,egypt_otc_drug_list_2026.pdf,13,True
Ivy leaves Extract Dry powder,Syrup: 35 mg / 5 ml,oral_syrup,35 mg / 5 ml,Oral,,oral_liquid,,False,needs_review,egypt_otc_drug_list_2026.pdf,13,True
Ivy leaf extract powder (Hedera he Syrup,36 mg / 5 ml: As in insert leaflet in adults and children 6 years of age and over Carton box contains PET plastic bottle contains 100 ml syrup with,36_mg_5_ml,As in insert leaflet in adults and children 6 years of age and over Carton box contains PET plastic bottle contains 100 ml syrup with,Topical,,other,,False,false,egypt_otc_drug_list_2026.pdf,13,True
Dried Ivy leaf powder extract Hede Syrup,45 mg / 5 ml: As in insert leaflet in adults and children 2 years of age and over Carton box containing amber PET bottle of 135 ml capacity filled,45_mg_5_ml,As in insert leaflet in adults and children 2 years of age and over Carton box containing amber PET bottle of 135 ml capacity filled,Topical,,other,,False,false,egypt_otc_drug_list_2026.pdf,13,True
Dried Ivy leaves extract powder      Syrup,35 mg/5 ml: As in insert leaflet in adults and children 2 years of age and over Carton box containing amber (PET) Plastic bottle with (HDPE) plastic,35_mg_5_ml,As in insert leaflet in adults and children 2 years of age and over Carton box containing amber (PET) Plastic bottle with (HDPE) plastic,Topical,,other,,False,false,egypt_otc_drug_list_2026.pdf,13,True
As in insert leaflet in adults and children 9 years of age and over Carton box containing white (HDPE) plastic bottle with white,(HDPE) cap each contain 30 or 90 tablets and an inner leaflet,tablet,,Oral,,solid_oral,,False,false,egypt_otc_drug_list_2026.pdf,13,True
"As in insert leaflet in adults and children 4 years of age and over Carton box containing 1 , 2 or 3 (Al/Transparent colorless PVDC /","PVC) blisters, each blister contains 10 lozenges with insert leaflet",pvc_blisters_each_blister_contains_10_lozenges_with_insert_leaflet,,Topical,,other,,False,false,egypt_otc_drug_list_2026.pdf,13,True
Herbal medicine product for the symptomatic treatment of,"common cold, such as blocked nose, sore throat and cough in: adults and children 6 years of age and older",common_cold_such_as_blocked_nose_sore_throat_and_cough_in,adults and children 6 years of age and older,Topical,,other,,False,false,egypt_otc_drug_list_2026.pdf,13,True
Pelargonium root dry extract          Syrup,12.53 mg / 5 ml,12_53_mg_5_ml,,Topical,,other,,False,false,egypt_otc_drug_list_2026.pdf,14,True
Carton box containing amber glass bottle Type 3 with HDPE white,"cap,contains 100 ml syrup",capsule,100 ml syrup,Oral,,solid_oral,,False,false,egypt_otc_drug_list_2026.pdf,14,True
Gentian root Gentiana Radix  /Prim Coated Tablets,6 mg/18 mg/18mg/18 mg  Herbal medicine for inflammations of paranasal sinuses,6_mg_18_mg_18mg_18_mg_herbal_medicine_for_inflammations_of_paranasal_sinuses,,Topical,,nasal,,False,needs_review,egypt_otc_drug_list_2026.pdf,14,True
Gentian root Gentiana Radix  /Prim Coated Tablets,12 mg/36 mg /36 mg/36,12_mg_36_mg_36_mg_36,,Topical,,other,,False,false,egypt_otc_drug_list_2026.pdf,14,True
4 mg / 5 ml,As mucolytic in the management of viscid mucous secretions in: adults and children aged 2 years and over,as_mucolytic_in_the_management_of_viscid_mucous_secretions_in,adults and children aged 2 years and over,Topical,,other,,False,false,egypt_otc_drug_list_2026.pdf,14,True
Mucolytic to break down mucus and help clear the chest in,conditions accompanied by excessive mucus secretions such as: common cold and influenza in adults and children aged 6 years,conditions_accompanied_by_excessive_mucus_secretions_such_as,common cold and influenza in adults and children aged 6 years,Topical,,other,,False,false,egypt_otc_drug_list_2026.pdf,14,True
Syrup,15 mg/ 5 ml: As in insert leaflet in adults and children aged 2 years and over,15_mg_5_ml,As in insert leaflet in adults and children aged 2 years and over,Topical,,other,,False,false,egypt_otc_drug_list_2026.pdf,14,True
Syrup,15 mg / 5 ml: As in insert leaflet in adults and children aged 2 years and over,15_mg_5_ml,As in insert leaflet in adults and children aged 2 years and over,Topical,,other,,False,false,egypt_otc_drug_list_2026.pdf,14,True
Relief from acute sore throat in adults and children 12 years of,"age and over: Carton box contains 1 , 2 ,3 , 10 , 20 ,30 or 50 (Al/transparent",age_and_over,"Carton box contains 1 , 2 ,3 , 10 , 20 ,30 or 50 (Al/transparent",Topical,,other,,False,false,egypt_otc_drug_list_2026.pdf,14,True
As in insert leaflet in adults and adolescents over 12 years of,"age: Carton box containing 5 [(Al/PE) / (PA/AL/PE)] blisters , each of two",age,"Carton box containing 5 [(Al/PE) / (PA/AL/PE)] blisters , each of two",Topical,,other,,False,false,egypt_otc_drug_list_2026.pdf,14,True
Acetylcysteine,Sachet ; Oral Granules: 600 mg / 5 gm,granules,600 mg / 5 gm,Topical,,solid_oral,,False,false,egypt_otc_drug_list_2026.pdf,14,True
"Analgesic for mild to moderate pain such as dysmenorrhea,",dental and post-operative pain and for symptomatic relief of,dental_and_post_operative_pain_and_for_symptomatic_relief_of,,Topical,,other,,False,false,egypt_otc_drug_list_2026.pdf,14,True
Ibuprofen,Film Coated Tablets: 400 mg,tablet,400 mg,Oral,,solid_oral,,False,false,egypt_otc_drug_list_2026.pdf,14,True
"Post-Operative pain, toothache and pain following dental","procedures, dysmenorrhea pain, headache and migraine",procedures_dysmenorrhea_pain_headache_and_migraine,,Topical,,other,,False,false,egypt_otc_drug_list_2026.pdf,14,True
"Carton box containing 3 (hard AL foil / transparent PVC ) strips ,",each of 10 sugar coated tablets and inner leaflet,tablet,,Oral,,solid_oral,,False,false,egypt_otc_drug_list_2026.pdf,14,True
Ibuprofen ( D90 < 30 µm),Film Coated Tablets,tablet,,Oral,,solid_oral,,False,false,egypt_otc_drug_list_2026.pdf,15,True
"Short term symptomatic treatment of mild to moderate pain,","such as headache including migraine headache, dental pain",such_as_headache_including_migraine_headache_dental_pain,,Topical,,other,,False,false,egypt_otc_drug_list_2026.pdf,15,True
Ibuprofen (as Arginine salt),Granules for oral,granules,,Topical,,solid_oral,,False,false,egypt_otc_drug_list_2026.pdf,15,True
"Treatment of symptoms of headache, toothache, muscular",pain and dysmenorrhea,pain_and_dysmenorrhea,,Topical,,other,,False,false,egypt_otc_drug_list_2026.pdf,15,True
Syrup,100mg/5ml,100mg_5ml,,Topical,,other,,False,false,egypt_otc_drug_list_2026.pdf,15,True
100 mg / 5 ml,"Analgesic for relief of mild to moderate muscular pain, post",analgesic_for_relief_of_mild_to_moderate_muscular_pain_post,,Topical,,other,,False,false,egypt_otc_drug_list_2026.pdf,15,True
101 mg / 5 ml,Symptomatic treatment of fever and mild to moderate pain in: children ≥ 6 months of age for short term not exceeding 3 days,symptomatic_treatment_of_fever_and_mild_to_moderate_pain_in,children ≥ 6 months of age for short term not exceeding 3 days,Topical,,other,,False,false,egypt_otc_drug_list_2026.pdf,15,True
0.1 gm / 1 gm,As in insert leaflet in adults and children aged 12 years of age,as_in_insert_leaflet_in_adults_and_children_aged_12_years_of_age,,Topical,,otic,,False,needs_review,egypt_otc_drug_list_2026.pdf,15,True
2.5 g / 100 g,"As in insert leaflet in adults ≥ 18 years of age: Carton box containing one tube of  15  ,50 ,60 , 100 gm gel and",as_in_insert_leaflet_in_adults_18_years_of_age,"Carton box containing one tube of  15  ,50 ,60 , 100 gm gel and",Topical,,otic,,False,needs_review,egypt_otc_drug_list_2026.pdf,15,True
25 mg / 1gm,As in insert leaflet in adults ≥ 18 years of age: Carton box contains Aluminum tube of 15 gm or 40 gm gel with,as_in_insert_leaflet_in_adults_18_years_of_age,Carton box contains Aluminum tube of 15 gm or 40 gm gel with,Topical,,otic,,False,needs_review,egypt_otc_drug_list_2026.pdf,15,True
2.5 gm /100 gm,As in insert leaflet in adults ≥ 18 years of age,as_in_insert_leaflet_in_adults_18_years_of_age,,Topical,,otic,,False,needs_review,egypt_otc_drug_list_2026.pdf,15,True
"Carton box contains 5 ,10 ,15 ,20 Aluminum sachets ,each of",4166.525 mg powder with insert leaflet,powder,,Topical,,solid_oral,,False,false,egypt_otc_drug_list_2026.pdf,15,True
"Carton box containing 1,2 or 3 strip each one contains 10 tablets",and an insert leaflet,and_an_insert_leaflet,,Topical,,other,,False,false,egypt_otc_drug_list_2026.pdf,15,True
"As in insert leaflet in adults and children aged 10 years and over For Finished Drugs Product: Carton box containing 1,2,3 (Al/ White","opaque PVDC / PVC) blisters, each of 10 film coated tablets with",tablet,,Oral,,solid_oral,,False,false,egypt_otc_drug_list_2026.pdf,15,True
As in insert leaflet in adults and children aged 6 years of age,and over,and_over,,Topical,,other,,False,false,egypt_otc_drug_list_2026.pdf,15,True
For the relief of mild to moderate pain and pyrexia in adults,and children aged 6 years of age and over: Carton box contains one white (PVC / LDPE ) blisters of 5 rectal,and_children_aged_6_years_of_age_and_over,Carton box contains one white (PVC / LDPE ) blisters of 5 rectal,Topical,,otic,,False,needs_review,egypt_otc_drug_list_2026.pdf,15,True
As in insert leaflet in children aged 6 months of age to 12 years,"of age: Carton box contains 10, 20 or 30 oral dissolvable films, each packed",of_age,"Carton box contains 10, 20 or 30 oral dissolvable films, each packed",Topical,,other,,False,false,egypt_otc_drug_list_2026.pdf,16,True
150 mg / 5 ml,As in insert leaflet in children 2 months of age and over: Carton box containing glass bottle of 125 ml syrup and an inner,as_in_insert_leaflet_in_children_2_months_of_age_and_over,Carton box containing glass bottle of 125 ml syrup and an inner,Topical,,other,,False,false,egypt_otc_drug_list_2026.pdf,16,True
As in insert leaflet in adults and children aged 10 years of age,and over: Carton box contains 2 (Child resistant transparent PVC - Al / PET ),and_over,Carton box contains 2 (Child resistant transparent PVC - Al / PET ),Topical,,other,,False,false,egypt_otc_drug_list_2026.pdf,16,True
As in insert leaflet in adults and children 10 years of age and,over: Carton box contains 2 (Al/colorless transparent PVC) strips each of,over,Carton box contains 2 (Al/colorless transparent PVC) strips each of,Topical,,other,,False,false,egypt_otc_drug_list_2026.pdf,16,True
As in insert leaflet in adults and children 16 years of age and,"over: Carton box containing 1,2 or 3 (AL / colorless transparent PVC)",over,"Carton box containing 1,2 or 3 (AL / colorless transparent PVC)",Topical,,other,,False,false,egypt_otc_drug_list_2026.pdf,16,True
As in insert leaflet in adults 18 years of age and above,"Carton box contains 1, 2 or 3 (Al /Transparent PVC) strips,each of 5",carton_box_contains_1_2_or_3_al_transparent_pvc_strips_each_of_5,,Topical,,other,,False,false,egypt_otc_drug_list_2026.pdf,16,True
As in insert leaflet in adults and adolescents aged 16 years or,"over or weighing more than 50 Kg: Carton box contain 1 , 2 or 3 (transparent colorless PVC / PE / PVDC",over_or_weighing_more_than_50_kg,"Carton box contain 1 , 2 or 3 (transparent colorless PVC / PE / PVDC",Topical,,other,,False,false,egypt_otc_drug_list_2026.pdf,16,True
As in insert leaflet in adults aged 18 years and older,"For Finished Drugs Product: Carton box containing 1,2,3 (Al/ White: opaque PVDC / PVC) blisters, each of 10 film coated tablets with",for_finished_drugs_product,"Carton box containing 1,2,3 (Al/ White: opaque PVDC / PVC) blisters, each of 10 film coated tablets with",Topical,,other,,False,false,egypt_otc_drug_list_2026.pdf,16,True
As in insert leaflet in children weighing between 14 Kg and 28,"Kg (Approximately 2 to 9 years of age).: Carton box containing 1,2 or 3 (Al/Al) strips,each of 5 suppositories",kg_approximately_2_to_9_years_of_age,"Carton box containing 1,2 or 3 (Al/Al) strips,each of 5 suppositories",Topical,,otic,,False,needs_review,egypt_otc_drug_list_2026.pdf,16,True
As in insert leaflet in children aged 1 - 5 years (10 - 18 Kg).,Carton box containing one (PVC/PE) strip containing 5 suppositories,suppository,,Rectal,,rectal,,False,needs_review,egypt_otc_drug_list_2026.pdf,16,True
Oral Syrup,160 mg / 5 ml: As in insert leaflet in children aged 3 months and above,160_mg_5_ml,As in insert leaflet in children aged 3 months and above,Topical,,other,,False,false,egypt_otc_drug_list_2026.pdf,16,True
Syrup,200 mg / 5 ml,200_mg_5_ml,,Topical,,other,,False,false,egypt_otc_drug_list_2026.pdf,16,True
Carton box contains amber glass bottle type III of 125 ml with white,HDPE plastic cap with red band and dp logo on the upper surface of,capsule,,Oral,,solid_oral,,False,false,egypt_otc_drug_list_2026.pdf,16,True
250 mg / 5 ml,As in insert leaflet in children aged 3 months and older: Carton box containing 80 ml amber plastic (PET) bottle containing,as_in_insert_leaflet_in_children_aged_3_months_and_older,Carton box containing 80 ml amber plastic (PET) bottle containing,Topical,,other,,False,false,egypt_otc_drug_list_2026.pdf,16,True
Parcetamol microfined D90 NMT 4 Oral suspension,250 mg / 5 ml: As in insert leaflet in adults and children 2 months of age and,250_mg_5_ml,As in insert leaflet in adults and children 2 months of age and,Topical,,other,,False,false,egypt_otc_drug_list_2026.pdf,16,True
Paracetamol Microfined (D90 NMTOral drops,100 mg / 1 ml: As in insert leaflet in birth to 24 months of age (3.2 Kg - 12 Kg),100_mg_1_ml,As in insert leaflet in birth to 24 months of age (3.2 Kg - 12 Kg),Topical,,other,,False,false,egypt_otc_drug_list_2026.pdf,16,True
"Oral Drops, Solution",100 mg/1 ml,100_mg_1_ml,,Topical,,other,,False,false,egypt_otc_drug_list_2026.pdf,17,True
250 mg / 5 ml,As in insert leaflet in adults and children aged 6 years of age,as_in_insert_leaflet_in_adults_and_children_aged_6_years_of_age,,Topical,,otic,,False,needs_review,egypt_otc_drug_list_2026.pdf,17,True
120 mg / 5 ml,As in insert leaflet in adults and children 2 months of age and: over (weighing more than 4 Kg and born after 37 weeks(,as_in_insert_leaflet_in_adults_and_children_2_months_of_age_and,over (weighing more than 4 Kg and born after 37 weeks(,Topical,,other,,False,false,egypt_otc_drug_list_2026.pdf,17,True
Mild analgesic and antipyretic for short term management of,"headaches, musculoskeletal disorders, menstrual pain",headaches_musculoskeletal_disorders_menstrual_pain,,Topical,,other,,False,false,egypt_otc_drug_list_2026.pdf,17,True
Ibuprofen / Paracetamol,Tablets: 200 mg / 325 mg,tablet,200 mg / 325 mg,Oral,,solid_oral,,False,false,egypt_otc_drug_list_2026.pdf,17,True
200 mg / 500 mg,"As in insert leaflet in adults ≥ 18 years of age: Carton box containing 1 , 2 or 3 (AL / opaque PVC / PVDC ) blisters",as_in_insert_leaflet_in_adults_18_years_of_age,"Carton box containing 1 , 2 or 3 (AL / opaque PVC / PVDC ) blisters",Topical,,otic,,False,needs_review,egypt_otc_drug_list_2026.pdf,17,True
Paracetamol / Ibuprofen /Caffeine  Film Coated Tablets,500 mg / 200 mg/65 mg: As in insert leaflet in adults ≥ 18 years of age,500_mg_200_mg_65_mg,As in insert leaflet in adults ≥ 18 years of age,Topical,,other,,False,false,egypt_otc_drug_list_2026.pdf,17,True
Paracetamol  /Caffeine anhydrous  Film coated tablets,500 mg/65 mg,500_mg_65_mg,,Topical,,other,,False,false,egypt_otc_drug_list_2026.pdf,17,True
"Carton box containing 2 ( AL/Opaque white PVC ) blisters , each of",10 film coated tablets and an insert leaflet,tablet,,Oral,,solid_oral,,False,false,egypt_otc_drug_list_2026.pdf,17,True
Paracetamol /Caffeine,Caplets: 500 mg / 65 mg,capsule,500 mg / 65 mg,Oral,,solid_oral,,False,false,egypt_otc_drug_list_2026.pdf,17,True
Paracetamol / Caffeine                     Film Coated Tablets,"500 mg / 65 mg: As in insert leaflet in adults and children aged 12 years and over Carton box containing 2 ( Al / opaque PVC ) strips , each of 12 film",500_mg_65_mg,"As in insert leaflet in adults and children aged 12 years and over Carton box containing 2 ( Al / opaque PVC ) strips , each of 12 film",Topical,,other,,False,false,egypt_otc_drug_list_2026.pdf,17,True
Paracetamol /Caffeine Anhydrous  Tablets,500 mg / 65 mg: As in insert leaflet in adults and children aged 12 years of age,500_mg_65_mg,As in insert leaflet in adults and children aged 12 years of age,Topical,,other,,False,false,egypt_otc_drug_list_2026.pdf,17,True
Paracetamol /Caffeine Anhydrous Film Coated Tablets,500 mg / 65 mg: As in insert leaflet in adults and Children aged 12 years of age,500_mg_65_mg,As in insert leaflet in adults and Children aged 12 years of age,Topical,,other,,False,false,egypt_otc_drug_list_2026.pdf,17,True
500 mg / 65 mg,Mild analgesic and antipyretic formulated to give extra pain,mild_analgesic_and_antipyretic_formulated_to_give_extra_pain,,Topical,,other,,False,false,egypt_otc_drug_list_2026.pdf,17,True
Carton box containing 5 sachets from outside to inside,(LDPE Terephthalate/ Al/LDPE) sachets contains 4.7 g effervescent,ldpe_terephthalate_al_ldpe_sachets_contains,4.7 g effervescent,Topical,,other,,False,false,egypt_otc_drug_list_2026.pdf,17,True
Acetaminophen / Pamabrom,Film Coated Caplets: 500 mg / 25 mg,capsule,500 mg / 25 mg,Oral,,solid_oral,,False,false,egypt_otc_drug_list_2026.pdf,18,True
500 mg / 25 mg,"As in insert leaflet in adults and children 18 years of age and ove Carton box containing 1 or 2 (AL / Opaque white PVC) strips, each: pf 10 tablets & inner leaflet",as_in_insert_leaflet_in_adults_and_children_18_years_of_age_and_ove_carton_box_containing_1_or_2_al_opaque_white_pvc_strips_each,pf 10 tablets & inner leaflet,Topical,,otic,,False,needs_review,egypt_otc_drug_list_2026.pdf,18,True
Paracetamol /Diphenhydramine Ci Tablets,500 mg / 38 mg,500_mg_38_mg,,Topical,,other,,False,false,egypt_otc_drug_list_2026.pdf,18,True
Carton box containing 1 (AL/ white opaque PVDC) strip of 10 tablets,+ inner leaflet,inner_leaflet,,Topical,,other,,False,false,egypt_otc_drug_list_2026.pdf,18,True
Paracetamol /Diphenhydramine Ci Coated Tablets,500 mg /25 mg,500_mg_25_mg,,Topical,,other,,False,false,egypt_otc_drug_list_2026.pdf,18,True
"Carton box containing 1 , 2 or 3 (Aluminum , transparent PVC )","strips , each of 10 film coated tablets with insert leaflet",tablet,,Oral,,solid_oral,,False,false,egypt_otc_drug_list_2026.pdf,18,True
Acetaminophen,/Diphenhydramine,diphenhydramine,,Topical,,other,,False,false,egypt_otc_drug_list_2026.pdf,18,True
500 mg / 12.5 mg,As in insert leaflet in adults and children 12 years of age and,as_in_insert_leaflet_in_adults_and_children_12_years_of_age_and,,Topical,,otic,,False,needs_review,egypt_otc_drug_list_2026.pdf,18,True
Acetylsalicylic acid /Paracetamol /C Film Coated Tablets,250 mg/250 mg/ 65 mg,250_mg_250_mg_65_mg,,Topical,,other,,False,false,egypt_otc_drug_list_2026.pdf,18,True
Acetaminophen / Aspirin / CaffeineFilm Coated Tablets,250 mg / 250 mg / 65 mg,250_mg_250_mg_65_mg,,Topical,,other,,False,false,egypt_otc_drug_list_2026.pdf,18,True
Diclofenac sodium,Topical gel: 10 mg / 1 gm,gel,10 mg / 1 gm,Topical,,other,,False,false,egypt_otc_drug_list_2026.pdf,18,True
Diclofenac Sodium,Topical gel: 3 gm / 100 gm,gel,3 gm / 100 gm,Topical,,other,,False,false,egypt_otc_drug_list_2026.pdf,18,True
Carton box containing one printed colored Al tube contains 30 gm ;,60 gm or 100 gm  gel closed with white plastic” HDPE “ cap with,capsule,,Oral,,solid_oral,,False,false,egypt_otc_drug_list_2026.pdf,18,True
As in insert leaflet in adults and adolescents from 16 years of,"age.: Carton box containing 1,2,3,4,5,6,7,8,9 or 10 aluminum pouches",age,"Carton box containing 1,2,3,4,5,6,7,8,9 or 10 aluminum pouches",Topical,,other,,False,false,egypt_otc_drug_list_2026.pdf,18,True
Topical gel,12.92 ( as Sodium 10 mg ): As in insert leaflet in adults and adolescents from 12 years,12_92_as_sodium_10_mg,As in insert leaflet in adults and adolescents from 12 years,Topical,,other,,False,false,egypt_otc_drug_list_2026.pdf,18,True
Topical gel,1.292 gm equivalent to 1,1_292_gm_equivalent_to_1,,Topical,,other,,False,false,egypt_otc_drug_list_2026.pdf,18,True
As in insert leaflet in adults and children aged 14 years of age,and over: Carton box containing collapsible aluminum tube containing 50 gm,and_over,Carton box containing collapsible aluminum tube containing 50 gm,Topical,,other,,False,false,egypt_otc_drug_list_2026.pdf,18,True
Diclofenac Diethylamine,Topical gel: 11.6 mg equivalent to,gel,11.6 mg equivalent to,Topical,,other,,False,false,egypt_otc_drug_list_2026.pdf,18,True
As in insert leaflet in adults and adolescents aged 14 years and,over,over,,Topical,,other,,False,false,egypt_otc_drug_list_2026.pdf,18,True
Diclofenac Diethylamine 1.16 gm e Topical Emulgel,1 gm / 100 gm,1_gm_100_gm,,Topical,,other,,False,false,egypt_otc_drug_list_2026.pdf,18,True
Topical Cream,Micronized 1.5% / 1 gm,micronized,1.5% / 1 gm,Topical,,other,,False,false,egypt_otc_drug_list_2026.pdf,18,True
Carton box contains collapsible aluminum tube contains 30 gm,cream with white conical (HDPE) plastic cap with piercer and inner,capsule,,Oral,,solid_oral,,False,false,egypt_otc_drug_list_2026.pdf,18,True
Topical Aerosol Solution 10 mg / 1 gm solution,As in insert leaflet in adults and children ≥ 14 years of age.: Carton box contains 120 ml aluminum can that contains 50 gm,as_in_insert_leaflet_in_adults_and_children_14_years_of_age,Carton box contains 120 ml aluminum can that contains 50 gm,Topical,,otic,,False,needs_review,egypt_otc_drug_list_2026.pdf,19,True
Camphor  1.410% W/W  + Campho Topical Cream,1.41 % W/W / 0.32% W/W: / 0.005% W/W / 2.54 %,1_41_w_w_0_32_w_w,/ 0.005% W/W / 2.54 %,Topical,,other,,False,false,egypt_otc_drug_list_2026.pdf,19,True
Carton box containing lacquered aluminum tube with aluminum,seal of 40gm or 100gm cream with (HDPE) screw cap inner leaflet,seal_of,40gm or 100gm cream with (HDPE) screw cap inner leaflet,Topical,,other,,False,false,egypt_otc_drug_list_2026.pdf,19,True
Diethylamine Salicylate / Camphor Cream,0.1 gm/0.014 gm/0.025 gm  As in insert leaflet in adults and children over 6 years: Carton box inside it printed aluminum tube of 40 g cream with Al,0_1_gm_0_014_gm_0_025_gm_as_in_insert_leaflet_in_adults_and_children_over_6_years,Carton box inside it printed aluminum tube of 40 g cream with Al,Topical,,otic,,False,needs_review,egypt_otc_drug_list_2026.pdf,19,True
Oleoresin capsicum /Camphor / M Topical cream,35% 0.42mg / 12 mg / 12.1: mg / 4.8 mg / 1.8 mg / 1,35_0_42mg_12_mg_12_1,mg / 4.8 mg / 1.8 mg / 1,Topical,,other,,False,false,egypt_otc_drug_list_2026.pdf,19,True
Carton box containing AL laminated tube of 40gm or 100gm cream,with (HDPE) screw cap and inner leaflet,capsule,,Oral,,solid_oral,,False,false,egypt_otc_drug_list_2026.pdf,19,True
Menthol oil /Methyl Salicylate  /Ca Topical spray,4 gm / 1.6 gm / 1.6 gm /,4_gm_1_6_gm_1_6_gm,,Topical,,other,,False,false,egypt_otc_drug_list_2026.pdf,19,True
As in insert leaflet in adults and children over 6 years of age,Carton box contains an aluminum can of 120 ml containing 40 ml,carton_box_contains_an_aluminum_can_of,120 ml containing 40 ml,Topical,,other,,False,false,egypt_otc_drug_list_2026.pdf,19,True
Menthol  /Camphor,Topical gel: 3.5 gm/0.2 gm /100 gm,gel,3.5 gm/0.2 gm /100 gm,Topical,,other,,False,false,egypt_otc_drug_list_2026.pdf,19,True
40 mg / 100 mg/300 mg,As in insert leaflet in adults and children 12 years of age and,as_in_insert_leaflet_in_adults_and_children_12_years_of_age_and,,Topical,,otic,,False,needs_review,egypt_otc_drug_list_2026.pdf,19,True
Diethylamine Salicylate / Myrtecai Topical cream,10 g / 1 g / 100 g: As in insert leaflet in adults and children over 7 years of age,10_g_1_g_100_g,As in insert leaflet in adults and children over 7 years of age,Topical,,other,,False,false,egypt_otc_drug_list_2026.pdf,19,True
Topical gel,50 mg / 1 gm: As in insert leaflet in adults and children over 12 years of age,50_mg_1_gm,As in insert leaflet in adults and children over 12 years of age,Topical,,other,,False,false,egypt_otc_drug_list_2026.pdf,19,True
Carton box contains aluminum metallic tube of 20 gm or 30 gm gel,with opaque (HDPE) plastic screw cap with aluminum membrane,capsule,,Oral,,solid_oral,,False,false,egypt_otc_drug_list_2026.pdf,19,True
Topical Spray,1.5 gm / 15 ml  حاﻻت عﻼج اﻷسنانᡧᣚ  لﻸلمᣙمخدر موضCarton box containing amber glass bottle ( type III ) bottle of 15 ml,1_5_gm_15_ml_حاﻻت_عﻼج_اﻷسنانᡧᣚ_لﻸلمᣙمخدر_موضcarton_box_containing_amber_glass_bottle_type_iii_bottle_of_15_ml,,Topical,,other,,False,false,egypt_otc_drug_list_2026.pdf,19,True
Lidocaine HCL,Topical spray: 40 mg / ml,topical_spray,40 mg / ml,Topical,,other,,False,false,egypt_otc_drug_list_2026.pdf,19,True
Lidocaine,Topical Spray: 10 gm / 100 gm solution,topical_spray,10 gm / 100 gm solution,Topical,,other,,False,false,egypt_otc_drug_list_2026.pdf,19,True
Lidocaine /Prilocaine,Topical Cream: 0.025 gm / 0.025 gm / 1 g,cream,0.025 gm / 0.025 gm / 1 g,Topical,,other,,False,false,egypt_otc_drug_list_2026.pdf,19,True
Carton box containing aluminum tube with AL membrane of 15 gm,cream with HDPE cap with insert leaflet,capsule,,Oral,,solid_oral,,False,false,egypt_otc_drug_list_2026.pdf,19,True
Lidocaine /Prilocaine,Topical Cream: 25 mg/25 mg / 1 gm,cream,25 mg/25 mg / 1 gm,Topical,,other,,False,false,egypt_otc_drug_list_2026.pdf,20,True
Lidocaine /Prilocaine,Topical Cream: 25 mg /25 mg / 1gm,cream,25 mg /25 mg / 1gm,Topical,,other,,False,false,egypt_otc_drug_list_2026.pdf,20,True
Lidocaine Hydrochloride /Cetyl Pyr Oral Gel,20 mg / 1mg / 1 gm,20_mg_1mg_1_gm,,Topical,,other,,False,false,egypt_otc_drug_list_2026.pdf,20,True
Sodium Hyaluronate,Sterile ophthalmic,sterile_ophthalmic,,Topical,,ophthalmic,,False,needs_review,egypt_otc_drug_list_2026.pdf,20,True
Carton box contains 10 ml ophthalmic solution in opaque white,LDPE bottle with LDPE nozzle and HDPE cap with insert leaflet,capsule,,Oral,,solid_oral,,False,false,egypt_otc_drug_list_2026.pdf,20,True
Carton box containing transparent (LDPE) plastic bottle filled with,15 ml solution closed with sterile opaque white (HDPE) plastic,15_ml_solution_closed_with_sterile_opaque_white_hdpe_plastic,,Topical,,other,,False,false,egypt_otc_drug_list_2026.pdf,20,True
50 mg/ml,Carton Box containing white (LDPE ) Plastic bottle containing 15 ml,carton_box_containing_white_ldpe_plastic_bottle_containing,15 ml,Topical,,other,,False,false,egypt_otc_drug_list_2026.pdf,20,True
0.25 mg / 1 ml,"Relieve redness of the eyes due to minor irritations such as: environmental allergies, dryness and fatigue for adults ≥ 18",relieve_redness_of_the_eyes_due_to_minor_irritations_such_as,"environmental allergies, dryness and fatigue for adults ≥ 18",Topical,,ophthalmic,,False,needs_review,egypt_otc_drug_list_2026.pdf,20,True
Antazoline Hydrochloride /Tetryzo Ophthalmic solution,0.5 mg / 0.4 mg / 1 ml,0_5_mg_0_4_mg_1_ml,,Topical,,other,,False,false,egypt_otc_drug_list_2026.pdf,20,True
Cartoon box contains white low density polyethylene plastic bottle,with LDPE plastic dropper containing 10 ml solution covered with,with_ldpe_plastic_dropper_containing,10 ml solution covered with,Topical,,other,,False,false,egypt_otc_drug_list_2026.pdf,20,True
Tetrahydrozoline Hydrochloride  /POphthalmic Solution,0.5 mg /5 mg/6 mg / 1 ml,0_5_mg_5_mg_6_mg_1_ml,,Topical,,other,,False,false,egypt_otc_drug_list_2026.pdf,20,True
Carton box containing 15 ml ophthalmic solution in white opaque,LDPE plastic dropper bottle with white opaque LDPE dropper tip,ldpe_plastic_dropper_bottle_with_white_opaque_ldpe_dropper_tip,,Topical,,other,,False,false,egypt_otc_drug_list_2026.pdf,20,True
1.5 mg,Short term treatment of jet - lag (not more than 5 days) in: adults ≥ 18 years,short_term_treatment_of_jet_lag_not_more_than_5_days_in,adults ≥ 18 years,Topical,,other,,False,false,egypt_otc_drug_list_2026.pdf,20,True
Short term treatment of jet - lag (not more than 5 days) in,"adults ≥ 18 years: Carton box contains 10 ,20 or 30 Oro-dispersible films ,each is",adults_18_years,"Carton box contains 10 ,20 or 30 Oro-dispersible films ,each is",Topical,,otic,,False,needs_review,egypt_otc_drug_list_2026.pdf,20,True
As in insert leaflet in adults (Not for under 16 years of age),"Carton box contains 10 or 20 or 30 oral dispersible films , each film",orodispersible_tablet,,Oral,,solid_oral,,False,false,egypt_otc_drug_list_2026.pdf,21,True
Topical cream,5 mg/ 1 g,5_mg_1_g,,Topical,,other,,False,false,egypt_otc_drug_list_2026.pdf,21,True
Carton box containing printed sealed collapsible aluminium tube of,40 gm cream closed with HDPE cap with insert leaflet,capsule,,Oral,,solid_oral,,False,false,egypt_otc_drug_list_2026.pdf,21,True
Topical  Shampoo,20 mg / 1 gm,20_mg_1_gm,,Topical,,other,,False,false,egypt_otc_drug_list_2026.pdf,21,True
2 gm /100 gm,Prevention and treatment of dandruff in adults and: adolescents aged over 12 years,prevention_and_treatment_of_dandruff_in_adults_and,adolescents aged over 12 years,Topical,,other,,False,false,egypt_otc_drug_list_2026.pdf,21,True
10 mg /1 gm,As in Insert Leaflet  in adults and Children ≥ 12 years of age: Carton box containing Al tube containing 15 gm topical cream with,as_in_insert_leaflet_in_adults_and_children_12_years_of_age,Carton box containing Al tube containing 15 gm topical cream with,Topical,,otic,,False,needs_review,egypt_otc_drug_list_2026.pdf,21,True
1 gm / 100 ml,As in insert leaflet in adults and children ≥ 16 years of age,as_in_insert_leaflet_in_adults_and_children_16_years_of_age,,Topical,,otic,,False,needs_review,egypt_otc_drug_list_2026.pdf,21,True
Terbinafine Hydrochloride,Topical Cream,cream,,Topical,,other,,False,false,egypt_otc_drug_list_2026.pdf,21,True
Terbinafine 8.888 mg / 1,gm,gm,,Topical,,other,,False,false,egypt_otc_drug_list_2026.pdf,21,True
1 g (equivalent to,Terbinafine base 0.888 gm: )/ 100 g,terbinafine_base_0_888_gm,)/ 100 g,Topical,,other,,False,false,egypt_otc_drug_list_2026.pdf,21,True
As in insert leaflet in adults ≥ 18 years of age,Carton box containing amber glass (type III) bottle of 30 ml solution,carton_box_containing_amber_glass_type_iii_bottle_of,30 ml solution,Topical,,other,,False,false,egypt_otc_drug_list_2026.pdf,21,True
Topical Cream,20 mg / gm,20_mg_gm,,Topical,,other,,False,false,egypt_otc_drug_list_2026.pdf,21,True
Carton box containing aluminum tube containing 20 gm topical,cream with white HPPE plastic cap with insert leaflet,capsule,,Oral,,solid_oral,,False,false,egypt_otc_drug_list_2026.pdf,21,True
20 mg / 1 gm,As in insert leaflet in adults ≥ 18 years of age: Carton box containing printed aluminum tube containing 40 gm,as_in_insert_leaflet_in_adults_18_years_of_age,Carton box containing printed aluminum tube containing 40 gm,Topical,,otic,,False,needs_review,egypt_otc_drug_list_2026.pdf,21,True
Miconazole micronized,Oral gel: 0.02 g / 1 gm,gel,0.02 g / 1 gm,Topical,,other,,False,false,egypt_otc_drug_list_2026.pdf,21,True
Carton box contains printed aluminum tube containing 20 g gel,with white  (HDPE) cap + Poly propylene transparent 5 ml spoon,capsule,5 ml spoon,Oral,,solid_oral,,False,false,egypt_otc_drug_list_2026.pdf,21,True
Topical solution,0.01 gm / 1 ml,0_01_gm_1_ml,,Topical,,other,,False,false,egypt_otc_drug_list_2026.pdf,21,True
Carton box contains amber glass bottle (type III) contain 40 ml or 50,ml solution capped with white polypropylene sprayer with LDPE,capsule,,Oral,,solid_oral,,False,false,egypt_otc_drug_list_2026.pdf,21,True
Topical Cream,1 gm / 100 gm,1_gm_100_gm,,Topical,,other,,False,false,egypt_otc_drug_list_2026.pdf,21,True
Carton box containing aluminum tube of 12 gm or 14 gm with,plastic cap and an inner leaflet,capsule,,Oral,,solid_oral,,False,false,egypt_otc_drug_list_2026.pdf,21,True
Clotrimazole,Topical Solution: 1 gm / 100 ml,topical_solution,1 gm / 100 ml,Topical,,other,,False,false,egypt_otc_drug_list_2026.pdf,22,True
0.25 gm / 5 ml,For the treatment of alopecia androgenetica in men aged 18 -: 65 years of age,for_the_treatment_of_alopecia_androgenetica_in_men_aged_18,65 years of age,Topical,,other,,False,false,egypt_otc_drug_list_2026.pdf,22,True
20 mg / 1 ml,Treatment of common hereditary hair loss in men and women aged: 18 - 65 years,treatment_of_common_hereditary_hair_loss_in_men_and_women_aged,18 - 65 years,Topical,,other,,False,false,egypt_otc_drug_list_2026.pdf,22,True
50 mg / 1 gm,Treatment of common hereditary hair loss in men aged 18 - 49,treatment_of_common_hereditary_hair_loss_in_men_aged_18_49,,Topical,,other,,False,false,egypt_otc_drug_list_2026.pdf,22,True
20 mg / 1 ml,Treatment of alopecia androgenetica in men and women aged: between 18 and 65 years of age,treatment_of_alopecia_androgenetica_in_men_and_women_aged,between 18 and 65 years of age,Topical,,other,,False,false,egypt_otc_drug_list_2026.pdf,22,True
Topical Solution,5 gm /100 ml: Treatment of alopecia androgenetica in men aged 18 - 65 years Carton box contains one high density polyethylene (HDPE) bottle,5_gm_100_ml,Treatment of alopecia androgenetica in men aged 18 - 65 years Carton box contains one high density polyethylene (HDPE) bottle,Topical,,other,,False,false,egypt_otc_drug_list_2026.pdf,22,True
50 mg / 1 gm,"Treatment of dry, rough or scaly skin",treatment_of_dry_rough_or_scaly_skin,,Topical,,other,,False,false,egypt_otc_drug_list_2026.pdf,22,True
Allantoin /Heparin Sodium/Cepae Topical Gel,1 gm /5000 I.U /10 gm: As in insert leaflet in adults and children over1 year or older,1_gm_5000_i_u_10_gm,As in insert leaflet in adults and children over1 year or older,Topical,,other,,False,false,egypt_otc_drug_list_2026.pdf,22,True
0.25g/100g,Burns : First degree ;  sore nipples,burns,First degree ;  sore nipples,Topical,,other,,False,false,egypt_otc_drug_list_2026.pdf,22,True
Radix Scutellariae powder /Cortex Topical Ointment,1.5 gm/1.5 gm/1 gm /80: gm/9 gm /100 gm,1_5_gm_1_5_gm_1_gm_80,gm/9 gm /100 gm,Topical,,other,,False,false,egypt_otc_drug_list_2026.pdf,22,True
"Carton box contains aluminum tube containing 15 gm,30 gm topical",ointment internally lacquered with epoxy resins sealed with an,ointment,,Topical,,other,,False,false,egypt_otc_drug_list_2026.pdf,22,True
As in insert leaflet in patients ≥ 12 years of age,Carton box containing collapsible Aluminum tube of 30gm cream,carton_box_containing_collapsible_aluminum_tube_of,30gm cream,Topical,,other,,False,false,egypt_otc_drug_list_2026.pdf,22,True
0.1 gm / 100 g,As in insert leaflet in patients ≥ 12 years of age,as_in_insert_leaflet_in_patients_12_years_of_age,,Topical,,otic,,False,needs_review,egypt_otc_drug_list_2026.pdf,22,True
1 mg / 1 gm,As in insert leaflet in patients ≥ 12 years of age: Carton box contains an aluminum tube containing 30 g topical gel,as_in_insert_leaflet_in_patients_12_years_of_age,Carton box contains an aluminum tube containing 30 g topical gel,Topical,,otic,,False,needs_review,egypt_otc_drug_list_2026.pdf,23,True
0.75 mg,"As in insert leaflet in adults ≥ 18 years of age: Carton box containing 1 , 2 or 3 (Al / Transparent PVC ) blisters",as_in_insert_leaflet_in_adults_18_years_of_age,"Carton box containing 1 , 2 or 3 (Al / Transparent PVC ) blisters",Topical,,otic,,False,needs_review,egypt_otc_drug_list_2026.pdf,23,True
1.5 mg,As in insert leaflet in adults ≥ 18 years of age: Carton box contains one (Al / colorless transparent PVC) strip of 1,as_in_insert_leaflet_in_adults_18_years_of_age,Carton box contains one (Al / colorless transparent PVC) strip of 1,Topical,,otic,,False,needs_review,egypt_otc_drug_list_2026.pdf,23,True
Levonorgestrel (D90≤ 10µm),Tablets: 1.5 mg,tablet,1.5 mg,Oral,,solid_oral,,False,false,egypt_otc_drug_list_2026.pdf,23,True
100 mg / 2 gm,"As in insert leaflet in adult females only: Carton box containing 1 , 2 or 3 opaque white PVC strips each of 6",as_in_insert_leaflet_in_adult_females_only,"Carton box containing 1 , 2 or 3 opaque white PVC strips each of 6",Topical,,other,,False,false,egypt_otc_drug_list_2026.pdf,23,True
Sachet/ Effervescent,granules: 1 gm/sachet,granules,1 gm/sachet,Topical,,solid_oral,,False,false,egypt_otc_drug_list_2026.pdf,23,True
Supplemental administration in the following circumstances:,Bleeding gums in case of vitamin C deficiency,bleeding_gums_in_case_of_vitamin_c_deficiency,,Topical,,other,,False,false,egypt_otc_drug_list_2026.pdf,23,True
Soft gelatin capsule,0.5 mg: As in insert leaflet in adults and adolescents over 12 years of,0_5_mg,As in insert leaflet in adults and adolescents over 12 years of,Topical,,other,,False,false,egypt_otc_drug_list_2026.pdf,23,True
Multivitamin Preparation for prevention of combined vitamin,deficiencies: Carton box containing a glass bottle of 60 ml syrup and an inner,deficiencies,Carton box containing a glass bottle of 60 ml syrup and an inner,Topical,,other,,False,false,egypt_otc_drug_list_2026.pdf,23,True
Therapeutic Adjunct where the intake of vitamins and minerals,"is suboptimal: Carton box conatins 1,2 or 3 (Al/opaque white PVC) strips each of",is_suboptimal,"Carton box conatins 1,2 or 3 (Al/opaque white PVC) strips each of",Topical,,other,,False,false,egypt_otc_drug_list_2026.pdf,23,True
As nutritional adjunct where the intake of vitamins and,minerals is suboptimal in ages ≥ 6 months: Carton box containing amber glass ( type III ) bottle of 100 ml syrup,minerals_is_suboptimal_in_ages_6_months,Carton box containing amber glass ( type III ) bottle of 100 ml syrup,Topical,,other,,False,false,egypt_otc_drug_list_2026.pdf,23,True
As nutritional adjunct where the intake of vitamins and,"minerals is suboptimal in adults: Carton box contains 1 or 2 ( Al / PVC ) strips , each of 7 soft gelatin",minerals_is_suboptimal_in_adults,"Carton box contains 1 or 2 ( Al / PVC ) strips , each of 7 soft gelatin",Topical,,other,,False,false,egypt_otc_drug_list_2026.pdf,23,True
Multivitamins,Film Coated Tablet,tablet,,Oral,,solid_oral,,False,false,egypt_otc_drug_list_2026.pdf,24,True
As in insert leaflet in adults ≥ 18 years of age,"Carton box containing 1 , 2 or 3 (Al/PVC) strips ,each of 10 soft",carton_box_containing_1_2_or_3_al_pvc_strips_each_of_10_soft,,Topical,,other,,False,false,egypt_otc_drug_list_2026.pdf,24,True
Thiamine HCl (B1 ) / Riboflavin PhoSoft gelatin capsules,250 mg/15 mg/100: mg/250 mg /5000 I.U /100,250_mg_15_mg_100,mg/250 mg /5000 I.U /100,Topical,,other,,False,false,egypt_otc_drug_list_2026.pdf,24,True
Benfotiamine  /Pyridoxine /Cyanoc Film Coated Tablets,40 mg /60 mg / 0.25 mg,40_mg_60_mg_0_25_mg,,Topical,,other,,False,false,egypt_otc_drug_list_2026.pdf,24,True
"Carton box containing 1 , 2 , 3 , 8 , 50 , 100 ( AL / PVC ) strips , each",of 10 tablets and an inner leaflet,tablet,,Oral,,solid_oral,,False,false,egypt_otc_drug_list_2026.pdf,24,True
Benfotiamine /Cyanocobalamin /P Film Coated Tablets,300 mg /0.25 mg /100 mg,300_mg_0_25_mg_100_mg,,Topical,,other,,False,false,egypt_otc_drug_list_2026.pdf,24,True
"Carton box contains 1 , 2 or 3 opaque ( AL / PVC / PVDC ) blisters ;",each contains 10 tablets with insert leaflet,tablet,,Oral,,solid_oral,,False,false,egypt_otc_drug_list_2026.pdf,24,True
Vitamin B1  /Vitamin B6  /Vitamin Lactab,"200 mg /50 mg /1000 mcg As in insert leaflet: Carton box containing 2 ( PVDC white opaque / Al foil ) strips , each",200_mg_50_mg_1000_mcg_as_in_insert_leaflet,"Carton box containing 2 ( PVDC white opaque / Al foil ) strips , each",Topical,,other,,False,false,egypt_otc_drug_list_2026.pdf,24,True
"Vitamin B1, Thiamine /Vitamin B12250 mg /250 mcg/100",mg: 250 mg /250 mcg/100 mg,mg,250 mg /250 mcg/100 mg,Topical,,other,,False,false,egypt_otc_drug_list_2026.pdf,24,True
Thiamine Hydrochloride (Vit. B1) /PHard Gelatin Capsules,50 mg/50 mg/1000 mcg: As in insert leaflet in adult and patients over 14 years of age,50_mg_50_mg_1000_mcg,As in insert leaflet in adult and patients over 14 years of age,Topical,,other,,False,false,egypt_otc_drug_list_2026.pdf,24,True
Benfotiamine /Pyridoxin HydrochloFilm Coated Tablets,300 mg/100 mg/0.25 mg,300_mg_100_mg_0_25_mg,,Topical,,other,,False,false,egypt_otc_drug_list_2026.pdf,24,True
"Carton box containing 1 , 2 or 3 (OPA / Alu / PVC) with aluminum","lidding foil strips,( Alu/Alu strips), each of 10 film coated tablets",tablet,,Oral,,solid_oral,,False,false,egypt_otc_drug_list_2026.pdf,24,True
"In case of inadequate nutrition, elderly people & vegetarians",Carton box containing ( HDPE ) plastic bottle with ( LDPE ) plastic: screw cap and Al induction seal containing 30 or 60 sublingual,carton_box_containing_hdpe_plastic_bottle_with_ldpe_plastic,screw cap and Al induction seal containing 30 or 60 sublingual,Topical,,other,,False,false,egypt_otc_drug_list_2026.pdf,24,True
Methylcobalamin,Oral dissolvable film,oral_dissolvable_film,,Oral,,other,,False,false,egypt_otc_drug_list_2026.pdf,24,True
In case of inadequate nutrition as in elderly people &,"vegetarians: A carton box containing 10, 20 & 30 oral dissolvable films (each oral",vegetarians,"A carton box containing 10, 20 & 30 oral dissolvable films (each oral",Topical,,other,,False,false,egypt_otc_drug_list_2026.pdf,24,True
Vitamin D3 (Cholecalciferol),Oral drops: 2800 I.U. /1 ml,oral_drops,2800 I.U. /1 ml,Oral,,oral_liquid,,False,needs_review,egypt_otc_drug_list_2026.pdf,24,True
15.75 mg Delivered 10 mg,Nicotine / 16 hr: As in insert leaflet in adults ≥ 18 years of age,nicotine_16_hr,As in insert leaflet in adults ≥ 18 years of age,Topical,,other,,False,false,egypt_otc_drug_list_2026.pdf,24,True
1 mg / Spray,As in insert leaflet in adults ≥ 18 years of age: PET bottle containing 13.2 ml of solution .one bottle contains 150,as_in_insert_leaflet_in_adults_18_years_of_age,PET bottle containing 13.2 ml of solution .one bottle contains 150,Topical,,otic,,False,needs_review,egypt_otc_drug_list_2026.pdf,25,True
2 mg (as nicotine resinate,10 mg ): As in insert leaflet in adults ≥ 18 years,10_mg,As in insert leaflet in adults ≥ 18 years,Topical,,other,,False,false,egypt_otc_drug_list_2026.pdf,25,True
4 mg (as nicotine resinate,20 mg ): As in insert leaflet in adults ≥ 18 years,20_mg,As in insert leaflet in adults ≥ 18 years,Topical,,other,,False,false,egypt_otc_drug_list_2026.pdf,25,True
23.62 mg Delivered 15 mg,nicotine / 16 hr: As in insert leaflet in adults ≥ 18 years of age,nicotine_16_hr,As in insert leaflet in adults ≥ 18 years of age,Topical,,other,,False,false,egypt_otc_drug_list_2026.pdf,25,True
Transdermal Patch,39.37 mg  Delivered 25: mg nicotine / 16 hr,39_37_mg_delivered_25,mg nicotine / 16 hr,Topical,,other,,False,false,egypt_otc_drug_list_2026.pdf,25,True
Coated Tablets,(Corresponding to the: activity of Trypsin 5 mg +,corresponding_to_the,activity of Trypsin 5 mg +,Topical,,other,,False,false,egypt_otc_drug_list_2026.pdf,25,True
Trypsin / Chymotrypsin Mix           Enteric Coated Tablets,12 mg  (as,12_mg_as,,Topical,,other,,False,false,egypt_otc_drug_list_2026.pdf,25,True
100 mg ( as 3000 CEIP unit) Adjuvant Treatment and prophylaxis of edema in adults ≥ 18,years in otorhinolaryngology situations:,years_in_otorhinolaryngology_situations,,Topical,,otic,,False,needs_review,egypt_otc_drug_list_2026.pdf,25,True
20000 CEIP unit / 100 ml,Adjuvant Treatment and prophylaxis of edema in adults ≥ 18,adjuvant_treatment_and_prophylaxis_of_edema_in_adults_18,,Topical,,other,,False,false,egypt_otc_drug_list_2026.pdf,25,True
"Centaury aerial parts , pulverized   Coated Tablets",36 mg / 36 mg / 36 mg: As in insert leaflet in adults and adolescents from 12 years of,36_mg_36_mg_36_mg,As in insert leaflet in adults and adolescents from 12 years of,Topical,,other,,False,false,egypt_otc_drug_list_2026.pdf,25,True
Chitosan Powder  /Gymnema SylveHard Gelatin Capsules,500 mg /50 mg/100 mg: As in insert leaflet in adults 18 years of age and older,500_mg_50_mg_100_mg,As in insert leaflet in adults 18 years of age and older,Topical,,other,,False,false,egypt_otc_drug_list_2026.pdf,25,True
Native Gymnema Leaves Powder EHard Gelatin Capsules,"100 mg / 175 mg /150 mcg As in insert leaflet in adults ≥ 18 years of age: Carton box containing 1 , 2 , 3 or 6 (Al / Transparent PVC ) strips",100_mg_175_mg_150_mcg_as_in_insert_leaflet_in_adults_18_years_of_age,"Carton box containing 1 , 2 , 3 or 6 (Al / Transparent PVC ) strips",Topical,,otic,,False,needs_review,egypt_otc_drug_list_2026.pdf,25,True
Green Tea Leaves Powder Extract,/Garcinia Cambogia Fruit Powder,powder,,Topical,,solid_oral,,False,false,egypt_otc_drug_list_2026.pdf,25,True
200 mg/150 mg/50,mg/80.45mcg: As in insert leaflet in adults ≥ 18 years of age,mg_80_45mcg,As in insert leaflet in adults ≥ 18 years of age,Topical,,other,,False,false,egypt_otc_drug_list_2026.pdf,25,True
Carton box contains 1 or 3 (Al / transparent colorless PVC ) strips of,10 hard gelatin capsules with insert leaflet,capsule,,Oral,,solid_oral,,False,false,egypt_otc_drug_list_2026.pdf,25,True
Hard Gelatin Capsules,containing pellets,containing_pellets,,Topical,,other,,False,false,egypt_otc_drug_list_2026.pdf,26,True
"Carton box contains 1,2,3 (Al/colorless transparent PVC/PVDC)",strips each of 10 hard gelatin capsules containing pellets with insert,capsule,,Oral,,solid_oral,,False,false,egypt_otc_drug_list_2026.pdf,26,True
As in Insert leaflet in adults ≥ 18 years of age,"Carton box containing 1 ,2 , 3 , 4 , 5 or 6 (AL / AL ) strips ,each of 10",carton_box_containing_1_2_3_4_5_or_6_al_al_strips_each_of_10,,Topical,,other,,False,false,egypt_otc_drug_list_2026.pdf,26,True
Carton box contains one or three (Al / Transparent colorless PVC),strip of 10 hard gelatin capsules with insert leaflet,capsule,,Oral,,solid_oral,,False,false,egypt_otc_drug_list_2026.pdf,26,True
As in insert leaflet in adults ≥ 18 years of age,"Carton box containing 3 or 6 (Al / transparent PVC / PVDC) strips ,: each of 10 film coated tablets + inner leaflet",carton_box_containing_3_or_6_al_transparent_pvc_pvdc_strips,each of 10 film coated tablets + inner leaflet,Topical,,other,,False,false,egypt_otc_drug_list_2026.pdf,26,True
Vitex Agnus Castus L. dried extract Hard Gelatin Capsule,20 mg: As in insert leaflet in adults ≥ 18 years of age,20_mg,As in insert leaflet in adults ≥ 18 years of age,Topical,,other,,False,false,egypt_otc_drug_list_2026.pdf,26,True
Dry extract of Cimcifuga racemosa Film Coated Tablets,2.8 mg,2_8_mg,,Topical,,other,,False,false,egypt_otc_drug_list_2026.pdf,26,True
Herbal medicinal product for the relief of menopausal,complaints such as hot flushes and profuse sweating in adult,complaints_such_as_hot_flushes_and_profuse_sweating_in_adult,,Topical,,other,,False,false,egypt_otc_drug_list_2026.pdf,26,True
Refined evening primrose oil          Soft Gelatin Capsules,1000 mg: As in insert leaflet in adults and children ≥ 12 years of age,1000_mg,As in insert leaflet in adults and children ≥ 12 years of age,Topical,,other,,False,false,egypt_otc_drug_list_2026.pdf,26,True
Refined evening primrose seeds oi Soft Gelatin Capsules,400 mg / 250 mg,400_mg_250_mg,,Topical,,other,,False,false,egypt_otc_drug_list_2026.pdf,26,True
"Carton box contains 1 ,2 or 3 (Al/transparent PVDC) strips each",contains 10 soft gelatin capsule with insert leaflet,soft_capsule,,Oral,,solid_oral,,False,false,egypt_otc_drug_list_2026.pdf,26,True
Angelica gigas root extract powder Hard Gelatin Capsules,90 mg / 83.5 mg/83.5 mg,90_mg_83_5_mg_83_5_mg,,Topical,,other,,False,false,egypt_otc_drug_list_2026.pdf,26,True
"Carton box containing 3 (Al/Transparent PVC / PVDC) strips, each of",10 capsules kept in alum.  foil sealed bag + an insert,capsule,,Oral,,solid_oral,,False,false,egypt_otc_drug_list_2026.pdf,26,True
Ruscus Aculeatus extract / TrimethHard gelatin capsule,150 mg/150 mg/100 mg,150_mg_150_mg_100_mg,,Topical,,other,,False,false,egypt_otc_drug_list_2026.pdf,26,True
Diosmin 90%,Film Coated Tablets: (450 mg),tablet,(450 mg),Oral,,solid_oral,,False,false,egypt_otc_drug_list_2026.pdf,26,True
Diosmin 90%,Film Coated Tablets: (900 mg),tablet,(900 mg),Oral,,solid_oral,,False,false,egypt_otc_drug_list_2026.pdf,26,True
"Dried garlic powder, bulbs of AlliumEnteric Coated Tablets",200 mg,200_mg,,Topical,,other,,False,false,egypt_otc_drug_list_2026.pdf,26,True
"Dried garlic powder, bulbs of AlliumEnteric Coated Tablets",300 mg,300_mg,,Topical,,other,,False,false,egypt_otc_drug_list_2026.pdf,27,True
As in insert leaflet in adults over 18 years of age,"Carton box contains 1,2 or 3 (Al/transparent PVC) strips each of 10",carton_box_contains_1_2_or_3_al_transparent_pvc_strips_each_of_10,,Topical,,other,,False,false,egypt_otc_drug_list_2026.pdf,27,True
